适用于 .NET Framework MSBuild 版本 17.14.40+3e7442088

  Checking File Globs
  1>Checking Build System
  Building Custom Rule D:/github/ink/src/third_party/llvm/llvm/lib/Support/BLAKE3/CMakeLists.txt
  Building Custom Rule D:/github/ink/src/third_party/llvm/llvm/lib/Demangle/CMakeLists.txt
  Building Custom Rule D:/github/ink/src/third_party/googletest/googlemock/CMakeLists.txt
  Assembling D:\github\ink\src\third_party\llvm\llvm\lib\Support\BLAKE3\blake3_sse2_x86-64_windows_msvc.asm...
  Building Custom Rule D:/github/ink/src/third_party/utf8proc/CMakeLists.txt
  Building Custom Rule D:/github/ink/src/third_party/googletest/googletest/CMakeLists.txt
  Building Custom Rule D:/github/ink/src/third_party/spdlog/CMakeLists.txt
MASM : warning A4018: invalid command-line option : /MP [D:\github\ink\build\third_party\llvm\lib\Support\BLAKE3\LLVMSupportBlake3.vcxproj]
  Assembling D:\github\ink\src\third_party\llvm\llvm\lib\Support\BLAKE3\blake3_sse41_x86-64_windows_msvc.asm...
MASM : warning A4018: invalid command-line option : /MP [D:\github\ink\build\third_party\llvm\lib\Support\BLAKE3\LLVMSupportBlake3.vcxproj]
  Assembling D:\github\ink\src\third_party\llvm\llvm\lib\Support\BLAKE3\blake3_avx2_x86-64_windows_msvc.asm...
MASM : warning A4018: invalid command-line option : /MP [D:\github\ink\build\third_party\llvm\lib\Support\BLAKE3\LLVMSupportBlake3.vcxproj]
  Assembling D:\github\ink\src\third_party\llvm\llvm\lib\Support\BLAKE3\blake3_avx512_x86-64_windows_msvc.asm...
MASM : warning A4018: invalid command-line option : /MP [D:\github\ink\build\third_party\llvm\lib\Support\BLAKE3\LLVMSupportBlake3.vcxproj]
cl : 命令行  warning D9025: 正在重写“/EHs”(用“/EHs-”) [D:\github\ink\build\third_party\spdlog\spdlog.vcxproj]
cl : 命令行  warning D9025: 正在重写“/EHc”(用“/EHc-”) [D:\github\ink\build\third_party\spdlog\spdlog.vcxproj]
  spdlog.cpp
  utf8proc.c
  gtest-all.cc
  gtest-all.cc
  blake3.c
  blake3_dispatch.c
  blake3_portable.c
  blake3_neon.c
  Demangle.cpp
  ItaniumDemangle.cpp
  MicrosoftDemangle.cpp
  MicrosoftDemangleNodes.cpp
  RustDemangle.cpp
  DLangDemangle.cpp
  utf8proc.vcxproj -> D:\github\ink\build\third_party\utf8proc\Release\utf8proc_static.lib
  Building Custom Rule D:/github/ink/src/lib/abi/CMakeLists.txt
cl : 命令行  warning D9025: 正在重写“/EHs”(用“/EHs-”) [D:\github\ink\build\src\lib\abi\ink_abi.vcxproj]
cl : 命令行  warning D9025: 正在重写“/EHc”(用“/EHc-”) [D:\github\ink\build\src\lib\abi\ink_abi.vcxproj]
  codec.cpp
  stdout_sinks.cpp
  LLVMDemangle.vcxproj -> D:\github\ink\build\third_party\llvm\Release\lib\LLVMDemangle.lib
  gmock-all.cc
  LLVMSupportBlake3.vcxproj -> D:\github\ink\build\third_party\llvm\lib\Support\BLAKE3\LLVMSupportBlake3.dir\Release\LLVMSupportBlake3.lib
  Building Custom Rule D:/github/ink/src/third_party/llvm/llvm/lib/Support/CMakeLists.txt
  color_sinks.cpp
  ink_abi.vcxproj -> D:\github\ink\build\src\lib\abi\Release\ink_abi.lib
  ABIBreak.cpp
  AMDGPUMetadata.cpp
  APFixedPoint.cpp
  APFloat.cpp
  APInt.cpp
  APSInt.cpp
  ARMBuildAttributes.cpp
  AArch64AttributeParser.cpp
  AArch64BuildAttributes.cpp
  ARMAttributeParser.cpp
  ARMWinEH.cpp
  AllocToken.cpp
  Allocator.cpp
  AutoConvert.cpp
  Base64.cpp
  BalancedPartitioning.cpp
  BinaryStreamError.cpp
  BinaryStreamReader.cpp
  BinaryStreamRef.cpp
  BinaryStreamWriter.cpp
  BlockFrequency.cpp
  BranchProbability.cpp
  BuryPointer.cpp
  CachePruning.cpp
  Caching.cpp
  circular_raw_ostream.cpp
  Chrono.cpp
  COM.cpp
  CodeGenCoverage.cpp
  CommandLine.cpp
  Compression.cpp
  CRC.cpp
  ConvertUTF.cpp
  ConvertEBCDIC.cpp
  ConvertUTFWrapper.cpp
  CrashRecoveryContext.cpp
  file_sinks.cpp
  CSKYAttributes.cpp
  CSKYAttributeParser.cpp
  DataExtractor.cpp
  Debug.cpp
  DebugCounter.cpp
  DeltaAlgorithm.cpp
  DeltaTree.cpp
  DivisionByConstantInfo.cpp
  DAGDeltaAlgorithm.cpp
  DJB.cpp
  DXILABI.cpp
  正在生成代码...
  DynamicAPInt.cpp
  ELFAttributes.cpp
  ELFAttrParserCompact.cpp
  ELFAttrParserExtended.cpp
  Error.cpp
  ErrorHandling.cpp
  ExponentialBackoff.cpp
  ExtensibleRTTI.cpp
D:\github\ink\src\third_party\llvm\llvm\include\llvm\Support\Jobserver.h(1,1): warning C4819: 该文件包含不能在当前代码页(936)中表示的字符。请将该文件保存为 Unicode 格式以防止数据丢失 [D:\github\ink\build\third_party\llvm\lib\Support\LLVMSupport.vcxproj]
  (编译源文件“../../../../../src/third_party/llvm/llvm/lib/Support/BalancedPartitioning.cpp”)
  
D:\github\ink\src\third_party\llvm\llvm\lib\Support\ELFAttrParserExtended.cpp(1,1): warning C4819: 该文件包含不能在当前代码页(936)中表示的字符。请将该文件保存为 Unicode 格式以防止数据丢失 [D:\github\ink\build\third_party\llvm\lib\Support\LLVMSupport.vcxproj]
  FileCollector.cpp
  FileUtilities.cpp
  FileOutputBuffer.cpp
  FloatingPointMode.cpp
  FoldingSet.cpp
  async.cpp
  FormattedStream.cpp
  FormatVariadic.cpp
  GlobPattern.cpp
  GraphWriter.cpp
  Hash.cpp
  HexagonAttributeParser.cpp
  HexagonAttributes.cpp
  InitLLVM.cpp
  InstructionCost.cpp
  IntEqClasses.cpp
  IntervalMap.cpp
  Jobserver.cpp
D:\github\ink\src\third_party\llvm\llvm\include\llvm\Support\Jobserver.h(1,1): warning C4819: 该文件包含不能在当前代码页(936)中表示的字符。请将该文件保存为 Unicode 格式以防止数据丢失 [D:\github\ink\build\third_party\llvm\lib\Support\LLVMSupport.vcxproj]
  (编译源文件“../../../../../src/third_party/llvm/llvm/lib/Support/Jobserver.cpp”)
  
  JSON.cpp
  KnownBits.cpp
  KnownFPClass.cpp
  LEB128.cpp
  LineIterator.cpp
  Locale.cpp
  LockFileManager.cpp
  ManagedStatic.cpp
  MathExtras.cpp
  MemAlloc.cpp
  MemoryBuffer.cpp
  MemoryBufferRef.cpp
  ModRef.cpp
  MD5.cpp
  MSP430Attributes.cpp
  MSP430AttributeParser.cpp
  Mustache.cpp
  cfg.cpp
  NativeFormatting.cpp
  OptimizedStructLayout.cpp
  Optional.cpp
  OptionStrCmp.cpp
  PGOOptions.cpp
  Parallel.cpp
  PluginLoader.cpp
  PrettyStackTrace.cpp
  RandomNumberGenerator.cpp
  IntegerInclusiveInterval.cpp
  Regex.cpp
  RewriteBuffer.cpp
  gtest.vcxproj -> D:\github\ink\build\lib\Release\gtest.lib
  RewriteRope.cpp
  RISCVAttributes.cpp
  RISCVAttributeParser.cpp
  RISCVISAUtils.cpp
  ScaledNumber.cpp
  ScopedPrinter.cpp
  SHA1.cpp
  SHA256.cpp
  Signposts.cpp
  SipHash.cpp
  SlowDynamicAPInt.cpp
  SmallPtrSet.cpp
  SmallVector.cpp
  SourceMgr.cpp
  SpecialCaseList.cpp
  Statistic.cpp
D:\github\ink\src\third_party\llvm\llvm\include\llvm\Support\Jobserver.h(1,1): warning C4819: 该文件包含不能在当前代码页(936)中表示的字符。请将该文件保存为 Unicode 格式以防止数据丢失 [D:\github\ink\build\third_party\llvm\lib\Support\LLVMSupport.vcxproj]
  (编译源文件“../../../../../src/third_party/llvm/llvm/lib/Support/Parallel.cpp”)
  
  StringExtras.cpp
  StringMap.cpp
  StringSaver.cpp
  StringRef.cpp
  SuffixTreeNode.cpp
  SuffixTree.cpp
  SystemUtils.cpp
  TarWriter.cpp
  TextEncoding.cpp
  bundled_fmtlib_format.cpp
  ThreadPool.cpp
  TimeProfiler.cpp
  Timer.cpp
  ToolOutputFile.cpp
  TrieRawHashMap.cpp
  Twine.cpp
  Unicode.cpp
  UnicodeCaseFold.cpp
  UnicodeNameToCodepoint.cpp
  UnicodeNameToCodepointGenerated.cpp
  VersionTuple.cpp
  VirtualFileSystem.cpp
  VirtualOutputBackend.cpp
  VirtualOutputBackends.cpp
  gmock.vcxproj -> D:\github\ink\build\lib\Release\gmock.lib
  VirtualOutputConfig.cpp
  VirtualOutputError.cpp
  VirtualOutputFile.cpp
  WithColor.cpp
  YAMLParser.cpp
  YAMLTraits.cpp
  raw_os_ostream.cpp
  raw_ostream.cpp
  raw_ostream_proxy.cpp
  raw_socket_stream.cpp
  xxhash.cpp
  Z3Solver.cpp
  Atomic.cpp
  DynamicLibrary.cpp
  Errno.cpp
  Memory.cpp
  Path.cpp
D:\github\ink\src\third_party\llvm\llvm\include\llvm\Support\Jobserver.h(1,1): warning C4819: 该文件包含不能在当前代码页(936)中表示的字符。请将该文件保存为 Unicode 格式以防止数据丢失 [D:\github\ink\build\third_party\llvm\lib\Support\LLVMSupport.vcxproj]
  (编译源文件“../../../../../src/third_party/llvm/llvm/lib/Support/ThreadPool.cpp”)
  
  Process.cpp
  Program.cpp
  ProgramStack.cpp
  正在生成代码...
  RWMutex.cpp
  Signals.cpp
  Threading.cpp
  Valgrind.cpp
  Watchdog.cpp
  zOSLibFunctions.cpp
D:\github\ink\src\third_party\llvm\llvm\include\llvm\Support\Jobserver.h(1,1): warning C4819: 该文件包含不能在当前代码页(936)中表示的字符。请将该文件保存为 Unicode 格式以防止数据丢失 [D:\github\ink\build\third_party\llvm\lib\Support\LLVMSupport.vcxproj]
  (编译源文件“../../../../../src/third_party/llvm/llvm/lib/Support/Threading.cpp”)
  
  spdlog.vcxproj -> D:\github\ink\build\third_party\spdlog\Release\spdlog.lib
  Building Custom Rule D:/github/ink/src/lib/core/CMakeLists.txt
cl : 命令行  warning D9025: 正在重写“/EHs”(用“/EHs-”) [D:\github\ink\build\src\lib\core\ink_core.vcxproj]
cl : 命令行  warning D9025: 正在重写“/EHc”(用“/EHc-”) [D:\github\ink\build\src\lib\core\ink_core.vcxproj]
  config_manager.cpp
  regcomp.c
  regerror.c
  regexec.c
  regfree.c
  regstrlcpy.c
D:\github\ink\src\lib\core\config_manager.cpp(38,43): warning C4996: 'getenv': This function or variable may be unsafe. Consider using _dupenv_s instead. To disable deprecation, use _CRT_SECURE_NO_WARNINGS. See online help for details. [D:\github\ink\build\src\lib\core\ink_core.vcxproj]
  diagnostic.cpp
  LLVMSupport.vcxproj -> D:\github\ink\build\third_party\llvm\Release\lib\LLVMSupport.lib
  panic.cpp
  source_manager.cpp
  正在生成代码...
  ink_core.vcxproj -> D:\github\ink\build\src\lib\core\Release\ink_core.lib
  Building Custom Rule D:/github/ink/src/lib/tokenizer/CMakeLists.txt
cl : 命令行  warning D9025: 正在重写“/EHs”(用“/EHs-”) [D:\github\ink\build\src\lib\tokenizer\ink_tokenizer.vcxproj]
cl : 命令行  warning D9025: 正在重写“/EHc”(用“/EHc-”) [D:\github\ink\build\src\lib\tokenizer\ink_tokenizer.vcxproj]
  token.cpp
  tokenizer.cpp
  unicode.cpp
  正在生成代码...
  ink_tokenizer.vcxproj -> D:\github\ink\build\src\lib\tokenizer\Release\ink_tokenizer.lib
  Building Custom Rule D:/github/ink/src/lib/parser/CMakeLists.txt
  Building Custom Rule D:/github/ink/src/testcase/CMakeLists.txt
cl : 命令行  warning D9025: 正在重写“/EHs”(用“/EHs-”) [D:\github\ink\build\src\lib\parser\ink_parser.vcxproj]
cl : 命令行  warning D9025: 正在重写“/EHc”(用“/EHc-”) [D:\github\ink\build\src\lib\parser\ink_parser.vcxproj]
  ast_children.cpp
cl : 命令行  warning D9025: 正在重写“/EHs”(用“/EHs-”) [D:\github\ink\build\src\testcase\ink_tokenizer_test_objects.vcxproj]
cl : 命令行  warning D9025: 正在重写“/EHc”(用“/EHc-”) [D:\github\ink\build\src\testcase\ink_tokenizer_test_objects.vcxproj]
  encoding_comments_test.cpp
  ast_context.cpp
  ast_dump.cpp
  escapes_test.cpp
  identifiers_symbols_test.cpp
  ast_serialization.cpp
  literals_test.cpp
  numbers_test.cpp
  source_location_test.cpp
  正在生成代码...
C:\Program Files\Microsoft Visual Studio\2022\Community\VC\Tools\MSVC\14.44.35207\include\xmemory(1610,75): warning C4244: “初始化”: 从“const std::_Floating_to_chars_general_precision::_Uint_type”转换到“_Ty”，可能丢失数据 [D:\github\ink\build\src\lib\parser\ink_parser.vcxproj]
C:\Program Files\Microsoft Visual Studio\2022\Community\VC\Tools\MSVC\14.44.35207\include\xmemory(1610,75): warning C4244:         with [D:\github\ink\build\src\lib\parser\ink_parser.vcxproj]
C:\Program Files\Microsoft Visual Studio\2022\Community\VC\Tools\MSVC\14.44.35207\include\xmemory(1610,75): warning C4244:         [ [D:\github\ink\build\src\lib\parser\ink_parser.vcxproj]
C:\Program Files\Microsoft Visual Studio\2022\Community\VC\Tools\MSVC\14.44.35207\include\xmemory(1610,75): warning C4244:             _Ty=char [D:\github\ink\build\src\lib\parser\ink_parser.vcxproj]
C:\Program Files\Microsoft Visual Studio\2022\Community\VC\Tools\MSVC\14.44.35207\include\xmemory(1610,75): warning C4244:         ] [D:\github\ink\build\src\lib\parser\ink_parser.vcxproj]
  (编译源文件“../../../src/lib/parser/ast_serialization.cpp”)
      C:\Program Files\Microsoft Visual Studio\2022\Community\VC\Tools\MSVC\14.44.35207\include\xmemory(1610,75):
      模板实例化上下文(最早的实例化上下文)为
          D:\github\ink\src\lib\parser\ast_serialization.cpp(375,20):
          查看对正在编译的函数 模板 实例化“void llvm::BitstreamWriter::EmitRecord<std::vector<size_t,std::allocator<size_t>>>(unsigned int,const Container &,unsigned int)”的引用
          with
          [
              Container=std::vector<size_t,std::allocator<size_t>>
          ]
          D:\github\ink\src\third_party\llvm\llvm\include\llvm\Bitstream\BitstreamWriter.h(584,5):
          查看对正在编译的函数 模板 实例化“void llvm::BitstreamWriter::EmitRecordWithAbbrevImpl<uint64_t>(unsigned int,llvm::ArrayRef<uint64_t>,llvm::StringRef,std::optional<unsigned int>)”的引用
          D:\github\ink\src\third_party\llvm\llvm\include\llvm\Bitstream\BitstreamWriter.h(531,11):
          查看对正在编译的函数 模板 实例化“void llvm::BitstreamWriter::emitBlob<uint64_t>(llvm::ArrayRef<uint64_t>,bool)”的引用
          D:\github\ink\src\third_party\llvm\llvm\include\llvm\Bitstream\BitstreamWriter.h(557,12):
          查看对正在编译的函数 模板 实例化“void llvm::SmallVectorImpl<char>::append<const unsigned __int64*,void>(ItTy,ItTy)”的引用
          with
          [
              ItTy=const unsigned __int64 *
          ]
          D:\github\ink\src\third_party\llvm\llvm\include\llvm\ADT\SmallVector.h(690,11):
          查看对正在编译的函数 模板 实例化“void llvm::SmallVectorTemplateBase<T,true>::uninitialized_copy<ItTy,char*>(It1,It1,It2)”的引用
          with
          [
              T=char,
              ItTy=const unsigned __int64 *,
              It1=const unsigned __int64 *,
              It2=char *
          ]
          D:\github\ink\src\third_party\llvm\llvm\include\llvm\ADT\SmallVector.h(522,12):
          查看对正在编译的函数 模板 实例化“_NoThrowFwdIt std::uninitialized_copy<It1,It2>(const _InIt,const _InIt,_NoThrowFwdIt)”的引用
          with
          [
              _NoThrowFwdIt=char *,
              It1=const unsigned __int64 *,
              It2=char *,
              _InIt=const unsigned __int64 *
          ]
          C:\Program Files\Microsoft Visual Studio\2022\Community\VC\Tools\MSVC\14.44.35207\include\xmemory(1971,36):
          查看对正在编译的函数 模板 实例化“_NoThrowFwdIt std::_Uninitialized_copy_unchecked<_FwdIt,_NoThrowFwdIt>(_InIt,const _InIt,_NoThrowFwdIt)”的引用
          with
          [
              _NoThrowFwdIt=char *,
              _FwdIt=const std::_Floating_to_chars_general_precision::_Uint_type *,
              _InIt=const std::_Floating_to_chars_general_precision::_Uint_type *
          ]
          C:\Program Files\Microsoft Visual Studio\2022\Community\VC\Tools\MSVC\14.44.35207\include\xmemory(1958,18):
          查看对正在编译的函数 模板 实例化“void std::_Uninitialized_backout<_NoThrowFwdIt>::_Emplace_back_deref<_InIt>(_InIt &)”的引用
          with
          [
              _NoThrowFwdIt=char *,
              _InIt=const std::_Floating_to_chars_general_precision::_Uint_type *
          ]
          C:\Program Files\Microsoft Visual Studio\2022\Community\VC\Tools\MSVC\14.44.35207\include\xmemory(1641,14):
          查看对正在编译的函数 模板 实例化“void std::_Construct_in_place_by_deref<T,_InIt>(_Ty &,_InIt &) noexcept(<expr>)”的引用
          with
          [
              T=char,
              _InIt=const std::_Floating_to_chars_general_precision::_Uint_type *,
              _Ty=char
          ]
  
C:\Program Files\Microsoft Visual Studio\2022\Community\VC\Tools\MSVC\14.44.35207\include\xmemory(1611,57): warning C4244: “初始化”: 从“const std::_Floating_to_chars_general_precision::_Uint_type”转换到“T”，可能丢失数据 [D:\github\ink\build\src\lib\parser\ink_parser.vcxproj]
C:\Program Files\Microsoft Visual Studio\2022\Community\VC\Tools\MSVC\14.44.35207\include\xmemory(1611,57): warning C4244:         with [D:\github\ink\build\src\lib\parser\ink_parser.vcxproj]
C:\Program Files\Microsoft Visual Studio\2022\Community\VC\Tools\MSVC\14.44.35207\include\xmemory(1611,57): warning C4244:         [ [D:\github\ink\build\src\lib\parser\ink_parser.vcxproj]
C:\Program Files\Microsoft Visual Studio\2022\Community\VC\Tools\MSVC\14.44.35207\include\xmemory(1611,57): warning C4244:             T=char [D:\github\ink\build\src\lib\parser\ink_parser.vcxproj]
C:\Program Files\Microsoft Visual Studio\2022\Community\VC\Tools\MSVC\14.44.35207\include\xmemory(1611,57): warning C4244:         ] [D:\github\ink\build\src\lib\parser\ink_parser.vcxproj]
  (编译源文件“../../../src/lib/parser/ast_serialization.cpp”)
      C:\Program Files\Microsoft Visual Studio\2022\Community\VC\Tools\MSVC\14.44.35207\include\xmemory(1611,57):
      模板实例化上下文(最早的实例化上下文)为
          C:\Program Files\Microsoft Visual Studio\2022\Community\VC\Tools\MSVC\14.44.35207\include\xmemory(1958,18):
          查看对正在编译的函数 模板 实例化“void std::_Uninitialized_backout<_NoThrowFwdIt>::_Emplace_back_deref<_InIt>(_InIt &)”的引用
          with
          [
              _NoThrowFwdIt=char *,
              _InIt=const std::_Floating_to_chars_general_precision::_Uint_type *
          ]
          C:\Program Files\Microsoft Visual Studio\2022\Community\VC\Tools\MSVC\14.44.35207\include\xmemory(1641,14):
          查看对正在编译的函数 模板 实例化“void std::_Construct_in_place_by_deref<T,_InIt>(_Ty &,_InIt &) noexcept”的引用
          with
          [
              T=char,
              _InIt=const std::_Floating_to_chars_general_precision::_Uint_type *,
              _Ty=char
          ]
  
  ast_verifier.cpp
  ast_walker.cpp
  ink_tokenizer_test_objects.vcxproj -> D:\github\ink\build\src\testcase\ink_tokenizer_test_objects.dir\Release\ink_tokenizer_test_objects.lib
  parser.cpp
  parser_decl.cpp
  parser_diagnostic_emitter.cpp
  parser_expr.cpp
  parser_pattern.cpp
  parser_recovery.cpp
  parser_stmt.cpp
  parser_transaction.cpp
  parser_type.cpp
  token_cursor.cpp
  正在生成代码...
D:\github\ink\src\third_party\llvm\llvm\include\llvm\Support\Endian.h(98,1): warning C4702: 无法访问的代码 [D:\github\ink\build\src\lib\parser\ink_parser.vcxproj]
D:\github\ink\src\third_party\llvm\llvm\include\llvm\Support\Endian.h(63,1): warning C4702: 无法访问的代码 [D:\github\ink\build\src\lib\parser\ink_parser.vcxproj]
D:\github\ink\src\third_party\llvm\llvm\include\llvm\Support\Endian.h(173,1): warning C4702: 无法访问的代码 [D:\github\ink\build\src\lib\parser\ink_parser.vcxproj]
D:\github\ink\src\third_party\llvm\llvm\include\llvm\Support\Endian.h(208,1): warning C4702: 无法访问的代码 [D:\github\ink\build\src\lib\parser\ink_parser.vcxproj]
  ink_parser.vcxproj -> D:\github\ink\build\src\lib\parser\Release\ink_parser.lib
  Building Custom Rule D:/github/ink/src/lib/ir/CMakeLists.txt
cl : 命令行  warning D9025: 正在重写“/EHs”(用“/EHs-”) [D:\github\ink\build\src\lib\ir\ink_ir.vcxproj]
cl : 命令行  warning D9025: 正在重写“/EHc”(用“/EHc-”) [D:\github\ink\build\src\lib\ir\ink_ir.vcxproj]
  type_layout.cpp
  constant_pool.cpp
  context.cpp
  decl.cpp
  basic_block.cpp
  function.cpp
  function_parameter.cpp
  class_instruction.cpp
  return_instruction.cpp
  store_instruction.cpp
  ir_builder.cpp
  linkage.cpp
  module.cpp
  module_serialization.cpp
  module_serialization_binary.cpp
  module_serialization_text.cpp
D:\github\ink\src\lib\ir\module\module_serialization_text_reader.inc(396,24): warning C4458: “Types”的声明隐藏了类成员 [D:\github\ink\build\src\lib\ir\ink_ir.vcxproj]
  (编译源文件“../../../../src/lib/ir/module/module_serialization_text.cpp”)
      D:\github\ink\src\lib\ir\module\module_serialization_text_reader.inc(1087,54):
      参见“ink::ir::archive::`anonymous-namespace'::TextReader::Types”的声明
  
D:\github\ink\src\lib\ir\module\module_serialization_text_reader.inc(583,24): warning C4458: “Types”的声明隐藏了类成员 [D:\github\ink\build\src\lib\ir\ink_ir.vcxproj]
  (编译源文件“../../../../src/lib/ir/module/module_serialization_text.cpp”)
      D:\github\ink\src\lib\ir\module\module_serialization_text_reader.inc(1087,54):
      参见“ink::ir::archive::`anonymous-namespace'::TextReader::Types”的声明
  
  name_pool.cpp
  type_pool.cpp
  value.cpp
  正在生成代码...
D:\github\ink\src\third_party\llvm\llvm\include\llvm\ADT\bit.h(262,1): warning C4702: 无法访问的代码 [D:\github\ink\build\src\lib\ir\ink_ir.vcxproj]
D:\github\ink\src\third_party\llvm\llvm\include\llvm\ADT\bit.h(263,1): warning C4702: 无法访问的代码 [D:\github\ink\build\src\lib\ir\ink_ir.vcxproj]
D:\github\ink\src\third_party\llvm\llvm\include\llvm\ADT\bit.h(264,1): warning C4702: 无法访问的代码 [D:\github\ink\build\src\lib\ir\ink_ir.vcxproj]
D:\github\ink\src\third_party\llvm\llvm\include\llvm\ADT\bit.h(266,1): warning C4702: 无法访问的代码 [D:\github\ink\build\src\lib\ir\ink_ir.vcxproj]
D:\github\ink\src\third_party\llvm\llvm\include\llvm\ADT\bit.h(268,1): warning C4702: 无法访问的代码 [D:\github\ink\build\src\lib\ir\ink_ir.vcxproj]
D:\github\ink\src\third_party\llvm\llvm\include\llvm\ADT\bit.h(270,1): warning C4702: 无法访问的代码 [D:\github\ink\build\src\lib\ir\ink_ir.vcxproj]
D:\github\ink\src\third_party\llvm\llvm\include\llvm\Support\Endian.h(98,1): warning C4702: 无法访问的代码 [D:\github\ink\build\src\lib\ir\ink_ir.vcxproj]
D:\github\ink\src\third_party\llvm\llvm\include\llvm\Support\Endian.h(98,1): warning C4702: 无法访问的代码 [D:\github\ink\build\src\lib\ir\ink_ir.vcxproj]
D:\github\ink\src\third_party\llvm\llvm\include\llvm\Support\Endian.h(63,1): warning C4702: 无法访问的代码 [D:\github\ink\build\src\lib\ir\ink_ir.vcxproj]
D:\github\ink\src\third_party\llvm\llvm\include\llvm\Support\Endian.h(63,1): warning C4702: 无法访问的代码 [D:\github\ink\build\src\lib\ir\ink_ir.vcxproj]
  ink_ir.vcxproj -> D:\github\ink\build\src\lib\ir\Release\ink_ir.lib
  Building Custom Rule D:/github/ink/src/testcase/CMakeLists.txt
cl : 命令行  warning D9025: 正在重写“/EHs”(用“/EHs-”) [D:\github\ink\build\src\testcase\ink_ir_test_objects.vcxproj]
cl : 命令行  warning D9025: 正在重写“/EHc”(用“/EHc-”) [D:\github\ink\build\src\testcase\ink_ir_test_objects.vcxproj]
  arithmetic_return_test.cpp
  array_instruction_test.cpp
  array_serialization_test.cpp
  basic_block_test.cpp
  branch_instruction_test.cpp
  branch_serialization_test.cpp
  c_string_instruction_test.cpp
  call_instruction_test.cpp
  class_test.cpp
  config_limits_test.cpp
  constant_pool_test.cpp
  context_revision_test.cpp
  context_test.cpp
  float_constant_test.cpp
  function_decl_test.cpp
  function_parameter_test.cpp
  function_test.cpp
  function_type_test.cpp
  ir_builder_factory_test.cpp
  ir_builder_test.cpp
  正在生成代码...
  正在编译...
  logical_instruction_test.cpp
  logical_serialization_test.cpp
  memory_instruction_test.cpp
  model_test.cpp
  module_serialization_test.cpp
  module_test.cpp
  name_pool_test.cpp
  ownership_test.cpp
  string_constant_test.cpp
  type_pool_test.cpp
  type_test.cpp
  value_test.cpp
  正在生成代码...
  ink_ir_test_objects.vcxproj -> D:\github\ink\build\src\testcase\ink_ir_test_objects.dir\Release\ink_ir_test_objects.lib
  Building Custom Rule D:/github/ink/src/lib/backend/llvm/CMakeLists.txt
  Building Custom Rule D:/github/ink/src/lib/cli/CMakeLists.txt
  Generating ../../third_party/libffi/win64_intel.asm
  Building Custom Rule D:/github/ink/src/third_party/llvm/llvm/utils/TableGen/Basic/CMakeLists.txt
  win64_intel.S
  Building Custom Rule D:/github/ink/src/third_party/CMakeLists.txt
cl : 命令行  warning D9025: 正在重写“/EHs”(用“/EHs-”) [D:\github\ink\build\src\lib\backend\llvm\ink_aot_runtime.vcxproj]
cl : 命令行  warning D9025: 正在重写“/EHc”(用“/EHc-”) [D:\github\ink\build\src\lib\backend\llvm\ink_aot_runtime.vcxproj]
  runtime.cpp
cl : 命令行  warning D9025: 正在重写“/EHs”(用“/EHs-”) [D:\github\ink\build\src\lib\cli\ink_cli.vcxproj]
cl : 命令行  warning D9025: 正在重写“/EHc”(用“/EHc-”) [D:\github\ink\build\src\lib\cli\ink_cli.vcxproj]
  application.cpp
  Assembling D:\github\ink\build\third_party\libffi\win64_intel.asm...
  ARMTargetDefEmitter.cpp
  Attributes.cpp
  CodeGenIntrinsics.cpp
  Building Custom Rule D:/github/ink/src/third_party/llvm/llvm/lib/Bitstream/Reader/CMakeLists.txt
  DirectiveEmitter.cpp
  IntrinsicEmitter.cpp
  RISCVTargetDefEmitter.cpp
  RuntimeLibcallsEmitter.cpp
  RuntimeLibcalls.cpp
  SDNodeProperties.cpp
  TableGen.cpp
  TargetFeaturesEmitter.cpp
  TargetLibraryInfoEmitter.cpp
  VTEmitter.cpp
  Building Custom Rule D:/github/ink/src/third_party/llvm/llvm/lib/DebugInfo/CodeView/CMakeLists.txt
  BitstreamReader.cpp
  prep_cif.c
  ink_aot_runtime.vcxproj -> D:\github\ink\build\src\lib\backend\llvm\Release\ink_aot_runtime.lib
  types.c
  ffiw64.c
  正在生成代码...
  AppendingTypeTableBuilder.cpp
  CodeViewError.cpp
  CodeViewRecordIO.cpp
  ContinuationRecordBuilder.cpp
  CVSymbolVisitor.cpp
  CVTypeVisitor.cpp
  DebugChecksumsSubsection.cpp
  DebugCrossExSubsection.cpp
  DebugCrossImpSubsection.cpp
  DebugFrameDataSubsection.cpp
  DebugInlineeLinesSubsection.cpp
  DebugLinesSubsection.cpp
  DebugStringTableSubsection.cpp
  DebugSubsection.cpp
  DebugSubsectionRecord.cpp
  DebugSubsectionVisitor.cpp
  DebugSymbolRVASubsection.cpp
  DebugSymbolsSubsection.cpp
  EnumTables.cpp
  Formatters.cpp
  GlobalTypeTableBuilder.cpp
  LazyRandomTypeCollection.cpp
  Line.cpp
  MergingTypeTableBuilder.cpp
  RecordName.cpp
  RecordSerialization.cpp
  SimpleTypeSerializer.cpp
  StringsAndChecksums.cpp
  SymbolDumper.cpp
  SymbolRecordHelpers.cpp
  SymbolRecordMapping.cpp
  SymbolSerializer.cpp
  TypeDumpVisitor.cpp
  io.cpp
  TypeIndex.cpp
  TypeIndexDiscovery.cpp
  TypeHashing.cpp
  TypeRecordHelpers.cpp
  TypeRecordMapping.cpp
  TypeStreamMerger.cpp
  TypeTableCollection.cpp
  1>Generating VCSRevision.h
  ink_libffi.vcxproj -> D:\github\ink\build\src\third_party\Release\ink_libffi.lib
  Building Custom Rule D:/github/ink/src/third_party/llvm/llvm/lib/DebugInfo/MSF/CMakeLists.txt
  Building Custom Rule D:/github/ink/src/lib/execution/CMakeLists.txt
  MappedBlockStream.cpp
cl : 命令行  warning D9025: 正在重写“/EHs”(用“/EHs-”) [D:\github\ink\build\src\lib\execution\ink_execution.vcxproj]
cl : 命令行  warning D9025: 正在重写“/EHc”(用“/EHc-”) [D:\github\ink\build\src\lib\execution\ink_execution.vcxproj]
  MSFBuilder.cpp
  MSFCommon.cpp
  MSFError.cpp
  bytecode_archive_reader.cpp
  正在生成代码...
  Building Custom Rule D:/github/ink/src/third_party/llvm/llvm/include/llvm/Support/CMakeLists.txt
  LLVMBitstreamReader.vcxproj -> D:\github\ink\build\third_party\llvm\Release\lib\LLVMBitstreamReader.lib
  ink_cli.vcxproj -> D:\github\ink\build\src\lib\cli\Release\ink_cli.lib
  Building Custom Rule D:/github/ink/src/third_party/llvm/llvm/lib/Frontend/Directive/CMakeLists.txt
  LLVMDebugInfoCodeView.vcxproj -> D:\github\ink\build\third_party\llvm\Release\lib\LLVMDebugInfoCodeView.lib
  Spelling.cpp
  LLVMDebugInfoMSF.vcxproj -> D:\github\ink\build\third_party\llvm\Release\lib\LLVMDebugInfoMSF.lib
  Building Custom Rule D:/github/ink/src/tools/parser/CMakeLists.txt
  Building Custom Rule D:/github/ink/src/tools/tokenizer/CMakeLists.txt
  Building Custom Rule D:/github/ink/src/third_party/googletest/googletest/CMakeLists.txt
  bytecode_archive_writer.cpp
  gtest_main.cc
  LLVMFrontendDirective.vcxproj -> D:\github\ink\build\third_party\llvm\Release\lib\LLVMFrontendDirective.lib
cl : 命令行  warning D9025: 正在重写“/EHs”(用“/EHs-”) [D:\github\ink\build\src\tools\tokenizer\ink_tokenize.vcxproj]
cl : 命令行  warning D9025: 正在重写“/EHc”(用“/EHc-”) [D:\github\ink\build\src\tools\tokenizer\ink_tokenize.vcxproj]
  main.cpp
cl : 命令行  warning D9025: 正在重写“/EHs”(用“/EHs-”) [D:\github\ink\build\src\tools\parser\ink_parse.vcxproj]
cl : 命令行  warning D9025: 正在重写“/EHc”(用“/EHc-”) [D:\github\ink\build\src\tools\parser\ink_parse.vcxproj]
  main.cpp
  gtest_main.vcxproj -> D:\github\ink\build\lib\Release\gtest_main.lib
  ink_tokenize.vcxproj -> D:\github\ink\build\src\tools\tokenizer\Release\ink-tokenize.exe
  bytecode_builder.cpp
  ink_parse.vcxproj -> D:\github\ink\build\src\tools\parser\Release\ink-parse.exe
  obj.LLVMTableGenBasic.vcxproj -> D:\github\ink\build\third_party\llvm\utils\TableGen\Basic\obj.LLVMTableGenBasic.dir\Release\obj.LLVMTableGenBasic.lib
  Building Custom Rule D:/github/ink/src/third_party/llvm/llvm/lib/TableGen/CMakeLists.txt
  DetailedRecordsBackend.cpp
  Error.cpp
  bytecode_file.cpp
  JSONBackend.cpp
  Main.cpp
  Parser.cpp
  Record.cpp
  SetTheory.cpp
  StringMatcher.cpp
  StringToOffsetTable.cpp
  TableGenBackend.cpp
  TableGenBackendSkeleton.cpp
  TGLexer.cpp
  TGParser.cpp
  TGTimer.cpp
  bytecode_linkage.cpp
  bytecode_linker.cpp
  LLVMTableGen.vcxproj -> D:\github\ink\build\third_party\llvm\Release\lib\LLVMTableGen.lib
  Building Custom Rule D:/github/ink/src/third_party/llvm/llvm/utils/TableGen/CMakeLists.txt
  bytecode_symbol.cpp
  llvm-min-tblgen.cpp
  llvm-min-tblgen.vcxproj -> D:\github\ink\build\third_party\llvm\Release\bin\llvm-min-tblgen.exe
  1>Building TargetLibraryInfo.inc...
  bytecode_validation.cpp
  1>Building Attributes.inc...
  1>Building GenVT.inc...
  3>Building IntrinsicImpl.inc...
  6>Building IntrinsicsARM.h...
  9>Building IntrinsicsHexagon.h...
  15>Building IntrinsicsRISCV.h...
  4>Building IntrinsicsAArch64.h...
  2>Building IntrinsicEnums.inc...
  13>Building IntrinsicsPowerPC.h...
  5>Building IntrinsicsAMDGPU.h...
  8>Building IntrinsicsDirectX.h...
  12>Building IntrinsicsNVPTX.h...
  18>Building IntrinsicsVE.h...
  20>Building IntrinsicsX86.h...
  22>Building RuntimeLibcalls.inc...
  17>Building IntrinsicsSPIRV.h...
  16>Building IntrinsicsS390.h...
  10>Building IntrinsicsLoongArch.h...
  14>Building IntrinsicsR600.h...
  Building Custom Rule D:/github/ink/src/third_party/llvm/llvm/include/llvm/CodeGen/CMakeLists.txt
  11>Building IntrinsicsMips.h...
  7>Building IntrinsicsBPF.h...
  21>Building IntrinsicsXCore.h...
  19>Building IntrinsicsWebAssembly.h...
  Building Custom Rule D:/github/ink/src/third_party/llvm/llvm/include/llvm/Analysis/CMakeLists.txt
  semantic_value_bridge.cpp
  2>Building OMP.h.inc...
  1>Building OMP.inc...
  Building Custom Rule D:/github/ink/src/third_party/llvm/llvm/include/llvm/Frontend/OpenMP/CMakeLists.txt
  Building Custom Rule D:/github/ink/src/third_party/llvm/llvm/include/llvm/IR/CMakeLists.txt
  1>Building AArch64TargetParserDef.inc...
  3>Building PPCGenTargetFeatures.inc...
  2>Building ARMTargetParserDef.inc...
  4>Building RISCVTargetParserDef.inc...
  execution_compiler.cpp
  instruction.cpp
  Building Custom Rule D:/github/ink/src/third_party/llvm/llvm/include/llvm/TargetParser/CMakeLists.txt
  execution_arithmetic.cpp
  Building Custom Rule D:/github/ink/src/third_party/llvm/llvm/lib/DebugInfo/BTF/CMakeLists.txt
  Building Custom Rule D:/github/ink/src/third_party/llvm/llvm/lib/Remarks/CMakeLists.txt
  Building Custom Rule D:/github/ink/src/third_party/llvm/llvm/lib/TargetParser/CMakeLists.txt
  BitstreamRemarkParser.cpp
  BitstreamRemarkSerializer.cpp
  Remark.cpp
  RemarkFormat.cpp
  RemarkLinker.cpp
  RemarkParser.cpp
  RemarkSerializer.cpp
  RemarkStreamer.cpp
  RemarkStringTable.cpp
  YAMLRemarkParser.cpp
  YAMLRemarkSerializer.cpp
  BTFParser.cpp
  BTFContext.cpp
  Building Custom Rule D:/github/ink/src/third_party/llvm/llvm/utils/TableGen/Common/CMakeLists.txt
  Building Custom Rule D:/github/ink/src/third_party/llvm/llvm/lib/CodeGenTypes/CMakeLists.txt
  AArch64TargetParser.cpp
  ARMTargetParserCommon.cpp
  ARMTargetParser.cpp
  CSKYTargetParser.cpp
  Host.cpp
  LoongArchTargetParser.cpp
  PPCTargetParser.cpp
  RISCVISAInfo.cpp
  RISCVTargetParser.cpp
  SubtargetFeature.cpp
  TargetParser.cpp
  Triple.cpp
  TargetDataLayout.cpp
  X86TargetParser.cpp
  XtensaTargetParser.cpp
  LowLevelType.cpp
  execution_engine.cpp
  CodeExpander.cpp
  CombinerUtils.cpp
  CXXPredicates.cpp
  GlobalISelMatchTable.cpp
  GlobalISelMatchTableExecutorEmitter.cpp
  PatternParser.cpp
  Patterns.cpp
  AsmWriterInst.cpp
  CodeGenDAGPatterns.cpp
  CodeGenHwModes.cpp
  CodeGenInstAlias.cpp
  CodeGenInstruction.cpp
  CodeGenRegisters.cpp
  CodeGenSchedule.cpp
  CodeGenTarget.cpp
  InfoByHwMode.cpp
  InstructionEncoding.cpp
  OptEmitter.cpp
  PredicateExpander.cpp
  SubtargetFeatureInfo.cpp
  Types.cpp
  Utils.cpp
  VarLenCodeEmitterGen.cpp
  LLVMCodeGenTypes.vcxproj -> D:\github\ink\build\third_party\llvm\Release\lib\LLVMCodeGenTypes.lib
  LLVMRemarks.vcxproj -> D:\github\ink\build\third_party\llvm\Release\lib\LLVMRemarks.lib
  LLVMDebugInfoBTF.vcxproj -> D:\github\ink\build\third_party\llvm\Release\lib\LLVMDebugInfoBTF.lib
  execution_frame.cpp
  execution_interpreter.cpp
  execution_linker.cpp
  execution_machine.cpp
  LLVMTargetParser.vcxproj -> D:\github\ink\build\third_party\llvm\Release\lib\LLVMTargetParser.lib
  Building Custom Rule D:/github/ink/src/third_party/llvm/llvm/lib/BinaryFormat/CMakeLists.txt
  AMDGPUMetadataVerifier.cpp
  COFF.cpp
  Dwarf.cpp
  DXContainer.cpp
  ELF.cpp
  MachO.cpp
  Magic.cpp
  MsgPackDocument.cpp
  MsgPackDocumentYAML.cpp
  MsgPackReader.cpp
  MsgPackWriter.cpp
  SFrame.cpp
  Wasm.cpp
  XCOFF.cpp
D:\github\ink\src\third_party\llvm\llvm\include\llvm\BinaryFormat\DXContainer.h(1,1): warning C4819: 该文件包含不能在当前代码页(936)中表示的字符。请将该文件保存为 Unicode 格式以防止数据丢失 [D:\github\ink\build\third_party\llvm\lib\BinaryFormat\LLVMBinaryFormat.vcxproj]
  (编译源文件“../../../../../src/third_party/llvm/llvm/lib/BinaryFormat/DXContainer.cpp”)
  
D:\github\ink\src\third_party\llvm\llvm\include\llvm\BinaryFormat\ELFRelocs\LoongArch.def(1,1): warning C4819: 该文件包含不能在当前代码页(936)中表示的字符。请将该文件保存为 Unicode 格式以防止数据丢失 [D:\github\ink\build\third_party\llvm\lib\BinaryFormat\LLVMBinaryFormat.vcxproj]
  (编译源文件“../../../../../src/third_party/llvm/llvm/lib/BinaryFormat/ELF.cpp”)
  
  execution_machine_dispatch.cpp
  obj.LLVMTableGenCommon.vcxproj -> D:\github\ink\build\third_party\llvm\utils\TableGen\Common\obj.LLVMTableGenCommon.dir\Release\obj.LLVMTableGenCommon.lib
  Building Custom Rule D:/github/ink/src/third_party/llvm/llvm/utils/TableGen/CMakeLists.txt
  execution_memory.cpp
  AsmMatcherEmitter.cpp
  AsmWriterEmitter.cpp
  CallingConvEmitter.cpp
  CodeEmitterGen.cpp
  CodeGenMapTable.cpp
  CompressInstEmitter.cpp
  CTagsEmitter.cpp
  DAGISelEmitter.cpp
  DAGISelMatcher.cpp
  DAGISelMatcherEmitter.cpp
  DAGISelMatcherGen.cpp
  DAGISelMatcherOpt.cpp
  DecoderEmitter.cpp
  DecoderTableEmitter.cpp
  DecoderTree.cpp
  DFAEmitter.cpp
  DFAPacketizerEmitter.cpp
  DisassemblerEmitter.cpp
  DXILEmitter.cpp
  ExegesisEmitter.cpp
  FastISelEmitter.cpp
  GlobalISelCombinerEmitter.cpp
  GlobalISelEmitter.cpp
  InstrDocsEmitter.cpp
  InstrInfoEmitter.cpp
  llvm-tblgen.cpp
  MacroFusionPredicatorEmitter.cpp
  OptionParserEmitter.cpp
  OptionRSTEmitter.cpp
  PseudoLoweringEmitter.cpp
  RegisterBankEmitter.cpp
  RegisterInfoEmitter.cpp
  SDNodeInfoEmitter.cpp
  LLVMBinaryFormat.vcxproj -> D:\github\ink\build\third_party\llvm\Release\lib\LLVMBinaryFormat.lib
  SearchableTableEmitter.cpp
  Building Custom Rule D:/github/ink/src/third_party/llvm/llvm/lib/TextAPI/CMakeLists.txt
  Building Custom Rule D:/github/ink/src/third_party/llvm/llvm/lib/DebugInfo/DWARF/LowLevel/CMakeLists.txt
  SubtargetEmitter.cpp
  make_function_value.cpp
  Building Custom Rule D:/github/ink/src/third_party/llvm/llvm/lib/IR/CMakeLists.txt
  WebAssemblyDisassemblerEmitter.cpp
  X86InstrMappingEmitter.cpp
  X86DisassemblerTables.cpp
  X86FoldTablesEmitter.cpp
  X86MnemonicTables.cpp
  X86ModRMFilters.cpp
  X86RecognizableInstr.cpp
  DWARFCFIProgram.cpp
  DWARFExpression.cpp
  DWARFUnwindTable.cpp
  正在生成代码...
  AbstractCallSite.cpp
  AsmWriter.cpp
  Assumptions.cpp
  Attributes.cpp
  AutoUpgrade.cpp
  BasicBlock.cpp
  BuiltinGCs.cpp
  Comdat.cpp
  ConstantFold.cpp
  ConstantFPRange.cpp
  ConstantRange.cpp
  ConstantRangeList.cpp
  Constants.cpp
  ConvergenceVerifier.cpp
  Core.cpp
  CycleInfo.cpp
  Architecture.cpp
  ArchitectureSet.cpp
  InterfaceFile.cpp
  DIBuilder.cpp
  DataLayout.cpp
  TextStubV5.cpp
  DebugInfo.cpp
  DebugInfoMetadata.cpp
  PackedVersion.cpp
  DIExpressionOptimizer.cpp
  DebugProgramInstruction.cpp
  DebugLoc.cpp
  DiagnosticHandler.cpp
  DiagnosticInfo.cpp
  DiagnosticPrinter.cpp
  Platform.cpp
  Dominators.cpp
  DroppedVariableStats.cpp
  DroppedVariableStatsIR.cpp
  EHPersonalities.cpp
  FPEnv.cpp
  RecordsSlice.cpp
  RecordVisitor.cpp
  Symbol.cpp
  SymbolSet.cpp
  Target.cpp
  TextAPIError.cpp
  Function.cpp
  TextStub.cpp
  GCStrategy.cpp
  GVMaterializer.cpp
  TextStubCommon.cpp
  Globals.cpp
  Utils.cpp
  Intrinsics.cpp
  NVVMIntrinsicUtils.cpp
  IRBuilder.cpp
  IRPrintingPasses.cpp
  SSAContext.cpp
  InlineAsm.cpp
  Instruction.cpp
  Instructions.cpp
  IntrinsicInst.cpp
  LLVMContext.cpp
  LLVMDebugInfoDWARFLowLevel.vcxproj -> D:\github\ink\build\third_party\llvm\Release\lib\LLVMDebugInfoDWARFLowLevel.lib
  LLVMContextImpl.cpp
  LLVMRemarkStreamer.cpp
  LegacyPassManager.cpp
  MDBuilder.cpp
  MemoryModelRelaxationAnnotations.cpp
  Mangler.cpp
  Metadata.cpp
  Module.cpp
  ModuleSummaryIndex.cpp
  Building Custom Rule D:/github/ink/src/third_party/llvm/llvm/lib/MC/CMakeLists.txt
  Operator.cpp
  OptBisect.cpp
  Pass.cpp
  PassInstrumentation.cpp
  PassManager.cpp
  PassRegistry.cpp
  正在编译...
  external_function.cpp
  PassTimingInfo.cpp
  PrintPasses.cpp
  ProfDataUtils.cpp
  SafepointIRVerifier.cpp
  ProfileSummary.cpp
  PseudoProbe.cpp
  ReplaceConstant.cpp
  Statepoint.cpp
  StructuralHash.cpp
  Type.cpp
  TypedPointerType.cpp
  TypeFinder.cpp
  Use.cpp
  User.cpp
  Value.cpp
  ValueSymbolTable.cpp
  VectorTypeUtils.cpp
  Verifier.cpp
  VFABIDemangler.cpp
  RuntimeLibcalls.cpp
  LLVMTextAPI.vcxproj -> D:\github\ink\build\third_party\llvm\Release\lib\LLVMTextAPI.lib
  ffi_argument.cpp
  ConstantPools.cpp
  DXContainerPSVInfo.cpp
  DXContainerRootSignature.cpp
  ELFObjectWriter.cpp
D:\github\ink\src\third_party\llvm\llvm\include\llvm\BinaryFormat\DXContainer.h(1,1): warning C4819: 该文件包含不能在当前代码页(936)中表示的字符。请将该文件保存为 Unicode 格式以防止数据丢失 [D:\github\ink\build\third_party\llvm\lib\MC\LLVMMC.vcxproj]
  (编译源文件“../../../../../src/third_party/llvm/llvm/lib/MC/DXContainerRootSignature.cpp”)
  
  GOFFObjectWriter.cpp
  MCAsmBackend.cpp
  MCAsmInfo.cpp
  MCAsmInfoCOFF.cpp
  MCAsmInfoDarwin.cpp
  MCAsmInfoELF.cpp
  MCAsmInfoGOFF.cpp
  MCAsmInfoWasm.cpp
  MCAsmInfoXCOFF.cpp
  MCAsmMacro.cpp
  MCAsmStreamer.cpp
  MCAssembler.cpp
  MCCodeEmitter.cpp
  MCCodeView.cpp
  MCContext.cpp
  MCDwarf.cpp
  MCDXContainerStreamer.cpp
D:\github\ink\src\third_party\llvm\llvm\include\llvm\BinaryFormat\DXContainer.h(1,1): warning C4819: 该文件包含不能在当前代码页(936)中表示的字符。请将该文件保存为 Unicode 格式以防止数据丢失 [D:\github\ink\build\third_party\llvm\lib\MC\LLVMMC.vcxproj]
  (编译源文件“../../../../../src/third_party/llvm/llvm/lib/MC/DXContainerPSVInfo.cpp”)
  
  MCDXContainerWriter.cpp
  MCELFObjectTargetWriter.cpp
D:\github\ink\src\third_party\llvm\llvm\include\llvm\BinaryFormat\ELFRelocs\LoongArch.def(1,1): warning C4819: 该文件包含不能在当前代码页(936)中表示的字符。请将该文件保存为 Unicode 格式以防止数据丢失 [D:\github\ink\build\third_party\llvm\lib\MC\LLVMMC.vcxproj]
  (编译源文件“../../../../../src/third_party/llvm/llvm/lib/MC/MCAsmInfoELF.cpp”)
  
D:\github\ink\src\third_party\llvm\llvm\include\llvm\BinaryFormat\ELFRelocs\LoongArch.def(1,1): warning C4819: 该文件包含不能在当前代码页(936)中表示的字符。请将该文件保存为 Unicode 格式以防止数据丢失 [D:\github\ink\build\third_party\llvm\lib\MC\LLVMMC.vcxproj]
  (编译源文件“../../../../../src/third_party/llvm/llvm/lib/MC/ELFObjectWriter.cpp”)
  
  MCELFStreamer.cpp
  MCExpr.cpp
  MCFragment.cpp
  MCGOFFStreamer.cpp
  MCInst.cpp
  MCInstPrinter.cpp
  MCInstrAnalysis.cpp
  MCInstrDesc.cpp
  MCInstrInfo.cpp
  ffi_call.cpp
D:\github\ink\src\third_party\llvm\llvm\include\llvm\BinaryFormat\DXContainer.h(1,1): warning C4819: 该文件包含不能在当前代码页(936)中表示的字符。请将该文件保存为 Unicode 格式以防止数据丢失 [D:\github\ink\build\third_party\llvm\lib\MC\LLVMMC.vcxproj]
  (编译源文件“../../../../../src/third_party/llvm/llvm/lib/MC/MCDXContainerWriter.cpp”)
  
  MCLabel.cpp
  MCLinkerOptimizationHint.cpp
  MCMachOStreamer.cpp
  MCMachObjectTargetWriter.cpp
  MCNullStreamer.cpp
  MCObjectFileInfo.cpp
  MCObjectStreamer.cpp
  MCObjectWriter.cpp
D:\github\ink\src\third_party\llvm\llvm\include\llvm\BinaryFormat\ELFRelocs\LoongArch.def(1,1): warning C4819: 该文件包含不能在当前代码页(936)中表示的字符。请将该文件保存为 Unicode 格式以防止数据丢失 [D:\github\ink\build\third_party\llvm\lib\MC\LLVMMC.vcxproj]
  (编译源文件“../../../../../src/third_party/llvm/llvm/lib/MC/MCAsmBackend.cpp”)
  
D:\github\ink\src\third_party\llvm\llvm\include\llvm\BinaryFormat\ELFRelocs\LoongArch.def(1,1): warning C4819: 该文件包含不能在当前代码页(936)中表示的字符。请将该文件保存为 Unicode 格式以防止数据丢失 [D:\github\ink\build\third_party\llvm\lib\MC\LLVMMC.vcxproj]
  (编译源文件“../../../../../src/third_party/llvm/llvm/lib/MC/MCELFObjectTargetWriter.cpp”)
  
D:\github\ink\src\third_party\llvm\llvm\include\llvm\BinaryFormat\ELFRelocs\LoongArch.def(1,1): warning C4819: 该文件包含不能在当前代码页(936)中表示的字符。请将该文件保存为 Unicode 格式以防止数据丢失 [D:\github\ink\build\third_party\llvm\lib\MC\LLVMMC.vcxproj]
  (编译源文件“../../../../../src/third_party/llvm/llvm/lib/MC/MCELFStreamer.cpp”)
  
  MCPseudoProbe.cpp
  MCRegisterInfo.cpp
  MCSchedule.cpp
  MCSection.cpp
D:\github\ink\src\third_party\llvm\llvm\include\llvm\BinaryFormat\ELFRelocs\LoongArch.def(1,1): warning C4819: 该文件包含不能在当前代码页(936)中表示的字符。请将该文件保存为 Unicode 格式以防止数据丢失 [D:\github\ink\build\third_party\llvm\lib\MC\LLVMMC.vcxproj]
  (编译源文件“../../../../../src/third_party/llvm/llvm/lib/MC/MCObjectFileInfo.cpp”)
  
  MCSectionMachO.cpp
  MCStreamer.cpp
  MCSFrame.cpp
  MCSPIRVStreamer.cpp
  MCSubtargetInfo.cpp
  MCSymbol.cpp
D:\github\ink\src\third_party\llvm\llvm\include\llvm\BinaryFormat\ELFRelocs\LoongArch.def(1,1): warning C4819: 该文件包含不能在当前代码页(936)中表示的字符。请将该文件保存为 Unicode 格式以防止数据丢失 [D:\github\ink\build\third_party\llvm\lib\MC\LLVMMC.vcxproj]
  (编译源文件“../../../../../src/third_party/llvm/llvm/lib/MC/MCContext.cpp”)
  
  MCSymbolELF.cpp
  MCSymbolGOFF.cpp
  MCSymbolXCOFF.cpp
  MCTargetOptions.cpp
  MCTargetOptionsCommandFlags.cpp
  MCValue.cpp
  ffi_type.cpp
  native_symbol.cpp
  MCWasmObjectTargetWriter.cpp
  MCWasmStreamer.cpp
  MCWin64EH.cpp
  MCWinCOFFStreamer.cpp
D:\github\ink\src\third_party\llvm\llvm\include\llvm\BinaryFormat\ELFRelocs\LoongArch.def(1,1): warning C4819: 该文件包含不能在当前代码页(936)中表示的字符。请将该文件保存为 Unicode 格式以防止数据丢失 [D:\github\ink\build\third_party\llvm\lib\MC\LLVMMC.vcxproj]
  (编译源文件“../../../../../src/third_party/llvm/llvm/lib/MC/MCSymbolELF.cpp”)
  
  MCWinEH.cpp
  MCXCOFFObjectTargetWriter.cpp
  MCXCOFFStreamer.cpp
  MachObjectWriter.cpp
  SPIRVObjectWriter.cpp
  StringTableBuilder.cpp
  TargetRegistry.cpp
  WasmObjectWriter.cpp
  WinCOFFObjectWriter.cpp
  XCOFFObjectWriter.cpp
  native_symbol_cache.cpp
  runtime_ffi_argument.cpp
  llvm-tblgen.vcxproj -> D:\github\ink\build\third_party\llvm\Release\bin\llvm-tblgen.exe
  4>Building X86GenCallingConv.inc...
  runtime_ffi_call.cpp
  6>Building X86GenDisassemblerTables.inc...
  1>Building X86GenAsmMatcher.inc...
  2>Building X86GenAsmWriter.inc...
  15>Building X86GenRegisterBank.inc...
  13>Building X86GenMnemonicTables.inc...
  5>Building X86GenDAGISel.inc...
  3>Building X86GenAsmWriter1.inc...
  9>Building X86GenFoldTables.inc...
  7>Building X86GenExegesis.inc...
  14>Building X86GenPreLegalizeGICombiner.inc...
  11>Building X86GenInstrInfo.inc...
  17>Building X86GenSubtargetInfo.inc...
  8>Building X86GenFastISel.inc...
  10>Building X86GenGlobalISel.inc...
  16>Building X86GenRegisterInfo.inc...
D:\github\ink\src\lib\execution\ffi\runtime_ffi_call.cpp(158,39): warning C4457: “Storage”的声明隐藏了函数参数 [D:\github\ink\build\src\lib\execution\ink_execution.vcxproj]
      D:\github\ink\src\lib\execution\ffi\runtime_ffi_call.cpp(128,107):
      参见“Storage”的声明
  
  runtime_ffi_type.cpp
  execution_heap.cpp
  LLVMMC.vcxproj -> D:\github\ink\build\third_party\llvm\Release\lib\LLVMMC.lib
  Building Custom Rule D:/github/ink/src/third_party/llvm/llvm/lib/MC/MCDisassembler/CMakeLists.txt
  12>Building X86GenInstrMapping.inc...
  Disassembler.cpp
  MCDisassembler.cpp
  MCExternalSymbolizer.cpp
  MCRelocationInfo.cpp
  MCSymbolizer.cpp
  execution_memory_manager.cpp
  execution_pointer.cpp
  LLVMMCDisassembler.vcxproj -> D:\github\ink\build\third_party\llvm\Release\lib\LLVMMCDisassembler.lib
  execution_storage.cpp
  LLVMCore.vcxproj -> D:\github\ink\build\third_party\llvm\Release\lib\LLVMCore.lib
  reflection.cpp
  semantic_reflection.cpp
  type_desc.cpp
  type_table.cpp
  runtime_value.cpp
  execution_diagnostic.cpp
  execution_instruction_result.cpp
  正在生成代码...
  Building Custom Rule D:/github/ink/src/third_party/llvm/llvm/lib/Target/X86/CMakeLists.txt
  Building Custom Rule D:/github/ink/src/third_party/llvm/llvm/lib/MC/MCParser/CMakeLists.txt
  Building Custom Rule D:/github/ink/src/third_party/llvm/llvm/lib/Target/X86/TargetInfo/CMakeLists.txt
  AsmLexer.cpp
  AsmParser.cpp
  COFFAsmParser.cpp
  COFFMasmParser.cpp
  GOFFAsmParser.cpp
  DarwinAsmParser.cpp
  ELFAsmParser.cpp
  MCAsmParser.cpp
  MCAsmParserExtension.cpp
  MCTargetAsmParser.cpp
  MasmParser.cpp
  WasmAsmParser.cpp
  XCOFFAsmParser.cpp
  X86TargetInfo.cpp
  Building Custom Rule D:/github/ink/src/third_party/llvm/llvm/lib/Bitcode/Reader/CMakeLists.txt
  Building Custom Rule D:/github/ink/src/third_party/llvm/llvm/lib/AsmParser/CMakeLists.txt
  Building Custom Rule D:/github/ink/src/third_party/llvm/llvm/lib/Transforms/CFGuard/CMakeLists.txt
  Building Custom Rule D:/github/ink/src/third_party/llvm/llvm/lib/Frontend/HLSL/CMakeLists.txt
  CFGuard.cpp
  AsmParserContext.cpp
  LLLexer.cpp
  LLParser.cpp
  Parser.cpp
D:\github\ink\src\third_party\llvm\llvm\include\llvm\BinaryFormat\ELFRelocs\LoongArch.def(1,1): warning C4819: 该文件包含不能在当前代码页(936)中表示的字符。请将该文件保存为 Unicode 格式以防止数据丢失 [D:\github\ink\build\third_party\llvm\lib\MC\MCParser\LLVMMCParser.vcxproj]
  (编译源文件“../../../../../../src/third_party/llvm/llvm/lib/MC/MCParser/ELFAsmParser.cpp”)
  
  CBuffer.cpp
  HLSLBinding.cpp
  HLSLResource.cpp
  HLSLRootSignature.cpp
  RootSignatureMetadata.cpp
D:\github\ink\src\third_party\llvm\llvm\include\llvm\BinaryFormat\DXContainer.h(1,1): warning C4819: 该文件包含不能在当前代码页(936)中表示的字符。请将该文件保存为 Unicode 格式以防止数据丢失 [D:\github\ink\build\third_party\llvm\lib\Frontend\HLSL\LLVMFrontendHLSL.vcxproj]
  (编译源文件“../../../../../../src/third_party/llvm/llvm/lib/Frontend/HLSL/HLSLRootSignature.cpp”)
  
  RootSignatureValidations.cpp
  正在编译...
  execution_bool_value.cpp
D:\github\ink\src\third_party\llvm\llvm\include\llvm\BinaryFormat\DXContainer.h(1,1): warning C4819: 该文件包含不能在当前代码页(936)中表示的字符。请将该文件保存为 Unicode 格式以防止数据丢失 [D:\github\ink\build\third_party\llvm\lib\Frontend\HLSL\LLVMFrontendHLSL.vcxproj]
  (编译源文件“../../../../../../src/third_party/llvm/llvm/lib/Frontend/HLSL/RootSignatureValidations.cpp”)
  
D:\github\ink\src\third_party\llvm\llvm\include\llvm\BinaryFormat\DXContainer.h(1,1): warning C4819: 该文件包含不能在当前代码页(936)中表示的字符。请将该文件保存为 Unicode 格式以防止数据丢失 [D:\github\ink\build\third_party\llvm\lib\Frontend\HLSL\LLVMFrontendHLSL.vcxproj]
  (编译源文件“../../../../../../src/third_party/llvm/llvm/lib/Frontend/HLSL/RootSignatureMetadata.cpp”)
  
  execution_float_value.cpp
  BitcodeAnalyzer.cpp
  BitReader.cpp
  BitcodeReader.cpp
  MetadataLoader.cpp
  ValueList.cpp
  execution_function_value.cpp
  execution_integer.cpp
  execution_integer_value.cpp
  LLVMCFGuard.vcxproj -> D:\github\ink\build\third_party\llvm\Release\lib\LLVMCFGuard.lib
  LLVMX86Info.vcxproj -> D:\github\ink\build\third_party\llvm\Release\lib\LLVMX86Info.lib
  execution_pointer_value.cpp
  Building Custom Rule D:/github/ink/src/third_party/llvm/llvm/lib/Target/X86/MCTargetDesc/CMakeLists.txt
  Building Custom Rule D:/github/ink/src/third_party/llvm/llvm/lib/Target/X86/Disassembler/CMakeLists.txt
  execution_string_value.cpp
  X86ATTInstPrinter.cpp
  X86IntelInstPrinter.cpp
  X86InstComments.cpp
  X86InstPrinterCommon.cpp
  X86EncodingOptimization.cpp
  X86ShuffleDecode.cpp
  X86AsmBackend.cpp
  X86MCTargetDesc.cpp
  X86MCAsmInfo.cpp
  X86MCCodeEmitter.cpp
  X86MachObjectWriter.cpp
  X86MnemonicTables.cpp
  X86ELFObjectWriter.cpp
  X86WinCOFFObjectWriter.cpp
  X86WinCOFFStreamer.cpp
  X86WinCOFFTargetStreamer.cpp
  execution_value.cpp
  X86Disassembler.cpp
D:\github\ink\src\third_party\llvm\llvm\include\llvm\BinaryFormat\ELFRelocs\LoongArch.def(1,1): warning C4819: 该文件包含不能在当前代码页(936)中表示的字符。请将该文件保存为 Unicode 格式以防止数据丢失 [D:\github\ink\build\third_party\llvm\lib\Target\X86\MCTargetDesc\LLVMX86Desc.vcxproj]
  (编译源文件“../../../../../../../src/third_party/llvm/llvm/lib/Target/X86/MCTargetDesc/X86AsmBackend.cpp”)
  
D:\github\ink\src\third_party\llvm\llvm\include\llvm\BinaryFormat\ELFRelocs\LoongArch.def(1,1): warning C4819: 该文件包含不能在当前代码页(936)中表示的字符。请将该文件保存为 Unicode 格式以防止数据丢失 [D:\github\ink\build\third_party\llvm\lib\Target\X86\MCTargetDesc\LLVMX86Desc.vcxproj]
  (编译源文件“../../../../../../../src/third_party/llvm/llvm/lib/Target/X86/MCTargetDesc/X86ELFObjectWriter.cpp”)
  
D:\github\ink\src\third_party\llvm\llvm\include\llvm\BinaryFormat\ELFRelocs\LoongArch.def(1,1): warning C4819: 该文件包含不能在当前代码页(936)中表示的字符。请将该文件保存为 Unicode 格式以防止数据丢失 [D:\github\ink\build\third_party\llvm\lib\Target\X86\MCTargetDesc\LLVMX86Desc.vcxproj]
  (编译源文件“../../../../../../../src/third_party/llvm/llvm/lib/Target/X86/MCTargetDesc/X86MCCodeEmitter.cpp”)
  
  execution_void_value.cpp
  正在生成代码...
  LLVMFrontendHLSL.vcxproj -> D:\github\ink\build\third_party\llvm\Release\lib\LLVMFrontendHLSL.lib
  LLVMMCParser.vcxproj -> D:\github\ink\build\third_party\llvm\Release\lib\LLVMMCParser.lib
  ink_execution.vcxproj -> D:\github\ink\build\src\lib\execution\Release\ink_execution.lib
  Building Custom Rule D:/github/ink/src/lib/semantic/CMakeLists.txt
cl : 命令行  warning D9025: 正在重写“/EHs”(用“/EHs-”) [D:\github\ink\build\src\lib\semantic\ink_semantic.vcxproj]
cl : 命令行  warning D9025: 正在重写“/EHc”(用“/EHc-”) [D:\github\ink\build\src\lib\semantic\ink_semantic.vcxproj]
  analyzer.cpp
D:\github\ink\src\include\ink\semantic\analyzer\analyzer.h(129,67): error C2039: "BindingPattern": 不是 "ink::parser" 的成员 [D:\github\ink\build\src\lib\semantic\ink_semantic.vcxproj]
  (编译源文件“../../../../src/lib/semantic/analyzer/analyzer.cpp”)
      D:\github\ink\src\include\ink\semantic\analyzer\analyzer.h(17,11):
      参见“ink::parser”的声明
  
D:\github\ink\src\include\ink\semantic\analyzer\analyzer.h(129,53): error C4430: 缺少类型说明符 - 假定为 int。注意: C++ 不支持默认 int [D:\github\ink\build\src\lib\semantic\ink_semantic.vcxproj]
  (编译源文件“../../../../src/lib/semantic/analyzer/analyzer.cpp”)
  
D:\github\ink\src\include\ink\semantic\analyzer\analyzer.h(129,82): error C2143: 语法错误: 缺少“,”(在“&”的前面) [D:\github\ink\build\src\lib\semantic\ink_semantic.vcxproj]
  (编译源文件“../../../../src/lib/semantic/analyzer/analyzer.cpp”)
  
  LLVMX86Disassembler.vcxproj -> D:\github\ink\build\third_party\llvm\Release\lib\LLVMX86Disassembler.lib
  analyzer_evaluation.cpp
D:\github\ink\src\include\ink\semantic\analyzer\analyzer.h(129,67): error C2039: "BindingPattern": 不是 "ink::parser" 的成员 [D:\github\ink\build\src\lib\semantic\ink_semantic.vcxproj]
  (编译源文件“../../../../src/lib/semantic/analyzer/analyzer_evaluation.cpp”)
      D:\github\ink\src\include\ink\semantic\analyzer\analyzer.h(17,11):
      参见“ink::parser”的声明
  
D:\github\ink\src\include\ink\semantic\analyzer\analyzer.h(129,53): error C4430: 缺少类型说明符 - 假定为 int。注意: C++ 不支持默认 int [D:\github\ink\build\src\lib\semantic\ink_semantic.vcxproj]
  (编译源文件“../../../../src/lib/semantic/analyzer/analyzer_evaluation.cpp”)
  
D:\github\ink\src\include\ink\semantic\analyzer\analyzer.h(129,82): error C2143: 语法错误: 缺少“,”(在“&”的前面) [D:\github\ink\build\src\lib\semantic\ink_semantic.vcxproj]
  (编译源文件“../../../../src/lib/semantic/analyzer/analyzer_evaluation.cpp”)
  
  analyzer_module_functions.cpp
D:\github\ink\src\include\ink\semantic\analyzer\analyzer.h(129,67): error C2039: "BindingPattern": 不是 "ink::parser" 的成员 [D:\github\ink\build\src\lib\semantic\ink_semantic.vcxproj]
  (编译源文件“../../../../src/lib/semantic/analyzer/analyzer_module_functions.cpp”)
      D:\github\ink\src\include\ink\semantic\analyzer\analyzer.h(17,11):
      参见“ink::parser”的声明
  
D:\github\ink\src\include\ink\semantic\analyzer\analyzer.h(129,53): error C4430: 缺少类型说明符 - 假定为 int。注意: C++ 不支持默认 int [D:\github\ink\build\src\lib\semantic\ink_semantic.vcxproj]
  (编译源文件“../../../../src/lib/semantic/analyzer/analyzer_module_functions.cpp”)
  
D:\github\ink\src\include\ink\semantic\analyzer\analyzer.h(129,82): error C2143: 语法错误: 缺少“,”(在“&”的前面) [D:\github\ink\build\src\lib\semantic\ink_semantic.vcxproj]
  (编译源文件“../../../../src/lib/semantic/analyzer/analyzer_module_functions.cpp”)
  
  analyzer_modules.cpp
  LLVMX86Desc.vcxproj -> D:\github\ink\build\third_party\llvm\Release\lib\LLVMX86Desc.lib
  Building Custom Rule D:/github/ink/src/third_party/llvm/llvm/lib/Target/X86/AsmParser/CMakeLists.txt
  X86AsmParser.cpp
D:\github\ink\src\include\ink\semantic\analyzer\analyzer.h(129,67): error C2039: "BindingPattern": 不是 "ink::parser" 的成员 [D:\github\ink\build\src\lib\semantic\ink_semantic.vcxproj]
  (编译源文件“../../../../src/lib/semantic/analyzer/analyzer_modules.cpp”)
      D:\github\ink\src\include\ink\semantic\analyzer\analyzer.h(17,11):
      参见“ink::parser”的声明
  
D:\github\ink\src\include\ink\semantic\analyzer\analyzer.h(129,53): error C4430: 缺少类型说明符 - 假定为 int。注意: C++ 不支持默认 int [D:\github\ink\build\src\lib\semantic\ink_semantic.vcxproj]
  (编译源文件“../../../../src/lib/semantic/analyzer/analyzer_modules.cpp”)
  
D:\github\ink\src\include\ink\semantic\analyzer\analyzer.h(129,82): error C2143: 语法错误: 缺少“,”(在“&”的前面) [D:\github\ink\build\src\lib\semantic\ink_semantic.vcxproj]
  (编译源文件“../../../../src/lib/semantic/analyzer/analyzer_modules.cpp”)
  
  analyzer_class.cpp
D:\github\ink\src\include\ink\semantic\analyzer\analyzer.h(129,67): error C2039: "BindingPattern": 不是 "ink::parser" 的成员 [D:\github\ink\build\src\lib\semantic\ink_semantic.vcxproj]
  (编译源文件“../../../../src/lib/semantic/analyzer/decl/analyzer_class.cpp”)
      D:\github\ink\src\include\ink\semantic\analyzer\analyzer.h(17,11):
      参见“ink::parser”的声明
  
D:\github\ink\src\include\ink\semantic\analyzer\analyzer.h(129,53): error C4430: 缺少类型说明符 - 假定为 int。注意: C++ 不支持默认 int [D:\github\ink\build\src\lib\semantic\ink_semantic.vcxproj]
  (编译源文件“../../../../src/lib/semantic/analyzer/decl/analyzer_class.cpp”)
  
D:\github\ink\src\include\ink\semantic\analyzer\analyzer.h(129,82): error C2143: 语法错误: 缺少“,”(在“&”的前面) [D:\github\ink\build\src\lib\semantic\ink_semantic.vcxproj]
  (编译源文件“../../../../src/lib/semantic/analyzer/decl/analyzer_class.cpp”)
  
  LLVMBitReader.vcxproj -> D:\github\ink\build\third_party\llvm\Release\lib\LLVMBitReader.lib
D:\github\ink\src\lib\semantic\analyzer\decl\analyzer_class.cpp(65,20): warning C4456: “Parent”的声明隐藏了上一个本地声明 [D:\github\ink\build\src\lib\semantic\ink_semantic.vcxproj]
      D:\github\ink\src\lib\semantic\analyzer\decl\analyzer_class.cpp(53,14):
      参见“Parent”的声明
  
  analyzer_decl.cpp
  LLVMAsmParser.vcxproj -> D:\github\ink\build\third_party\llvm\Release\lib\LLVMAsmParser.lib
  Building Custom Rule D:/github/ink/src/third_party/llvm/llvm/lib/IRReader/CMakeLists.txt
D:\github\ink\src\include\ink\semantic\analyzer\analyzer.h(129,67): error C2039: "BindingPattern": 不是 "ink::parser" 的成员 [D:\github\ink\build\src\lib\semantic\ink_semantic.vcxproj]
  (编译源文件“../../../../../src/lib/semantic/analyzer/decl/analyzer_decl.cpp”)
      D:\github\ink\src\include\ink\semantic\analyzer\analyzer.h(17,11):
      参见“ink::parser”的声明
  
D:\github\ink\src\include\ink\semantic\analyzer\analyzer.h(129,53): error C4430: 缺少类型说明符 - 假定为 int。注意: C++ 不支持默认 int [D:\github\ink\build\src\lib\semantic\ink_semantic.vcxproj]
  (编译源文件“../../../../../src/lib/semantic/analyzer/decl/analyzer_decl.cpp”)
  
D:\github\ink\src\include\ink\semantic\analyzer\analyzer.h(129,82): error C2143: 语法错误: 缺少“,”(在“&”的前面) [D:\github\ink\build\src\lib\semantic\ink_semantic.vcxproj]
  (编译源文件“../../../../../src/lib/semantic/analyzer/decl/analyzer_decl.cpp”)
  
  IRReader.cpp
  analyzer_enum.cpp
D:\github\ink\src\include\ink\semantic\analyzer\analyzer.h(129,67): error C2039: "BindingPattern": 不是 "ink::parser" 的成员 [D:\github\ink\build\src\lib\semantic\ink_semantic.vcxproj]
  (编译源文件“../../../../../src/lib/semantic/analyzer/decl/analyzer_enum.cpp”)
      D:\github\ink\src\include\ink\semantic\analyzer\analyzer.h(17,11):
      参见“ink::parser”的声明
  
D:\github\ink\src\include\ink\semantic\analyzer\analyzer.h(129,53): error C4430: 缺少类型说明符 - 假定为 int。注意: C++ 不支持默认 int [D:\github\ink\build\src\lib\semantic\ink_semantic.vcxproj]
  (编译源文件“../../../../../src/lib/semantic/analyzer/decl/analyzer_enum.cpp”)
  
D:\github\ink\src\include\ink\semantic\analyzer\analyzer.h(129,82): error C2143: 语法错误: 缺少“,”(在“&”的前面) [D:\github\ink\build\src\lib\semantic\ink_semantic.vcxproj]
  (编译源文件“../../../../../src/lib/semantic/analyzer/decl/analyzer_enum.cpp”)
  
  LLVMIRReader.vcxproj -> D:\github\ink\build\third_party\llvm\Release\lib\LLVMIRReader.lib
  Building Custom Rule D:/github/ink/src/third_party/llvm/llvm/lib/Object/CMakeLists.txt
  Archive.cpp
  ArchiveWriter.cpp
  Binary.cpp
  BuildID.cpp
  COFFImportFile.cpp
  COFFModuleDefinition.cpp
  COFFObjectFile.cpp
  Decompressor.cpp
  analyzer_function.cpp
  DXContainer.cpp
  ELF.cpp
  ELFObjectFile.cpp
  Error.cpp
  GOFFObjectFile.cpp
  FaultMapParser.cpp
  IRObjectFile.cpp
  IRSymtab.cpp
  MachOObjectFile.cpp
  MachOUniversal.cpp
  Minidump.cpp
  ModuleSymbolTable.cpp
  Object.cpp
  ObjectFile.cpp
  OffloadBinary.cpp
  OffloadBundle.cpp
  RecordStreamer.cpp
  RelocationResolver.cpp
  SFrameParser.cpp
  SymbolicFile.cpp
  SymbolSize.cpp
  TapiFile.cpp
  TapiUniversal.cpp
  MachOUniversalWriter.cpp
D:\github\ink\src\third_party\llvm\llvm\include\llvm\BinaryFormat\ELFRelocs\LoongArch.def(1,1): warning C4819: 该文件包含不能在当前代码页(936)中表示的字符。请将该文件保存为 Unicode 格式以防止数据丢失 [D:\github\ink\build\third_party\llvm\lib\Object\LLVMObject.vcxproj]
  (编译源文件“../../../../../src/third_party/llvm/llvm/lib/Object/ELF.cpp”)
  
D:\github\ink\src\third_party\llvm\llvm\include\llvm\BinaryFormat\ELFRelocs\LoongArch.def(1,1): warning C4819: 该文件包含不能在当前代码页(936)中表示的字符。请将该文件保存为 Unicode 格式以防止数据丢失 [D:\github\ink\build\third_party\llvm\lib\Object\LLVMObject.vcxproj]
  (编译源文件“../../../../../src/third_party/llvm/llvm/lib/Object/ELFObjectFile.cpp”)
  
D:\github\ink\src\third_party\llvm\llvm\include\llvm\BinaryFormat\DXContainer.h(1,1): warning C4819: 该文件包含不能在当前代码页(936)中表示的字符。请将该文件保存为 Unicode 格式以防止数据丢失 [D:\github\ink\build\third_party\llvm\lib\Object\LLVMObject.vcxproj]
  (编译源文件“../../../../../src/third_party/llvm/llvm/lib/Object/DXContainer.cpp”)
  
D:\github\ink\src\include\ink\semantic\analyzer\analyzer.h(129,67): error C2039: "BindingPattern": 不是 "ink::parser" 的成员 [D:\github\ink\build\src\lib\semantic\ink_semantic.vcxproj]
  (编译源文件“../../../../../src/lib/semantic/analyzer/decl/analyzer_function.cpp”)
      D:\github\ink\src\include\ink\semantic\analyzer\analyzer.h(17,11):
      参见“ink::parser”的声明
  
D:\github\ink\src\include\ink\semantic\analyzer\analyzer.h(129,53): error C4430: 缺少类型说明符 - 假定为 int。注意: C++ 不支持默认 int [D:\github\ink\build\src\lib\semantic\ink_semantic.vcxproj]
  (编译源文件“../../../../../src/lib/semantic/analyzer/decl/analyzer_function.cpp”)
  
D:\github\ink\src\include\ink\semantic\analyzer\analyzer.h(129,82): error C2143: 语法错误: 缺少“,”(在“&”的前面) [D:\github\ink\build\src\lib\semantic\ink_semantic.vcxproj]
D:\github\ink\src\third_party\llvm\llvm\include\llvm\BinaryFormat\ELFRelocs\LoongArch.def(1,1): warning C4819: 该文件包含不能在当前代码页(936)中表示的字符。请将该文件保存为 Unicode 格式以防止数据丢失 [D:\github\ink\build\third_party\llvm\lib\Object\LLVMObject.vcxproj]
  (编译源文件“../../../../../src/third_party/llvm/llvm/lib/Object/BuildID.cpp”)
  
  (编译源文件“../../../../../src/lib/semantic/analyzer/decl/analyzer_function.cpp”)
  
D:\github\ink\src\third_party\llvm\llvm\include\llvm\BinaryFormat\DXContainer.h(1,1): warning C4819: 该文件包含不能在当前代码页(936)中表示的字符。请将该文件保存为 Unicode 格式以防止数据丢失 [D:\github\ink\build\third_party\llvm\lib\Object\LLVMObject.vcxproj]
  (编译源文件“../../../../../src/third_party/llvm/llvm/lib/Object/ObjectFile.cpp”)
  
D:\github\ink\src\third_party\llvm\llvm\include\llvm\BinaryFormat\ELFRelocs\LoongArch.def(1,1): warning C4819: 该文件包含不能在当前代码页(936)中表示的字符。请将该文件保存为 Unicode 格式以防止数据丢失 [D:\github\ink\build\third_party\llvm\lib\Object\LLVMObject.vcxproj]
  (编译源文件“../../../../../src/third_party/llvm/llvm/lib/Object/ELF.cpp”)
  
D:\github\ink\src\third_party\llvm\llvm\include\llvm\BinaryFormat\ELFRelocs\LoongArch.def(1,1): warning C4819: 该文件包含不能在当前代码页(936)中表示的字符。请将该文件保存为 Unicode 格式以防止数据丢失 [D:\github\ink\build\third_party\llvm\lib\Object\LLVMObject.vcxproj]
  (编译源文件“../../../../../src/third_party/llvm/llvm/lib/Object/RelocationResolver.cpp”)
  
  WasmObjectFile.cpp
D:\github\ink\src\third_party\llvm\llvm\include\llvm\BinaryFormat\ELFRelocs\LoongArch.def(1,1): warning C4819: 该文件包含不能在当前代码页(936)中表示的字符。请将该文件保存为 Unicode 格式以防止数据丢失 [D:\github\ink\build\third_party\llvm\lib\Object\LLVMObject.vcxproj]
  (编译源文件“../../../../../src/third_party/llvm/llvm/lib/Object/Decompressor.cpp”)
  
D:\github\ink\src\third_party\llvm\llvm\include\llvm\BinaryFormat\ELFRelocs\LoongArch.def(1,1): warning C4819: 该文件包含不能在当前代码页(936)中表示的字符。请将该文件保存为 Unicode 格式以防止数据丢失 [D:\github\ink\build\third_party\llvm\lib\Object\LLVMObject.vcxproj]
  (编译源文件“../../../../../src/third_party/llvm/llvm/lib/Object/SymbolSize.cpp”)
  
  WindowsMachineFlag.cpp
  WindowsResource.cpp
  XCOFFObjectFile.cpp
D:\github\ink\src\third_party\llvm\llvm\include\llvm\BinaryFormat\ELFRelocs\LoongArch.def(1,1): warning C4819: 该文件包含不能在当前代码页(936)中表示的字符。请将该文件保存为 Unicode 格式以防止数据丢失 [D:\github\ink\build\third_party\llvm\lib\Object\LLVMObject.vcxproj]
  (编译源文件“../../../../../src/third_party/llvm/llvm/lib/Object/OffloadBundle.cpp”)
  
D:\github\ink\src\third_party\llvm\llvm\include\llvm\BinaryFormat\ELFRelocs\LoongArch.def(1,1): warning C4819: 该文件包含不能在当前代码页(936)中表示的字符。请将该文件保存为 Unicode 格式以防止数据丢失 [D:\github\ink\build\third_party\llvm\lib\Object\LLVMObject.vcxproj]
  (编译源文件“../../../../../src/third_party/llvm/llvm/lib/Object/OffloadBinary.cpp”)
  
  analyzer_interface.cpp
D:\github\ink\src\include\ink\semantic\analyzer\analyzer.h(129,67): error C2039: "BindingPattern": 不是 "ink::parser" 的成员 [D:\github\ink\build\src\lib\semantic\ink_semantic.vcxproj]
  (编译源文件“../../../../../src/lib/semantic/analyzer/decl/analyzer_interface.cpp”)
      D:\github\ink\src\include\ink\semantic\analyzer\analyzer.h(17,11):
      参见“ink::parser”的声明
  
D:\github\ink\src\include\ink\semantic\analyzer\analyzer.h(129,53): error C4430: 缺少类型说明符 - 假定为 int。注意: C++ 不支持默认 int [D:\github\ink\build\src\lib\semantic\ink_semantic.vcxproj]
  (编译源文件“../../../../../src/lib/semantic/analyzer/decl/analyzer_interface.cpp”)
  
D:\github\ink\src\include\ink\semantic\analyzer\analyzer.h(129,82): error C2143: 语法错误: 缺少“,”(在“&”的前面) [D:\github\ink\build\src\lib\semantic\ink_semantic.vcxproj]
  (编译源文件“../../../../../src/lib/semantic/analyzer/decl/analyzer_interface.cpp”)
  
  LLVMX86AsmParser.vcxproj -> D:\github\ink\build\third_party\llvm\Release\lib\LLVMX86AsmParser.lib
  analyzer_lifecycle.cpp
D:\github\ink\src\include\ink\semantic\analyzer\analyzer.h(129,67): error C2039: "BindingPattern": 不是 "ink::parser" 的成员 [D:\github\ink\build\src\lib\semantic\ink_semantic.vcxproj]
  (编译源文件“../../../../../src/lib/semantic/analyzer/decl/analyzer_lifecycle.cpp”)
      D:\github\ink\src\include\ink\semantic\analyzer\analyzer.h(17,11):
      参见“ink::parser”的声明
  
D:\github\ink\src\include\ink\semantic\analyzer\analyzer.h(129,53): error C4430: 缺少类型说明符 - 假定为 int。注意: C++ 不支持默认 int [D:\github\ink\build\src\lib\semantic\ink_semantic.vcxproj]
  (编译源文件“../../../../../src/lib/semantic/analyzer/decl/analyzer_lifecycle.cpp”)
  
D:\github\ink\src\include\ink\semantic\analyzer\analyzer.h(129,82): error C2143: 语法错误: 缺少“,”(在“&”的前面) [D:\github\ink\build\src\lib\semantic\ink_semantic.vcxproj]
  (编译源文件“../../../../../src/lib/semantic/analyzer/decl/analyzer_lifecycle.cpp”)
  
  analyzer_variable.cpp
D:\github\ink\src\include\ink\semantic\analyzer\analyzer.h(129,67): error C2039: "BindingPattern": 不是 "ink::parser" 的成员 [D:\github\ink\build\src\lib\semantic\ink_semantic.vcxproj]
  (编译源文件“../../../../../src/lib/semantic/analyzer/decl/analyzer_variable.cpp”)
      D:\github\ink\src\include\ink\semantic\analyzer\analyzer.h(17,11):
      参见“ink::parser”的声明
  
D:\github\ink\src\include\ink\semantic\analyzer\analyzer.h(129,53): error C4430: 缺少类型说明符 - 假定为 int。注意: C++ 不支持默认 int [D:\github\ink\build\src\lib\semantic\ink_semantic.vcxproj]
  (编译源文件“../../../../../src/lib/semantic/analyzer/decl/analyzer_variable.cpp”)
  
D:\github\ink\src\include\ink\semantic\analyzer\analyzer.h(129,82): error C2143: 语法错误: 缺少“,”(在“&”的前面) [D:\github\ink\build\src\lib\semantic\ink_semantic.vcxproj]
  (编译源文件“../../../../../src/lib/semantic/analyzer/decl/analyzer_variable.cpp”)
  
  analyzer_array.cpp
D:\github\ink\src\include\ink\semantic\analyzer\analyzer.h(129,67): error C2039: "BindingPattern": 不是 "ink::parser" 的成员 [D:\github\ink\build\src\lib\semantic\ink_semantic.vcxproj]
  (编译源文件“../../../../../src/lib/semantic/analyzer/expr/analyzer_array.cpp”)
      D:\github\ink\src\include\ink\semantic\analyzer\analyzer.h(17,11):
      参见“ink::parser”的声明
  
D:\github\ink\src\include\ink\semantic\analyzer\analyzer.h(129,53): error C4430: 缺少类型说明符 - 假定为 int。注意: C++ 不支持默认 int [D:\github\ink\build\src\lib\semantic\ink_semantic.vcxproj]
  (编译源文件“../../../../../src/lib/semantic/analyzer/expr/analyzer_array.cpp”)
  
D:\github\ink\src\include\ink\semantic\analyzer\analyzer.h(129,82): error C2143: 语法错误: 缺少“,”(在“&”的前面) [D:\github\ink\build\src\lib\semantic\ink_semantic.vcxproj]
  (编译源文件“../../../../../src/lib/semantic/analyzer/expr/analyzer_array.cpp”)
  
  LLVMObject.vcxproj -> D:\github\ink\build\third_party\llvm\Release\lib\LLVMObject.lib
  Building Custom Rule D:/github/ink/src/third_party/llvm/llvm/lib/DebugInfo/DWARF/CMakeLists.txt
  Building Custom Rule D:/github/ink/src/third_party/llvm/llvm/lib/DebugInfo/PDB/CMakeLists.txt
  Building Custom Rule D:/github/ink/src/third_party/llvm/llvm/lib/ObjectYAML/CMakeLists.txt
  analyzer_binary.cpp
  DWARFAbbreviationDeclaration.cpp
  ArchiveEmitter.cpp
  DWARFAddressRange.cpp
  DWARFAcceleratorTable.cpp
  ArchiveYAML.cpp
  DWARFCFIPrinter.cpp
  CodeViewYAMLDebugSections.cpp
  DWARFCompileUnit.cpp
  DWARFContext.cpp
  DWARFDebugAbbrev.cpp
  DWARFDebugAddr.cpp
  CodeViewYAMLSymbols.cpp
  CodeViewYAMLTypeHashing.cpp
  CodeViewYAMLTypes.cpp
  DWARFDebugArangeSet.cpp
  COFFEmitter.cpp
  DWARFDebugAranges.cpp
  DWARFDebugFrame.cpp
  COFFYAML.cpp
  DWARFDebugInfoEntry.cpp
  DWARFEmitter.cpp
  DWARFYAML.cpp
  DWARFDebugLine.cpp
  DWARFDebugLoc.cpp
  DXContainerEmitter.cpp
  DWARFDebugMacro.cpp
  DXContainerYAML.cpp
  DWARFDebugPubTable.cpp
  DWARFDebugRangeList.cpp
  ELFEmitter.cpp
  DWARFDebugRnglists.cpp
  ELFYAML.cpp
  GOFFEmitter.cpp
  DWARFDie.cpp
  GOFFYAML.cpp
  MachOEmitter.cpp
  DWARFExpressionPrinter.cpp
  MachOYAML.cpp
  DWARFFormValue.cpp
  DWARFGdbIndex.cpp
  DWARFListTable.cpp
  DWARFLocationExpression.cpp
  ObjectYAML.cpp
D:\github\ink\src\third_party\llvm\llvm\include\llvm\BinaryFormat\DXContainer.h(1,1): warning C4819: 该文件包含不能在当前代码页(936)中表示的字符。请将该文件保存为 Unicode 格式以防止数据丢失 [D:\github\ink\build\third_party\llvm\lib\ObjectYAML\LLVMObjectYAML.vcxproj]
  DWARFTypeUnit.cpp
  DWARFUnitIndex.cpp
  (编译源文件“../../../../../../src/third_party/llvm/llvm/lib/ObjectYAML/DXContainerEmitter.cpp”)
  
  DWARFUnit.cpp
  MinidumpEmitter.cpp
  MinidumpYAML.cpp
  DWARFUnwindTablePrinter.cpp
  OffloadEmitter.cpp
  OffloadYAML.cpp
  DWARFVerifier.cpp
  WasmEmitter.cpp
D:\github\ink\src\include\ink\semantic\analyzer\analyzer.h(129,67): error C2039: "BindingPattern": 不是 "ink::parser" 的成员 [D:\github\ink\build\src\lib\semantic\ink_semantic.vcxproj]
  WasmYAML.cpp
  XCOFFEmitter.cpp
  (编译源文件“../../../../../../src/lib/semantic/analyzer/expr/analyzer_binary.cpp”)
      D:\github\ink\src\include\ink\semantic\analyzer\analyzer.h(17,11):
      参见“ink::parser”的声明
  
  XCOFFYAML.cpp
  YAML.cpp
D:\github\ink\src\include\ink\semantic\analyzer\analyzer.h(129,53): error C4430: 缺少类型说明符 - 假定为 int。注意: C++ 不支持默认 int [D:\github\ink\build\src\lib\semantic\ink_semantic.vcxproj]
  (编译源文件“../../../../../../src/lib/semantic/analyzer/expr/analyzer_binary.cpp”)
  
  yaml2obj.cpp
D:\github\ink\src\include\ink\semantic\analyzer\analyzer.h(129,82): error C2143: 语法错误: 缺少“,”(在“&”的前面) [D:\github\ink\build\src\lib\semantic\ink_semantic.vcxproj]
  (编译源文件“../../../../../../src/lib/semantic/analyzer/expr/analyzer_binary.cpp”)
  
D:\github\ink\src\third_party\llvm\llvm\include\llvm\BinaryFormat\DXContainer.h(1,1): warning C4819: 该文件包含不能在当前代码页(936)中表示的字符。请将该文件保存为 Unicode 格式以防止数据丢失 [D:\github\ink\build\third_party\llvm\lib\ObjectYAML\LLVMObjectYAML.vcxproj]
  (编译源文件“../../../../../../src/third_party/llvm/llvm/lib/ObjectYAML/DXContainerYAML.cpp”)
  
D:\github\ink\src\third_party\llvm\llvm\include\llvm\BinaryFormat\ELFRelocs\LoongArch.def(1,1): warning C4819: 该文件包含不能在当前代码页(936)中表示的字符。请将该文件保存为 Unicode 格式以防止数据丢失 [D:\github\ink\build\third_party\llvm\lib\ObjectYAML\LLVMObjectYAML.vcxproj]
  (编译源文件“../../../../../../src/third_party/llvm/llvm/lib/ObjectYAML/ELFYAML.cpp”)
  
D:\github\ink\src\third_party\llvm\llvm\include\llvm\BinaryFormat\ELFRelocs\LoongArch.def(1,1): warning C4819: 该文件包含不能在当前代码页(936)中表示的字符。请将该文件保存为 Unicode 格式以防止数据丢失 [D:\github\ink\build\third_party\llvm\lib\ObjectYAML\LLVMObjectYAML.vcxproj]
  (编译源文件“../../../../../../src/third_party/llvm/llvm/lib/ObjectYAML/ELFEmitter.cpp”)
  
  GenericError.cpp
  IPDBSourceFile.cpp
  PDB.cpp
  PDBContext.cpp
  PDBExtras.cpp
D:\github\ink\src\third_party\llvm\llvm\include\llvm\BinaryFormat\DXContainer.h(1,1): warning C4819: 该文件包含不能在当前代码页(936)中表示的字符。请将该文件保存为 Unicode 格式以防止数据丢失 [D:\github\ink\build\third_party\llvm\lib\ObjectYAML\LLVMObjectYAML.vcxproj]
  (编译源文件“../../../../../../src/third_party/llvm/llvm/lib/ObjectYAML/WasmEmitter.cpp”)
  
  PDBInterfaceAnchors.cpp
  PDBSymbol.cpp
  PDBSymbolAnnotation.cpp
  PDBSymbolBlock.cpp
  PDBSymbolCompiland.cpp
  PDBSymbolCompilandDetails.cpp
  PDBSymbolCompilandEnv.cpp
  PDBSymbolCustom.cpp
  PDBSymbolData.cpp
  PDBSymbolExe.cpp
  PDBSymbolFunc.cpp
  PDBSymbolFuncDebugEnd.cpp
  PDBSymbolFuncDebugStart.cpp
D:\github\ink\src\third_party\llvm\llvm\include\llvm\BinaryFormat\DXContainer.h(1,1): warning C4819: 该文件包含不能在当前代码页(936)中表示的字符。请将该文件保存为 Unicode 格式以防止数据丢失 [D:\github\ink\build\third_party\llvm\lib\ObjectYAML\LLVMObjectYAML.vcxproj]
  (编译源文件“../../../../../../src/third_party/llvm/llvm/lib/ObjectYAML/ObjectYAML.cpp”)
  
  PDBSymbolLabel.cpp
  PDBSymbolPublicSymbol.cpp
  PDBSymbolThunk.cpp
D:\github\ink\src\third_party\llvm\llvm\include\llvm\BinaryFormat\DXContainer.h(1,1): warning C4819: 该文件包含不能在当前代码页(936)中表示的字符。请将该文件保存为 Unicode 格式以防止数据丢失 [D:\github\ink\build\third_party\llvm\lib\ObjectYAML\LLVMObjectYAML.vcxproj]
  (编译源文件“../../../../../../src/third_party/llvm/llvm/lib/ObjectYAML/COFFEmitter.cpp”)
  
  PDBSymbolTypeArray.cpp
  PDBSymbolTypeBaseClass.cpp
D:\github\ink\src\third_party\llvm\llvm\include\llvm\BinaryFormat\DXContainer.h(1,1): warning C4819: 该文件包含不能在当前代码页(936)中表示的字符。请将该文件保存为 Unicode 格式以防止数据丢失 [D:\github\ink\build\third_party\llvm\lib\ObjectYAML\LLVMObjectYAML.vcxproj]
  (编译源文件“../../../../../../src/third_party/llvm/llvm/lib/ObjectYAML/MachOEmitter.cpp”)
  
  PDBSymbolTypeBuiltin.cpp
  analyzer_call.cpp
D:\github\ink\src\third_party\llvm\llvm\include\llvm\BinaryFormat\ELFRelocs\LoongArch.def(1,1): warning C4819: 该文件包含不能在当前代码页(936)中表示的字符。请将该文件保存为 Unicode 格式以防止数据丢失 [D:\github\ink\build\third_party\llvm\lib\ObjectYAML\LLVMObjectYAML.vcxproj]
  (编译源文件“../../../../../../src/third_party/llvm/llvm/lib/ObjectYAML/WasmEmitter.cpp”)
  
  PDBSymbolTypeCustom.cpp
  PDBSymbolTypeDimension.cpp
  PDBSymbolTypeEnum.cpp
  PDBSymbolTypeFriend.cpp
  PDBSymbolTypeFunctionArg.cpp
  PDBSymbolTypeFunctionSig.cpp
D:\github\ink\src\third_party\llvm\llvm\include\llvm\BinaryFormat\ELFRelocs\LoongArch.def(1,1): warning C4819: 该文件包含不能在当前代码页(936)中表示的字符。请将该文件保存为 Unicode 格式以防止数据丢失 [D:\github\ink\build\third_party\llvm\lib\ObjectYAML\LLVMObjectYAML.vcxproj]
  (编译源文件“../../../../../../src/third_party/llvm/llvm/lib/ObjectYAML/ObjectYAML.cpp”)
  
D:\github\ink\src\third_party\llvm\llvm\include\llvm\BinaryFormat\DXContainer.h(1,1): warning C4819: 该文件包含不能在当前代码页(936)中表示的字符。请将该文件保存为 Unicode 格式以防止数据丢失 [D:\github\ink\build\third_party\llvm\lib\ObjectYAML\LLVMObjectYAML.vcxproj]
  (编译源文件“../../../../../../src/third_party/llvm/llvm/lib/ObjectYAML/XCOFFEmitter.cpp”)
  
D:\github\ink\src\third_party\llvm\llvm\include\llvm\BinaryFormat\DXContainer.h(1,1): warning C4819: 该文件包含不能在当前代码页(936)中表示的字符。请将该文件保存为 Unicode 格式以防止数据丢失 [D:\github\ink\build\third_party\llvm\lib\ObjectYAML\LLVMObjectYAML.vcxproj]
  (编译源文件“../../../../../../src/third_party/llvm/llvm/lib/ObjectYAML/yaml2obj.cpp”)
  
D:\github\ink\src\third_party\llvm\llvm\include\llvm\BinaryFormat\ELFRelocs\LoongArch.def(1,1): warning C4819: 该文件包含不能在当前代码页(936)中表示的字符。请将该文件保存为 Unicode 格式以防止数据丢失 [D:\github\ink\build\third_party\llvm\lib\ObjectYAML\LLVMObjectYAML.vcxproj]
  (编译源文件“../../../../../../src/third_party/llvm/llvm/lib/ObjectYAML/DXContainerEmitter.cpp”)
  
D:\github\ink\src\third_party\llvm\llvm\include\llvm\BinaryFormat\ELFRelocs\LoongArch.def(1,1): warning C4819: 该文件包含不能在当前代码页(936)中表示的字符。请将该文件保存为 Unicode 格式以防止数据丢失 [D:\github\ink\build\third_party\llvm\lib\ObjectYAML\LLVMObjectYAML.vcxproj]
  (编译源文件“../../../../../../src/third_party/llvm/llvm/lib/ObjectYAML/XCOFFEmitter.cpp”)
  
D:\github\ink\src\third_party\llvm\llvm\include\llvm\BinaryFormat\ELFRelocs\LoongArch.def(1,1): warning C4819: 该文件包含不能在当前代码页(936)中表示的字符。请将该文件保存为 Unicode 格式以防止数据丢失 [D:\github\ink\build\third_party\llvm\lib\ObjectYAML\LLVMObjectYAML.vcxproj]
  (编译源文件“../../../../../../src/third_party/llvm/llvm/lib/ObjectYAML/yaml2obj.cpp”)
  
  PDBSymbolTypeManaged.cpp
D:\github\ink\src\third_party\llvm\llvm\include\llvm\BinaryFormat\DXContainer.h(1,1): warning C4819: 该文件包含不能在当前代码页(936)中表示的字符。请将该文件保存为 Unicode 格式以防止数据丢失 [D:\github\ink\build\third_party\llvm\lib\ObjectYAML\LLVMObjectYAML.vcxproj]
  (编译源文件“../../../../../../src/third_party/llvm/llvm/lib/ObjectYAML/GOFFEmitter.cpp”)
  
  PDBSymbolTypePointer.cpp
D:\github\ink\src\third_party\llvm\llvm\include\llvm\BinaryFormat\ELFRelocs\LoongArch.def(1,1): warning C4819: 该文件包含不能在当前代码页(936)中表示的字符。请将该文件保存为 Unicode 格式以防止数据丢失 [D:\github\ink\build\third_party\llvm\lib\ObjectYAML\LLVMObjectYAML.vcxproj]
  (编译源文件“../../../../../../src/third_party/llvm/llvm/lib/ObjectYAML/ELFYAML.cpp”)
  
D:\github\ink\src\third_party\llvm\llvm\include\llvm\BinaryFormat\ELFRelocs\LoongArch.def(1,1): warning C4819: 该文件包含不能在当前代码页(936)中表示的字符。请将该文件保存为 Unicode 格式以防止数据丢失 [D:\github\ink\build\third_party\llvm\lib\ObjectYAML\LLVMObjectYAML.vcxproj]
  (编译源文件“../../../../../../src/third_party/llvm/llvm/lib/ObjectYAML/MachOEmitter.cpp”)
  
  PDBSymbolTypeTypedef.cpp
D:\github\ink\src\third_party\llvm\llvm\include\llvm\BinaryFormat\ELFRelocs\LoongArch.def(1,1): warning C4819: 该文件包含不能在当前代码页(936)中表示的字符。请将该文件保存为 Unicode 格式以防止数据丢失 [D:\github\ink\build\third_party\llvm\lib\ObjectYAML\LLVMObjectYAML.vcxproj]
  (编译源文件“../../../../../../src/third_party/llvm/llvm/lib/ObjectYAML/COFFEmitter.cpp”)
  
  PDBSymbolTypeUDT.cpp
  PDBSymbolTypeVTable.cpp
  PDBSymbolTypeVTableShape.cpp
  PDBSymbolUnknown.cpp
  PDBSymbolUsingNamespace.cpp
  PDBSymDumper.cpp
D:\github\ink\src\third_party\llvm\llvm\include\llvm\BinaryFormat\ELFRelocs\LoongArch.def(1,1): warning C4819: 该文件包含不能在当前代码页(936)中表示的字符。请将该文件保存为 Unicode 格式以防止数据丢失 [D:\github\ink\build\third_party\llvm\lib\ObjectYAML\LLVMObjectYAML.vcxproj]
  (编译源文件“../../../../../../src/third_party/llvm/llvm/lib/ObjectYAML/GOFFEmitter.cpp”)
  
  UDTLayout.cpp
  DbiModuleDescriptor.cpp
D:\github\ink\src\third_party\llvm\llvm\lib\DebugInfo\DWARF\DWARFVerifier.cpp(1488,1): warning C4819: 该文件包含不能在当前代码页(936)中表示的字符。请将该文件保存为 Unicode 格式以防止数据丢失 [D:\github\ink\build\third_party\llvm\lib\DebugInfo\DWARF\LLVMDebugInfoDWARF.vcxproj]
  DbiModuleDescriptorBuilder.cpp
  DbiModuleList.cpp
  DbiStream.cpp
D:\github\ink\src\include\ink\semantic\analyzer\analyzer.h(129,67): error C2039: "BindingPattern": 不是 "ink::parser" 的成员 [D:\github\ink\build\src\lib\semantic\ink_semantic.vcxproj]
  (编译源文件“../../../../../../src/lib/semantic/analyzer/expr/analyzer_call.cpp”)
      D:\github\ink\src\include\ink\semantic\analyzer\analyzer.h(17,11):
      参见“ink::parser”的声明
  
D:\github\ink\src\include\ink\semantic\analyzer\analyzer.h(129,53): error C4430: 缺少类型说明符 - 假定为 int。注意: C++ 不支持默认 int [D:\github\ink\build\src\lib\semantic\ink_semantic.vcxproj]
  DbiStreamBuilder.cpp
  (编译源文件“../../../../../../src/lib/semantic/analyzer/expr/analyzer_call.cpp”)
  
  EnumTables.cpp
  FormatUtil.cpp
D:\github\ink\src\include\ink\semantic\analyzer\analyzer.h(129,82): error C2143: 语法错误: 缺少“,”(在“&”的前面) [D:\github\ink\build\src\lib\semantic\ink_semantic.vcxproj]
  (编译源文件“../../../../../../src/lib/semantic/analyzer/expr/analyzer_call.cpp”)
  
  GlobalsStream.cpp
  Hash.cpp
  HashTable.cpp
  InfoStream.cpp
  InfoStreamBuilder.cpp
  InjectedSourceStream.cpp
  InputFile.cpp
  LinePrinter.cpp
  ModuleDebugStream.cpp
  NativeCompilandSymbol.cpp
  NativeEnumGlobals.cpp
  NativeEnumInjectedSources.cpp
  NativeEnumLineNumbers.cpp
  NativeEnumModules.cpp
  NativeEnumTypes.cpp
  NativeEnumSymbols.cpp
  NativeExeSymbol.cpp
  NativeFunctionSymbol.cpp
  NativeInlineSiteSymbol.cpp
  NativeLineNumber.cpp
  NativePublicSymbol.cpp
  NativeRawSymbol.cpp
  NativeSourceFile.cpp
  NativeSymbolEnumerator.cpp
  NativeTypeArray.cpp
  NativeTypeBuiltin.cpp
  NativeTypeEnum.cpp
  NativeTypeFunctionSig.cpp
  analyzer_conversion.cpp
  NativeTypePointer.cpp
  NativeTypeTypedef.cpp
  NativeTypeUDT.cpp
  NativeTypeVTShape.cpp
  NamedStreamMap.cpp
  NativeSession.cpp
  PDBFile.cpp
  PDBFileBuilder.cpp
  PDBStringTable.cpp
  PDBStringTableBuilder.cpp
  PublicsStream.cpp
  GSIStreamBuilder.cpp
  RawError.cpp
  SymbolCache.cpp
  SymbolStream.cpp
  TpiHashing.cpp
D:\github\ink\src\include\ink\semantic\analyzer\analyzer.h(129,67): error C2039: "BindingPattern": 不是 "ink::parser" 的成员 [D:\github\ink\build\src\lib\semantic\ink_semantic.vcxproj]
  (编译源文件“../../../../../../src/lib/semantic/analyzer/expr/analyzer_conversion.cpp”)
      D:\github\ink\src\include\ink\semantic\analyzer\analyzer.h(17,11):
      参见“ink::parser”的声明
  
D:\github\ink\src\include\ink\semantic\analyzer\analyzer.h(129,53): error C4430: 缺少类型说明符 - 假定为 int。注意: C++ 不支持默认 int [D:\github\ink\build\src\lib\semantic\ink_semantic.vcxproj]
  TpiStream.cpp
  (编译源文件“../../../../../../src/lib/semantic/analyzer/expr/analyzer_conversion.cpp”)
  
D:\github\ink\src\include\ink\semantic\analyzer\analyzer.h(129,82): error C2143: 语法错误: 缺少“,”(在“&”的前面) [D:\github\ink\build\src\lib\semantic\ink_semantic.vcxproj]
  (编译源文件“../../../../../../src/lib/semantic/analyzer/expr/analyzer_conversion.cpp”)
  
  TpiStreamBuilder.cpp
  analyzer_expr.cpp
D:\github\ink\src\include\ink\semantic\analyzer\analyzer.h(129,67): error C2039: "BindingPattern": 不是 "ink::parser" 的成员 [D:\github\ink\build\src\lib\semantic\ink_semantic.vcxproj]
  (编译源文件“../../../../../../src/lib/semantic/analyzer/expr/analyzer_expr.cpp”)
      D:\github\ink\src\include\ink\semantic\analyzer\analyzer.h(17,11):
      参见“ink::parser”的声明
  
D:\github\ink\src\include\ink\semantic\analyzer\analyzer.h(129,53): error C4430: 缺少类型说明符 - 假定为 int。注意: C++ 不支持默认 int [D:\github\ink\build\src\lib\semantic\ink_semantic.vcxproj]
  (编译源文件“../../../../../../src/lib/semantic/analyzer/expr/analyzer_expr.cpp”)
  
D:\github\ink\src\include\ink\semantic\analyzer\analyzer.h(129,82): error C2143: 语法错误: 缺少“,”(在“&”的前面) [D:\github\ink\build\src\lib\semantic\ink_semantic.vcxproj]
  (编译源文件“../../../../../../src/lib/semantic/analyzer/expr/analyzer_expr.cpp”)
  
  LLVMDebugInfoDWARF.vcxproj -> D:\github\ink\build\third_party\llvm\Release\lib\LLVMDebugInfoDWARF.lib
  Building Custom Rule D:/github/ink/src/third_party/llvm/llvm/lib/DebugInfo/GSYM/CMakeLists.txt
  DwarfTransformer.cpp
  Header.cpp
  FileWriter.cpp
  FunctionInfo.cpp
  GsymCreator.cpp
  GsymContext.cpp
  GsymReader.cpp
  InlineInfo.cpp
  LineTable.cpp
  LookupResult.cpp
  CallSiteInfo.cpp
  MergedFunctionsInfo.cpp
  ObjectFileTransformer.cpp
  ExtractRanges.cpp
  analyzer_literal.cpp
D:\github\ink\src\third_party\llvm\llvm\include\llvm\BinaryFormat\ELFRelocs\LoongArch.def(1,1): warning C4819: 该文件包含不能在当前代码页(936)中表示的字符。请将该文件保存为 Unicode 格式以防止数据丢失 [D:\github\ink\build\third_party\llvm\lib\DebugInfo\GSYM\LLVMDebugInfoGSYM.vcxproj]
  (编译源文件“../../../../../../src/third_party/llvm/llvm/lib/DebugInfo/GSYM/ObjectFileTransformer.cpp”)
  
D:\github\ink\src\include\ink\semantic\analyzer\analyzer.h(129,67): error C2039: "BindingPattern": 不是 "ink::parser" 的成员 [D:\github\ink\build\src\lib\semantic\ink_semantic.vcxproj]
  (编译源文件“../../../../../../src/lib/semantic/analyzer/expr/analyzer_literal.cpp”)
      D:\github\ink\src\include\ink\semantic\analyzer\analyzer.h(17,11):
      参见“ink::parser”的声明
  
D:\github\ink\src\include\ink\semantic\analyzer\analyzer.h(129,53): error C4430: 缺少类型说明符 - 假定为 int。注意: C++ 不支持默认 int [D:\github\ink\build\src\lib\semantic\ink_semantic.vcxproj]
  (编译源文件“../../../../../../src/lib/semantic/analyzer/expr/analyzer_literal.cpp”)
  
D:\github\ink\src\include\ink\semantic\analyzer\analyzer.h(129,82): error C2143: 语法错误: 缺少“,”(在“&”的前面) [D:\github\ink\build\src\lib\semantic\ink_semantic.vcxproj]
  (编译源文件“../../../../../../src/lib/semantic/analyzer/expr/analyzer_literal.cpp”)
  
D:\github\ink\src\third_party\llvm\llvm\include\llvm\Support\Jobserver.h(1,1): warning C4819: 该文件包含不能在当前代码页(936)中表示的字符。请将该文件保存为 Unicode 格式以防止数据丢失 [D:\github\ink\build\third_party\llvm\lib\DebugInfo\GSYM\LLVMDebugInfoGSYM.vcxproj]
  (编译源文件“../../../../../../src/third_party/llvm/llvm/lib/DebugInfo/GSYM/DwarfTransformer.cpp”)
  
  LLVMDebugInfoPDB.vcxproj -> D:\github\ink\build\third_party\llvm\Release\lib\LLVMDebugInfoPDB.lib
  analyzer_member.cpp
D:\github\ink\src\include\ink\semantic\analyzer\analyzer.h(129,67): error C2039: "BindingPattern": 不是 "ink::parser" 的成员 [D:\github\ink\build\src\lib\semantic\ink_semantic.vcxproj]
  (编译源文件“../../../../../../src/lib/semantic/analyzer/expr/analyzer_member.cpp”)
      D:\github\ink\src\include\ink\semantic\analyzer\analyzer.h(17,11):
      参见“ink::parser”的声明
  
D:\github\ink\src\include\ink\semantic\analyzer\analyzer.h(129,53): error C4430: 缺少类型说明符 - 假定为 int。注意: C++ 不支持默认 int [D:\github\ink\build\src\lib\semantic\ink_semantic.vcxproj]
  (编译源文件“../../../../../../src/lib/semantic/analyzer/expr/analyzer_member.cpp”)
  
D:\github\ink\src\include\ink\semantic\analyzer\analyzer.h(129,82): error C2143: 语法错误: 缺少“,”(在“&”的前面) [D:\github\ink\build\src\lib\semantic\ink_semantic.vcxproj]
  (编译源文件“../../../../../../src/lib/semantic/analyzer/expr/analyzer_member.cpp”)
  
  LLVMDebugInfoGSYM.vcxproj -> D:\github\ink\build\third_party\llvm\Release\lib\LLVMDebugInfoGSYM.lib
  Building Custom Rule D:/github/ink/src/third_party/llvm/llvm/lib/DebugInfo/Symbolize/CMakeLists.txt
  DIPrinter.cpp
  Markup.cpp
  MarkupFilter.cpp
  SymbolizableObjectFile.cpp
  Symbolize.cpp
  LLVMObjectYAML.vcxproj -> D:\github\ink\build\third_party\llvm\Release\lib\LLVMObjectYAML.lib
  analyzer_name.cpp
D:\github\ink\src\third_party\llvm\llvm\include\llvm\BinaryFormat\ELFRelocs\LoongArch.def(1,1): warning C4819: 该文件包含不能在当前代码页(936)中表示的字符。请将该文件保存为 Unicode 格式以防止数据丢失 [D:\github\ink\build\third_party\llvm\lib\DebugInfo\Symbolize\LLVMSymbolize.vcxproj]
D:\github\ink\src\include\ink\semantic\analyzer\analyzer.h(129,67): error C2039: "BindingPattern": 不是 "ink::parser" 的成员 [D:\github\ink\build\src\lib\semantic\ink_semantic.vcxproj]
  (编译源文件“../../../../../../src/lib/semantic/analyzer/expr/analyzer_name.cpp”)
      D:\github\ink\src\include\ink\semantic\analyzer\analyzer.h(17,11):
      参见“ink::parser”的声明
  
D:\github\ink\src\include\ink\semantic\analyzer\analyzer.h(129,53): error C4430: 缺少类型说明符 - 假定为 int。注意: C++ 不支持默认 int [D:\github\ink\build\src\lib\semantic\ink_semantic.vcxproj]
  (编译源文件“../../../../../../src/lib/semantic/analyzer/expr/analyzer_name.cpp”)
  
D:\github\ink\src\include\ink\semantic\analyzer\analyzer.h(129,82): error C2143: 语法错误: 缺少“,”(在“&”的前面) [D:\github\ink\build\src\lib\semantic\ink_semantic.vcxproj]
  (编译源文件“../../../../../../src/lib/semantic/analyzer/expr/analyzer_name.cpp”)
  
  (编译源文件“../../../../../../src/third_party/llvm/llvm/lib/DebugInfo/Symbolize/SymbolizableObjectFile.cpp”)
  
D:\github\ink\src\third_party\llvm\llvm\include\llvm\BinaryFormat\ELFRelocs\LoongArch.def(1,1): warning C4819: 该文件包含不能在当前代码页(936)中表示的字符。请将该文件保存为 Unicode 格式以防止数据丢失 [D:\github\ink\build\third_party\llvm\lib\DebugInfo\Symbolize\LLVMSymbolize.vcxproj]
  (编译源文件“../../../../../../src/third_party/llvm/llvm/lib/DebugInfo/Symbolize/Symbolize.cpp”)
  
  analyzer_paren.cpp
D:\github\ink\src\include\ink\semantic\analyzer\analyzer.h(129,67): error C2039: "BindingPattern": 不是 "ink::parser" 的成员 [D:\github\ink\build\src\lib\semantic\ink_semantic.vcxproj]
  (编译源文件“../../../../../../src/lib/semantic/analyzer/expr/analyzer_paren.cpp”)
      D:\github\ink\src\include\ink\semantic\analyzer\analyzer.h(17,11):
      参见“ink::parser”的声明
  
D:\github\ink\src\include\ink\semantic\analyzer\analyzer.h(129,53): error C4430: 缺少类型说明符 - 假定为 int。注意: C++ 不支持默认 int [D:\github\ink\build\src\lib\semantic\ink_semantic.vcxproj]
  (编译源文件“../../../../../../src/lib/semantic/analyzer/expr/analyzer_paren.cpp”)
  
D:\github\ink\src\include\ink\semantic\analyzer\analyzer.h(129,82): error C2143: 语法错误: 缺少“,”(在“&”的前面) [D:\github\ink\build\src\lib\semantic\ink_semantic.vcxproj]
  (编译源文件“../../../../../../src/lib/semantic/analyzer/expr/analyzer_paren.cpp”)
  
  正在生成代码...
  正在编译...
  analyzer_unary.cpp
  LLVMSymbolize.vcxproj -> D:\github\ink\build\third_party\llvm\Release\lib\LLVMSymbolize.lib
  Building Custom Rule D:/github/ink/src/third_party/llvm/llvm/lib/ProfileData/CMakeLists.txt
  DataAccessProf.cpp
  GCOV.cpp
  IndexedMemProfData.cpp
  InstrProf.cpp
  InstrProfCorrelator.cpp
  InstrProfReader.cpp
  InstrProfWriter.cpp
  ItaniumManglingCanonicalizer.cpp
  MemProf.cpp
  MemProfCommon.cpp
  MemProfReader.cpp
  MemProfRadixTree.cpp
  MemProfSummary.cpp
  MemProfSummaryBuilder.cpp
  PGOCtxProfReader.cpp
  PGOCtxProfWriter.cpp
  ProfileSummaryBuilder.cpp
  SampleProf.cpp
  SampleProfReader.cpp
  SampleProfWriter.cpp
  SymbolRemappingReader.cpp
D:\github\ink\src\include\ink\semantic\analyzer\analyzer.h(129,67): error C2039: "BindingPattern": 不是 "ink::parser" 的成员 [D:\github\ink\build\src\lib\semantic\ink_semantic.vcxproj]
  (编译源文件“../../../../../../src/lib/semantic/analyzer/expr/analyzer_unary.cpp”)
      D:\github\ink\src\include\ink\semantic\analyzer\analyzer.h(17,11):
      参见“ink::parser”的声明
  
D:\github\ink\src\include\ink\semantic\analyzer\analyzer.h(129,53): error C4430: 缺少类型说明符 - 假定为 int。注意: C++ 不支持默认 int [D:\github\ink\build\src\lib\semantic\ink_semantic.vcxproj]
  (编译源文件“../../../../../../src/lib/semantic/analyzer/expr/analyzer_unary.cpp”)
  
D:\github\ink\src\include\ink\semantic\analyzer\analyzer.h(129,82): error C2143: 语法错误: 缺少“,”(在“&”的前面) [D:\github\ink\build\src\lib\semantic\ink_semantic.vcxproj]
  (编译源文件“../../../../../../src/lib/semantic/analyzer/expr/analyzer_unary.cpp”)
  
D:\github\ink\src\third_party\llvm\llvm\include\llvm\BinaryFormat\ELFRelocs\LoongArch.def(1,1): warning C4819: 该文件包含不能在当前代码页(936)中表示的字符。请将该文件保存为 Unicode 格式以防止数据丢失 [D:\github\ink\build\third_party\llvm\lib\ProfileData\LLVMProfileData.vcxproj]
  (编译源文件“../../../../../src/third_party/llvm/llvm/lib/ProfileData/MemProfReader.cpp”)
  
  analyzer_update.cpp
D:\github\ink\src\include\ink\semantic\analyzer\analyzer.h(129,67): error C2039: "BindingPattern": 不是 "ink::parser" 的成员 [D:\github\ink\build\src\lib\semantic\ink_semantic.vcxproj]
  (编译源文件“../../../../../../src/lib/semantic/analyzer/expr/analyzer_update.cpp”)
      D:\github\ink\src\include\ink\semantic\analyzer\analyzer.h(17,11):
      参见“ink::parser”的声明
  
D:\github\ink\src\include\ink\semantic\analyzer\analyzer.h(129,53): error C4430: 缺少类型说明符 - 假定为 int。注意: C++ 不支持默认 int [D:\github\ink\build\src\lib\semantic\ink_semantic.vcxproj]
  (编译源文件“../../../../../../src/lib/semantic/analyzer/expr/analyzer_update.cpp”)
  
D:\github\ink\src\include\ink\semantic\analyzer\analyzer.h(129,82): error C2143: 语法错误: 缺少“,”(在“&”的前面) [D:\github\ink\build\src\lib\semantic\ink_semantic.vcxproj]
  (编译源文件“../../../../../../src/lib/semantic/analyzer/expr/analyzer_update.cpp”)
  
  analyzer_array_assignment.cpp
D:\github\ink\src\include\ink\semantic\analyzer\analyzer.h(129,67): error C2039: "BindingPattern": 不是 "ink::parser" 的成员 [D:\github\ink\build\src\lib\semantic\ink_semantic.vcxproj]
  (编译源文件“../../../../../../src/lib/semantic/analyzer/stmt/analyzer_array_assignment.cpp”)
      D:\github\ink\src\include\ink\semantic\analyzer\analyzer.h(17,11):
      参见“ink::parser”的声明
  
D:\github\ink\src\include\ink\semantic\analyzer\analyzer.h(129,53): error C4430: 缺少类型说明符 - 假定为 int。注意: C++ 不支持默认 int [D:\github\ink\build\src\lib\semantic\ink_semantic.vcxproj]
  (编译源文件“../../../../../../src/lib/semantic/analyzer/stmt/analyzer_array_assignment.cpp”)
  
D:\github\ink\src\include\ink\semantic\analyzer\analyzer.h(129,82): error C2143: 语法错误: 缺少“,”(在“&”的前面) [D:\github\ink\build\src\lib\semantic\ink_semantic.vcxproj]
  (编译源文件“../../../../../../src/lib/semantic/analyzer/stmt/analyzer_array_assignment.cpp”)
  
  analyzer_assignment.cpp
D:\github\ink\src\include\ink\semantic\analyzer\analyzer.h(129,67): error C2039: "BindingPattern": 不是 "ink::parser" 的成员 [D:\github\ink\build\src\lib\semantic\ink_semantic.vcxproj]
  (编译源文件“../../../../../../src/lib/semantic/analyzer/stmt/analyzer_assignment.cpp”)
      D:\github\ink\src\include\ink\semantic\analyzer\analyzer.h(17,11):
      参见“ink::parser”的声明
  
D:\github\ink\src\include\ink\semantic\analyzer\analyzer.h(129,53): error C4430: 缺少类型说明符 - 假定为 int。注意: C++ 不支持默认 int [D:\github\ink\build\src\lib\semantic\ink_semantic.vcxproj]
  (编译源文件“../../../../../../src/lib/semantic/analyzer/stmt/analyzer_assignment.cpp”)
  
D:\github\ink\src\include\ink\semantic\analyzer\analyzer.h(129,82): error C2143: 语法错误: 缺少“,”(在“&”的前面) [D:\github\ink\build\src\lib\semantic\ink_semantic.vcxproj]
  (编译源文件“../../../../../../src/lib/semantic/analyzer/stmt/analyzer_assignment.cpp”)
  
  analyzer_break.cpp
D:\github\ink\src\include\ink\semantic\analyzer\analyzer.h(129,67): error C2039: "BindingPattern": 不是 "ink::parser" 的成员 [D:\github\ink\build\src\lib\semantic\ink_semantic.vcxproj]
  (编译源文件“../../../../../../src/lib/semantic/analyzer/stmt/analyzer_break.cpp”)
      D:\github\ink\src\include\ink\semantic\analyzer\analyzer.h(17,11):
      参见“ink::parser”的声明
  
D:\github\ink\src\include\ink\semantic\analyzer\analyzer.h(129,53): error C4430: 缺少类型说明符 - 假定为 int。注意: C++ 不支持默认 int [D:\github\ink\build\src\lib\semantic\ink_semantic.vcxproj]
  (编译源文件“../../../../../../src/lib/semantic/analyzer/stmt/analyzer_break.cpp”)
  
D:\github\ink\src\include\ink\semantic\analyzer\analyzer.h(129,82): error C2143: 语法错误: 缺少“,”(在“&”的前面) [D:\github\ink\build\src\lib\semantic\ink_semantic.vcxproj]
  (编译源文件“../../../../../../src/lib/semantic/analyzer/stmt/analyzer_break.cpp”)
  
  analyzer_classic_for.cpp
D:\github\ink\src\include\ink\semantic\analyzer\analyzer.h(129,67): error C2039: "BindingPattern": 不是 "ink::parser" 的成员 [D:\github\ink\build\src\lib\semantic\ink_semantic.vcxproj]
  (编译源文件“../../../../../../src/lib/semantic/analyzer/stmt/analyzer_classic_for.cpp”)
      D:\github\ink\src\include\ink\semantic\analyzer\analyzer.h(17,11):
      参见“ink::parser”的声明
  
D:\github\ink\src\include\ink\semantic\analyzer\analyzer.h(129,53): error C4430: 缺少类型说明符 - 假定为 int。注意: C++ 不支持默认 int [D:\github\ink\build\src\lib\semantic\ink_semantic.vcxproj]
  (编译源文件“../../../../../../src/lib/semantic/analyzer/stmt/analyzer_classic_for.cpp”)
  
D:\github\ink\src\include\ink\semantic\analyzer\analyzer.h(129,82): error C2143: 语法错误: 缺少“,”(在“&”的前面) [D:\github\ink\build\src\lib\semantic\ink_semantic.vcxproj]
  (编译源文件“../../../../../../src/lib/semantic/analyzer/stmt/analyzer_classic_for.cpp”)
  
  LLVMProfileData.vcxproj -> D:\github\ink\build\third_party\llvm\Release\lib\LLVMProfileData.lib
  Building Custom Rule D:/github/ink/src/third_party/llvm/llvm/lib/Analysis/CMakeLists.txt
  AliasAnalysis.cpp
  AliasAnalysisEvaluator.cpp
  AliasSetTracker.cpp
  Analysis.cpp
  AssumeBundleQueries.cpp
  AssumptionCache.cpp
  BasicAliasAnalysis.cpp
  BlockFrequencyInfo.cpp
  BlockFrequencyInfoImpl.cpp
  BranchProbabilityInfo.cpp
  CFG.cpp
  CFGPrinter.cpp
  CFGSCCPrinter.cpp
  CGSCCPassManager.cpp
  CallGraph.cpp
  CallGraphSCCPass.cpp
  CallPrinter.cpp
  CaptureTracking.cpp
  CmpInstAnalysis.cpp
  CostModel.cpp
  CodeMetrics.cpp
  CtxProfAnalysis.cpp
  CycleAnalysis.cpp
  DDG.cpp
  DDGPrinter.cpp
  ConstraintSystem.cpp
  Delinearization.cpp
  DemandedBits.cpp
  DependenceAnalysis.cpp
  DependenceGraphBuilder.cpp
  DevelopmentModeInlineAdvisor.cpp
  DomConditionCache.cpp
  analyzer_continue.cpp
  DomPrinter.cpp
D:\github\ink\src\include\ink\semantic\analyzer\analyzer.h(129,67): error C2039: "BindingPattern": 不是 "ink::parser" 的成员 [D:\github\ink\build\src\lib\semantic\ink_semantic.vcxproj]
  (编译源文件“../../../../../../src/lib/semantic/analyzer/stmt/analyzer_continue.cpp”)
      D:\github\ink\src\include\ink\semantic\analyzer\analyzer.h(17,11):
      参见“ink::parser”的声明
  
D:\github\ink\src\include\ink\semantic\analyzer\analyzer.h(129,53): error C4430: 缺少类型说明符 - 假定为 int。注意: C++ 不支持默认 int [D:\github\ink\build\src\lib\semantic\ink_semantic.vcxproj]
  (编译源文件“../../../../../../src/lib/semantic/analyzer/stmt/analyzer_continue.cpp”)
  
D:\github\ink\src\include\ink\semantic\analyzer\analyzer.h(129,82): error C2143: 语法错误: 缺少“,”(在“&”的前面) [D:\github\ink\build\src\lib\semantic\ink_semantic.vcxproj]
  (编译源文件“../../../../../../src/lib/semantic/analyzer/stmt/analyzer_continue.cpp”)
  
  DomTreeUpdater.cpp
  DominanceFrontier.cpp
  DXILResource.cpp
  analyzer_defer.cpp
  DXILMetadataAnalysis.cpp
  EphemeralValuesCache.cpp
  FloatingPointPredicateUtils.cpp
  FunctionPropertiesAnalysis.cpp
  GlobalsModRef.cpp
D:\github\ink\src\include\ink\semantic\analyzer\analyzer.h(129,67): error C2039: "BindingPattern": 不是 "ink::parser" 的成员 [D:\github\ink\build\src\lib\semantic\ink_semantic.vcxproj]
  (编译源文件“../../../../../../src/lib/semantic/analyzer/stmt/analyzer_defer.cpp”)
      D:\github\ink\src\include\ink\semantic\analyzer\analyzer.h(17,11):
      参见“ink::parser”的声明
  
D:\github\ink\src\include\ink\semantic\analyzer\analyzer.h(129,53): error C4430: 缺少类型说明符 - 假定为 int。注意: C++ 不支持默认 int [D:\github\ink\build\src\lib\semantic\ink_semantic.vcxproj]
  (编译源文件“../../../../../../src/lib/semantic/analyzer/stmt/analyzer_defer.cpp”)
  
D:\github\ink\src\include\ink\semantic\analyzer\analyzer.h(129,82): error C2143: 语法错误: 缺少“,”(在“&”的前面) [D:\github\ink\build\src\lib\semantic\ink_semantic.vcxproj]
  (编译源文件“../../../../../../src/lib/semantic/analyzer/stmt/analyzer_defer.cpp”)
  
  GuardUtils.cpp
  HashRecognize.cpp
  HeatUtils.cpp
  IR2Vec.cpp
  IRSimilarityIdentifier.cpp
  IVDescriptors.cpp
  IVUsers.cpp
  ImportedFunctionsInliningStatistics.cpp
  IndirectCallPromotionAnalysis.cpp
  InlineCost.cpp
  InlineAdvisor.cpp
  InlineOrder.cpp
  InstCount.cpp
  analyzer_for_in.cpp
  InstructionPrecedenceTracking.cpp
  InstructionSimplify.cpp
  InteractiveModelRunner.cpp
  KernelInfo.cpp
  LastRunTrackingAnalysis.cpp
  LazyBranchProbabilityInfo.cpp
  LazyBlockFrequencyInfo.cpp
  LazyCallGraph.cpp
  LazyValueInfo.cpp
  Lint.cpp
  Loads.cpp
  Local.cpp
D:\github\ink\src\include\ink\semantic\analyzer\analyzer.h(129,67): error C2039: "BindingPattern": 不是 "ink::parser" 的成员 [D:\github\ink\build\src\lib\semantic\ink_semantic.vcxproj]
  (编译源文件“../../../../../../src/lib/semantic/analyzer/stmt/analyzer_for_in.cpp”)
      D:\github\ink\src\include\ink\semantic\analyzer\analyzer.h(17,11):
      参见“ink::parser”的声明
  
D:\github\ink\src\include\ink\semantic\analyzer\analyzer.h(129,53): error C4430: 缺少类型说明符 - 假定为 int。注意: C++ 不支持默认 int [D:\github\ink\build\src\lib\semantic\ink_semantic.vcxproj]
  (编译源文件“../../../../../../src/lib/semantic/analyzer/stmt/analyzer_for_in.cpp”)
  
D:\github\ink\src\include\ink\semantic\analyzer\analyzer.h(129,82): error C2143: 语法错误: 缺少“,”(在“&”的前面) [D:\github\ink\build\src\lib\semantic\ink_semantic.vcxproj]
  (编译源文件“../../../../../../src/lib/semantic/analyzer/stmt/analyzer_for_in.cpp”)
  
  LoopAccessAnalysis.cpp
  LoopAnalysisManager.cpp
  LoopCacheAnalysis.cpp
  LoopNestAnalysis.cpp
  LoopUnrollAnalyzer.cpp
  LoopInfo.cpp
  LoopPass.cpp
  MLInlineAdvisor.cpp
D:\github\ink\src\lib\semantic\analyzer\stmt\analyzer_for_in.cpp(9,18): error C2511: “bool ink::semantic::Analyzer::bindIterationValue(ink::semantic::Analyzer::AnalysisState &,const ink::parser::BindingPattern &,const ink::ir::Value &,bool,size_t)”:“ink::semantic::Analyzer”中没有找到重载的成员函数 [D:\github\ink\build\src\lib\semantic\ink_semantic.vcxproj]
      D:\github\ink\src\include\ink\semantic\analyzer\analyzer.h(44,9):
      参见“ink::semantic::Analyzer”的声明
  
D:\github\ink\src\lib\semantic\analyzer\stmt\analyzer_for_in.cpp(39,18): error C2352: “ink::semantic::Analyzer::reportExecution”: 调用非静态成员函数需要一个对象 [D:\github\ink\build\src\lib\semantic\ink_semantic.vcxproj]
      D:\github\ink\src\include\ink\semantic\analyzer\analyzer.h(109,12):
      参见“ink::semantic::Analyzer::reportExecution”的声明
  
D:\github\ink\src\lib\semantic\analyzer\stmt\analyzer_for_in.cpp(42,14): error C2352: “ink::semantic::Analyzer::reportExecution”: 调用非静态成员函数需要一个对象 [D:\github\ink\build\src\lib\semantic\ink_semantic.vcxproj]
      D:\github\ink\src\include\ink\semantic\analyzer\analyzer.h(109,12):
      参见“ink::semantic::Analyzer::reportExecution”的声明
  
D:\github\ink\src\lib\semantic\analyzer\stmt\analyzer_for_in.cpp(54,29): error C2665: “ink::semantic::NameResolver::bind”: 没有重载函数可以转换所有参数类型 [D:\github\ink\build\src\lib\semantic\ink_semantic.vcxproj]
      D:\github\ink\src\include\ink\semantic\name_resolve\name_resolver.h(96,18):
      可能是“ink::semantic::NameResolver::BindResult ink::semantic::NameResolver::bind(ink::ir::Name,ink::ir::Decl &)”
          D:\github\ink\src\lib\semantic\analyzer\stmt\analyzer_for_in.cpp(54,29):
          “ink::semantic::NameResolver::BindResult ink::semantic::NameResolver::bind(ink::ir::Name,ink::ir::Decl &)”: 无法将参数 2 从“const ink::ir::Value”转换为“ink::ir::Decl &”
      D:\github\ink\src\include\ink\semantic\name_resolve\name_resolver.h(93,18):
      或    “ink::semantic::NameResolver::BindResult ink::semantic::NameResolver::bind(ink::ir::Name,ink::ir::Value &)”
          D:\github\ink\src\lib\semantic\analyzer\stmt\analyzer_for_in.cpp(54,29):
          “ink::semantic::NameResolver::BindResult ink::semantic::NameResolver::bind(ink::ir::Name,ink::ir::Value &)”: 无法将参数 2 从“const ink::ir::Value”转换为“ink::ir::Value &”
              D:\github\ink\src\lib\semantic\analyzer\stmt\analyzer_for_in.cpp(54,42):
              转换丢失限定符
      D:\github\ink\src\lib\semantic\analyzer\stmt\analyzer_for_in.cpp(54,29):
      尝试匹配参数列表“(const ink::ir::Name, const ink::ir::Value)”时
  
D:\github\ink\src\lib\semantic\analyzer\stmt\analyzer_for_in.cpp(54,93): error C2352: “ink::semantic::Analyzer::trackObject”: 调用非静态成员函数需要一个对象 [D:\github\ink\build\src\lib\semantic\ink_semantic.vcxproj]
      D:\github\ink\src\include\ink\semantic\analyzer\analyzer.h(162,12):
      参见“ink::semantic::Analyzer::trackObject”的声明
  
D:\github\ink\src\lib\semantic\analyzer\stmt\analyzer_for_in.cpp(83,24): error C2660: “ink::semantic::Analyzer::bindIterationValue”: 函数不接受 5 个参数 [D:\github\ink\build\src\lib\semantic\ink_semantic.vcxproj]
      D:\github\ink\src\include\ink\semantic\analyzer\analyzer.h(129,12):
      参见“ink::semantic::Analyzer::bindIterationValue”的声明
      D:\github\ink\src\lib\semantic\analyzer\stmt\analyzer_for_in.cpp(83,24):
      尝试匹配参数列表“(ink::semantic::Analyzer::AnalysisState, const T, const ink::ir::Value, bool, size_t)”时
          with
          [
              T=ink::parser::BindingPattern
          ]
  
D:\github\ink\src\lib\semantic\analyzer\stmt\analyzer_for_in.cpp(108,27): error C2660: “ink::semantic::Analyzer::bindIterationValue”: 函数不接受 5 个参数 [D:\github\ink\build\src\lib\semantic\ink_semantic.vcxproj]
      D:\github\ink\src\include\ink\semantic\analyzer\analyzer.h(129,12):
      参见“ink::semantic::Analyzer::bindIterationValue”的声明
      D:\github\ink\src\lib\semantic\analyzer\stmt\analyzer_for_in.cpp(108,27):
      尝试匹配参数列表“(ink::semantic::Analyzer::AnalysisState, const ink::parser::NameBindingPattern, const ink::ir::Value, bool, size_t)”时
  
D:\github\ink\src\lib\semantic\analyzer\stmt\analyzer_for_in.cpp(225,33): error C2660: “ink::semantic::Analyzer::bindIterationValue”: 函数不接受 4 个参数 [D:\github\ink\build\src\lib\semantic\ink_semantic.vcxproj]
      D:\github\ink\src\include\ink\semantic\analyzer\analyzer.h(129,12):
      参见“ink::semantic::Analyzer::bindIterationValue”的声明
      D:\github\ink\src\lib\semantic\analyzer\stmt\analyzer_for_in.cpp(225,33):
      尝试匹配参数列表“(ink::semantic::Analyzer::AnalysisState, const ink::parser::BindingPattern, const ink::ir::Constant, bool)”时
  
D:\github\ink\src\lib\semantic\analyzer\stmt\analyzer_for_in.cpp(255,27): error C2660: “ink::semantic::Analyzer::bindIterationValue”: 函数不接受 4 个参数 [D:\github\ink\build\src\lib\semantic\ink_semantic.vcxproj]
      D:\github\ink\src\include\ink\semantic\analyzer\analyzer.h(129,12):
      参见“ink::semantic::Analyzer::bindIterationValue”的声明
      D:\github\ink\src\lib\semantic\analyzer\stmt\analyzer_for_in.cpp(255,27):
      尝试匹配参数列表“(ink::semantic::Analyzer::AnalysisState, const ink::parser::BindingPattern, const ink::ir::ArrayExtractInstruction, bool)”时
  
  analyzer_if.cpp
  MemDerefPrinter.cpp
  MemoryBuiltins.cpp
  MemoryDependenceAnalysis.cpp
  MemoryLocation.cpp
  MemoryProfileInfo.cpp
  MemorySSA.cpp
  MemorySSAUpdater.cpp
  ModelUnderTrainingRunner.cpp
  ModuleDebugInfoPrinter.cpp
  ModuleSummaryAnalysis.cpp
  MustExecute.cpp
D:\github\ink\src\include\ink\semantic\analyzer\analyzer.h(129,67): error C2039: "BindingPattern": 不是 "ink::parser" 的成员 [D:\github\ink\build\src\lib\semantic\ink_semantic.vcxproj]
  (编译源文件“../../../../../../src/lib/semantic/analyzer/stmt/analyzer_if.cpp”)
      D:\github\ink\src\include\ink\semantic\analyzer\analyzer.h(17,11):
      参见“ink::parser”的声明
  
D:\github\ink\src\include\ink\semantic\analyzer\analyzer.h(129,53): error C4430: 缺少类型说明符 - 假定为 int。注意: C++ 不支持默认 int [D:\github\ink\build\src\lib\semantic\ink_semantic.vcxproj]
  (编译源文件“../../../../../../src/lib/semantic/analyzer/stmt/analyzer_if.cpp”)
  
D:\github\ink\src\include\ink\semantic\analyzer\analyzer.h(129,82): error C2143: 语法错误: 缺少“,”(在“&”的前面) [D:\github\ink\build\src\lib\semantic\ink_semantic.vcxproj]
  (编译源文件“../../../../../../src/lib/semantic/analyzer/stmt/analyzer_if.cpp”)
  
  NoInferenceModelRunner.cpp
  ObjCARCAliasAnalysis.cpp
  ObjCARCAnalysisUtils.cpp
  ObjCARCInstKind.cpp
  OptimizationRemarkEmitter.cpp
  OverflowInstAnalysis.cpp
  PHITransAddr.cpp
  PhiValues.cpp
  PostDominators.cpp
  ProfileSummaryInfo.cpp
  PtrUseVisitor.cpp
  RegionInfo.cpp
  RegionPass.cpp
  analyzer_import.cpp
  RegionPrinter.cpp
  ReplayInlineAdvisor.cpp
  RuntimeLibcallInfo.cpp
  ScalarEvolution.cpp
  ScalarEvolutionAliasAnalysis.cpp
D:\github\ink\src\include\ink\semantic\analyzer\analyzer.h(129,67): error C2039: "BindingPattern": 不是 "ink::parser" 的成员 [D:\github\ink\build\src\lib\semantic\ink_semantic.vcxproj]
  (编译源文件“../../../../../../src/lib/semantic/analyzer/stmt/analyzer_import.cpp”)
      D:\github\ink\src\include\ink\semantic\analyzer\analyzer.h(17,11):
      参见“ink::parser”的声明
  
D:\github\ink\src\include\ink\semantic\analyzer\analyzer.h(129,53): error C4430: 缺少类型说明符 - 假定为 int。注意: C++ 不支持默认 int [D:\github\ink\build\src\lib\semantic\ink_semantic.vcxproj]
  (编译源文件“../../../../../../src/lib/semantic/analyzer/stmt/analyzer_import.cpp”)
  
D:\github\ink\src\include\ink\semantic\analyzer\analyzer.h(129,82): error C2143: 语法错误: 缺少“,”(在“&”的前面) [D:\github\ink\build\src\lib\semantic\ink_semantic.vcxproj]
  (编译源文件“../../../../../../src/lib/semantic/analyzer/stmt/analyzer_import.cpp”)
  
  ScalarEvolutionDivision.cpp
  ScalarEvolutionNormalization.cpp
  StaticDataProfileInfo.cpp
  StackLifetime.cpp
  StackSafetyAnalysis.cpp
  StructuralHash.cpp
  SyntheticCountsUtils.cpp
  TFLiteUtils.cpp
  TargetLibraryInfo.cpp
  TargetTransformInfo.cpp
  TensorSpec.cpp
  Trace.cpp
  TrainingLogger.cpp
  TypeBasedAliasAnalysis.cpp
  TypeMetadataUtils.cpp
  UniformityAnalysis.cpp
  analyzer_loop.cpp
  ScopedNoAliasAA.cpp
  ValueLattice.cpp
  ValueLatticeUtils.cpp
  ValueTracking.cpp
  VectorUtils.cpp
D:\github\ink\src\include\ink\semantic\analyzer\analyzer.h(129,67): error C2039: "BindingPattern": 不是 "ink::parser" 的成员 [D:\github\ink\build\src\lib\semantic\ink_semantic.vcxproj]
  (编译源文件“../../../../../../src/lib/semantic/analyzer/stmt/analyzer_loop.cpp”)
      D:\github\ink\src\include\ink\semantic\analyzer\analyzer.h(17,11):
      参见“ink::parser”的声明
  
D:\github\ink\src\include\ink\semantic\analyzer\analyzer.h(129,53): error C4430: 缺少类型说明符 - 假定为 int。注意: C++ 不支持默认 int [D:\github\ink\build\src\lib\semantic\ink_semantic.vcxproj]
  (编译源文件“../../../../../../src/lib/semantic/analyzer/stmt/analyzer_loop.cpp”)
  
D:\github\ink\src\include\ink\semantic\analyzer\analyzer.h(129,82): error C2143: 语法错误: 缺少“,”(在“&”的前面) [D:\github\ink\build\src\lib\semantic\ink_semantic.vcxproj]
  (编译源文件“../../../../../../src/lib/semantic/analyzer/stmt/analyzer_loop.cpp”)
  
D:\github\ink\src\third_party\llvm\llvm\include\llvm\ADT\GenericUniformityImpl.h(1,1): warning C4819: 该文件包含不能在当前代码页(936)中表示的字符。请将该文件保存为 Unicode 格式以防止数据丢失 [D:\github\ink\build\third_party\llvm\lib\Analysis\LLVMAnalysis.vcxproj]
  (编译源文件“../../../../../src/third_party/llvm/llvm/lib/Analysis/UniformityAnalysis.cpp”)
  
  analyzer_return.cpp
D:\github\ink\src\include\ink\semantic\analyzer\analyzer.h(129,67): error C2039: "BindingPattern": 不是 "ink::parser" 的成员 [D:\github\ink\build\src\lib\semantic\ink_semantic.vcxproj]
  (编译源文件“../../../../../../src/lib/semantic/analyzer/stmt/analyzer_return.cpp”)
      D:\github\ink\src\include\ink\semantic\analyzer\analyzer.h(17,11):
      参见“ink::parser”的声明
  
D:\github\ink\src\include\ink\semantic\analyzer\analyzer.h(129,53): error C4430: 缺少类型说明符 - 假定为 int。注意: C++ 不支持默认 int [D:\github\ink\build\src\lib\semantic\ink_semantic.vcxproj]
  (编译源文件“../../../../../../src/lib/semantic/analyzer/stmt/analyzer_return.cpp”)
  
D:\github\ink\src\include\ink\semantic\analyzer\analyzer.h(129,82): error C2143: 语法错误: 缺少“,”(在“&”的前面) [D:\github\ink\build\src\lib\semantic\ink_semantic.vcxproj]
  (编译源文件“../../../../../../src/lib/semantic/analyzer/stmt/analyzer_return.cpp”)
  
  analyzer_stmt.cpp
D:\github\ink\src\include\ink\semantic\analyzer\analyzer.h(129,67): error C2039: "BindingPattern": 不是 "ink::parser" 的成员 [D:\github\ink\build\src\lib\semantic\ink_semantic.vcxproj]
  (编译源文件“../../../../../../src/lib/semantic/analyzer/stmt/analyzer_stmt.cpp”)
      D:\github\ink\src\include\ink\semantic\analyzer\analyzer.h(17,11):
      参见“ink::parser”的声明
  
D:\github\ink\src\include\ink\semantic\analyzer\analyzer.h(129,53): error C4430: 缺少类型说明符 - 假定为 int。注意: C++ 不支持默认 int [D:\github\ink\build\src\lib\semantic\ink_semantic.vcxproj]
  (编译源文件“../../../../../../src/lib/semantic/analyzer/stmt/analyzer_stmt.cpp”)
  
D:\github\ink\src\include\ink\semantic\analyzer\analyzer.h(129,82): error C2143: 语法错误: 缺少“,”(在“&”的前面) [D:\github\ink\build\src\lib\semantic\ink_semantic.vcxproj]
  (编译源文件“../../../../../../src/lib/semantic/analyzer/stmt/analyzer_stmt.cpp”)
  
  analyzer_switch.cpp
D:\github\ink\src\include\ink\semantic\analyzer\analyzer.h(129,67): error C2039: "BindingPattern": 不是 "ink::parser" 的成员 [D:\github\ink\build\src\lib\semantic\ink_semantic.vcxproj]
  (编译源文件“../../../../../../src/lib/semantic/analyzer/stmt/analyzer_switch.cpp”)
      D:\github\ink\src\include\ink\semantic\analyzer\analyzer.h(17,11):
      参见“ink::parser”的声明
  
D:\github\ink\src\include\ink\semantic\analyzer\analyzer.h(129,53): error C4430: 缺少类型说明符 - 假定为 int。注意: C++ 不支持默认 int [D:\github\ink\build\src\lib\semantic\ink_semantic.vcxproj]
  (编译源文件“../../../../../../src/lib/semantic/analyzer/stmt/analyzer_switch.cpp”)
  
D:\github\ink\src\include\ink\semantic\analyzer\analyzer.h(129,82): error C2143: 语法错误: 缺少“,”(在“&”的前面) [D:\github\ink\build\src\lib\semantic\ink_semantic.vcxproj]
  (编译源文件“../../../../../../src/lib/semantic/analyzer/stmt/analyzer_switch.cpp”)
  
  analyzer_while.cpp
D:\github\ink\src\include\ink\semantic\analyzer\analyzer.h(129,67): error C2039: "BindingPattern": 不是 "ink::parser" 的成员 [D:\github\ink\build\src\lib\semantic\ink_semantic.vcxproj]
  (编译源文件“../../../../../../src/lib/semantic/analyzer/stmt/analyzer_while.cpp”)
      D:\github\ink\src\include\ink\semantic\analyzer\analyzer.h(17,11):
      参见“ink::parser”的声明
  
D:\github\ink\src\include\ink\semantic\analyzer\analyzer.h(129,53): error C4430: 缺少类型说明符 - 假定为 int。注意: C++ 不支持默认 int [D:\github\ink\build\src\lib\semantic\ink_semantic.vcxproj]
  (编译源文件“../../../../../../src/lib/semantic/analyzer/stmt/analyzer_while.cpp”)
  
D:\github\ink\src\include\ink\semantic\analyzer\analyzer.h(129,82): error C2143: 语法错误: 缺少“,”(在“&”的前面) [D:\github\ink\build\src\lib\semantic\ink_semantic.vcxproj]
  (编译源文件“../../../../../../src/lib/semantic/analyzer/stmt/analyzer_while.cpp”)
  
  analyzer_yield.cpp
D:\github\ink\src\include\ink\semantic\analyzer\analyzer.h(129,67): error C2039: "BindingPattern": 不是 "ink::parser" 的成员 [D:\github\ink\build\src\lib\semantic\ink_semantic.vcxproj]
  (编译源文件“../../../../../../src/lib/semantic/analyzer/stmt/analyzer_yield.cpp”)
      D:\github\ink\src\include\ink\semantic\analyzer\analyzer.h(17,11):
      参见“ink::parser”的声明
  
D:\github\ink\src\include\ink\semantic\analyzer\analyzer.h(129,53): error C4430: 缺少类型说明符 - 假定为 int。注意: C++ 不支持默认 int [D:\github\ink\build\src\lib\semantic\ink_semantic.vcxproj]
  (编译源文件“../../../../../../src/lib/semantic/analyzer/stmt/analyzer_yield.cpp”)
  
D:\github\ink\src\include\ink\semantic\analyzer\analyzer.h(129,82): error C2143: 语法错误: 缺少“,”(在“&”的前面) [D:\github\ink\build\src\lib\semantic\ink_semantic.vcxproj]
  (编译源文件“../../../../../../src/lib/semantic/analyzer/stmt/analyzer_yield.cpp”)
  
  analyzer_type.cpp
D:\github\ink\src\include\ink\semantic\analyzer\analyzer.h(129,67): error C2039: "BindingPattern": 不是 "ink::parser" 的成员 [D:\github\ink\build\src\lib\semantic\ink_semantic.vcxproj]
  (编译源文件“../../../../../../src/lib/semantic/analyzer/type/analyzer_type.cpp”)
      D:\github\ink\src\include\ink\semantic\analyzer\analyzer.h(17,11):
      参见“ink::parser”的声明
  
D:\github\ink\src\include\ink\semantic\analyzer\analyzer.h(129,53): error C4430: 缺少类型说明符 - 假定为 int。注意: C++ 不支持默认 int [D:\github\ink\build\src\lib\semantic\ink_semantic.vcxproj]
  (编译源文件“../../../../../../src/lib/semantic/analyzer/type/analyzer_type.cpp”)
  
D:\github\ink\src\include\ink\semantic\analyzer\analyzer.h(129,82): error C2143: 语法错误: 缺少“,”(在“&”的前面) [D:\github\ink\build\src\lib\semantic\ink_semantic.vcxproj]
  (编译源文件“../../../../../../src/lib/semantic/analyzer/type/analyzer_type.cpp”)
  
  module_import.cpp
  name_resolver.cpp
  正在生成代码...
  正在编译...
  scope_store.cpp
  正在生成代码...
  ConstantFolding.cpp
  LLVMAnalysis.vcxproj -> D:\github\ink\build\third_party\llvm\Release\lib\LLVMAnalysis.lib
  Building Custom Rule D:/github/ink/src/third_party/llvm/llvm/lib/SandboxIR/CMakeLists.txt
  Building Custom Rule D:/github/ink/src/third_party/llvm/llvm/lib/Target/CMakeLists.txt
  Building Custom Rule D:/github/ink/src/third_party/llvm/llvm/lib/Frontend/Atomic/CMakeLists.txt
  Building Custom Rule D:/github/ink/src/third_party/llvm/llvm/lib/IRPrinter/CMakeLists.txt
  Building Custom Rule D:/github/ink/src/third_party/llvm/llvm/lib/Transforms/Utils/CMakeLists.txt
  Building Custom Rule D:/github/ink/src/third_party/llvm/llvm/lib/Bitcode/Writer/CMakeLists.txt
  IRPrintingPasses.cpp
  Atomic.cpp
  RegisterTargetPassConfigCallback.cpp
  Target.cpp
  TargetLoweringObjectFile.cpp
  TargetMachine.cpp
  TargetMachineC.cpp
  BitWriter.cpp
  BitcodeWriter.cpp
  BitcodeWriterPass.cpp
  ValueEnumerator.cpp
  AddDiscriminators.cpp
  AMDGPUEmitPrintf.cpp
  ASanStackFrameLayout.cpp
  AssumeBundleBuilder.cpp
  BasicBlockUtils.cpp
  BreakCriticalEdges.cpp
  BuildLibCalls.cpp
  BypassSlowDivision.cpp
  CallPromotionUtils.cpp
  CallGraphUpdater.cpp
  CanonicalizeAliases.cpp
  CanonicalizeFreezeInLoops.cpp
  Argument.cpp
  BasicBlock.cpp
  Constant.cpp
  CloneFunction.cpp
  CloneModule.cpp
  Context.cpp
  CodeExtractor.cpp
  CodeLayout.cpp
  CodeMoverUtils.cpp
  ControlFlowUtils.cpp
  Function.cpp
  CtorUtils.cpp
  CountVisits.cpp
  Debugify.cpp
  DebugSSAUpdater.cpp
  DeclareRuntimeLibcalls.cpp
  DemoteRegToStack.cpp
  Instruction.cpp
  DXILUpgrade.cpp
  EntryExitInstrumenter.cpp
  Module.cpp
  EscapeEnumerator.cpp
  Evaluator.cpp
  FixIrreducible.cpp
  Pass.cpp
  FlattenCFG.cpp
  FunctionComparator.cpp
  PassManager.cpp
  Region.cpp
  Tracker.cpp
  Type.cpp
  User.cpp
  Use.cpp
  Value.cpp
  FunctionImportUtils.cpp
  GlobalStatus.cpp
  GuardUtils.cpp
  HelloWorld.cpp
  InlineFunction.cpp
  InjectTLIMappings.cpp
  InstructionNamer.cpp
  Instrumentation.cpp
  IntegerDivision.cpp
  IRNormalizer.cpp
  LCSSA.cpp
  LibCallsShrinkWrap.cpp
  Local.cpp
  LoopConstrainer.cpp
  LoopPeel.cpp
  LoopRotationUtils.cpp
  LoopSimplify.cpp
  LoopUnroll.cpp
  LoopUnrollAndJam.cpp
  LoopUnrollRuntime.cpp
  LoopUtils.cpp
  LoopVersioning.cpp
  LowerAtomic.cpp
  LowerGlobalDtors.cpp
  LowerIFunc.cpp
  LowerInvoke.cpp
  LowerMemIntrinsics.cpp
  LowerSwitch.cpp
  LowerVectorIntrinsics.cpp
  MatrixUtils.cpp
  MemoryOpRemark.cpp
  MemoryTaggingSupport.cpp
  Mem2Reg.cpp
  MetaRenamer.cpp
  LLVMIRPrinter.vcxproj -> D:\github\ink\build\third_party\llvm\Release\lib\LLVMIRPrinter.lib
  MisExpect.cpp
  ModuleUtils.cpp
  LLVMFrontendAtomic.vcxproj -> D:\github\ink\build\third_party\llvm\Release\lib\LLVMFrontendAtomic.lib
  MoveAutoInit.cpp
  NameAnonGlobals.cpp
  PredicateInfo.cpp
  LLVMTarget.vcxproj -> D:\github\ink\build\third_party\llvm\Release\lib\LLVMTarget.lib
  ProfileVerify.cpp
  PromoteMemoryToRegister.cpp
  RelLookupTableConverter.cpp
  ScalarEvolutionExpander.cpp
  SCCPSolver.cpp
  StripGCRelocates.cpp
  SSAUpdater.cpp
  SSAUpdaterBulk.cpp
  SampleProfileInference.cpp
  LLVMSandboxIR.vcxproj -> D:\github\ink\build\third_party\llvm\Release\lib\LLVMSandboxIR.lib
  SampleProfileLoaderBaseUtil.cpp
  SanitizerStats.cpp
  SimplifyCFG.cpp
  SimplifyIndVar.cpp
  SimplifyLibCalls.cpp
  SizeOpts.cpp
  SplitModule.cpp
  SplitModuleByCategory.cpp
  StripNonLineTableDebugInfo.cpp
  SymbolRewriter.cpp
  UnifyFunctionExitNodes.cpp
  UnifyLoopExits.cpp
  Utils.cpp
  ValueMapper.cpp
  VNCoercion.cpp
  LLVMBitWriter.vcxproj -> D:\github\ink\build\third_party\llvm\Release\lib\LLVMBitWriter.lib
  Building Custom Rule D:/github/ink/src/third_party/llvm/llvm/lib/CGData/CMakeLists.txt
  CodeGenData.cpp
  CodeGenDataReader.cpp
  CodeGenDataWriter.cpp
  OutlinedHashTree.cpp
  OutlinedHashTreeRecord.cpp
  StableFunctionMap.cpp
  StableFunctionMapRecord.cpp
  LLVMCGData.vcxproj -> D:\github\ink\build\third_party\llvm\Release\lib\LLVMCGData.lib
  LLVMTransformUtils.vcxproj -> D:\github\ink\build\third_party\llvm\Release\lib\LLVMTransformUtils.lib
  Building Custom Rule D:/github/ink/src/third_party/llvm/llvm/lib/Linker/CMakeLists.txt
  Building Custom Rule D:/github/ink/src/third_party/llvm/llvm/lib/Transforms/Vectorize/CMakeLists.txt
  Building Custom Rule D:/github/ink/src/third_party/llvm/llvm/lib/Transforms/ObjCARC/CMakeLists.txt
  Building Custom Rule D:/github/ink/src/third_party/llvm/llvm/lib/Transforms/AggressiveInstCombine/CMakeLists.txt
  Building Custom Rule D:/github/ink/src/third_party/llvm/llvm/lib/Transforms/InstCombine/CMakeLists.txt
  Building Custom Rule D:/github/ink/src/third_party/llvm/llvm/lib/Transforms/Instrumentation/CMakeLists.txt
  Building Custom Rule D:/github/ink/src/third_party/llvm/llvm/lib/Transforms/HipStdPar/CMakeLists.txt
  HipStdPar.cpp
  InstructionCombining.cpp
  InstCombineAddSub.cpp
  InstCombineAtomicRMW.cpp
  InstCombineAndOrXor.cpp
  InstCombineCalls.cpp
  InstCombineCasts.cpp
  InstCombineCompares.cpp
  InstCombineLoadStoreAlloca.cpp
  InstCombineMulDivRem.cpp
  InstCombineNegator.cpp
  InstCombinePHI.cpp
  InstCombineSelect.cpp
  InstCombineShifts.cpp
  InstCombineSimplifyDemanded.cpp
  InstCombineVectorOps.cpp
  AggressiveInstCombine.cpp
  TruncInstCombine.cpp
  IRMover.cpp
  LinkModules.cpp
  AddressSanitizer.cpp
  AllocToken.cpp
  BoundsChecking.cpp
  CGProfile.cpp
  ControlHeightReduction.cpp
  DataFlowSanitizer.cpp
  LoadStoreVectorizer.cpp
  GCOVProfiling.cpp
  LoopIdiomVectorize.cpp
  BlockCoverageInference.cpp
  LoopVectorizationLegality.cpp
  LoopVectorize.cpp
  DependencyGraph.cpp
  InstrMaps.cpp
  MemProfInstrumentation.cpp
  MemProfUse.cpp
  Interval.cpp
  Legality.cpp
  MemorySanitizer.cpp
  BottomUpVec.cpp
  NumericalStabilitySanitizer.cpp
  PackReuse.cpp
  RegionsFromBBs.cpp
  RegionsFromMetadata.cpp
  IndirectCallPromotion.cpp
  InstrProfiling.cpp
  SeedCollection.cpp
  TransactionAcceptOrRevert.cpp
  TransactionSave.cpp
  SandboxVectorizer.cpp
  KCFI.cpp
  LowerAllowCheckPass.cpp
  PGOCtxProfFlattening.cpp
  PGOCtxProfLowering.cpp
  PGOForceFunctionAttrs.cpp
  SandboxVectorizerPassBuilder.cpp
  PGOInstrumentation.cpp
  Scheduler.cpp
  SeedCollector.cpp
  VecUtils.cpp
  SLPVectorizer.cpp
  Vectorize.cpp
  VectorCombine.cpp
  VPlan.cpp
  PGOMemOPSizeOpt.cpp
  VPlanAnalysis.cpp
  VPlanConstruction.cpp
  SanitizerCoverage.cpp
  SanitizerBinaryMetadata.cpp
  ValueProfileCollector.cpp
  VPlanPredicator.cpp
  ThreadSanitizer.cpp
  TypeSanitizer.cpp
  VPlanRecipes.cpp
  HWAddressSanitizer.cpp
  VPlanSLP.cpp
  RealtimeSanitizer.cpp
  VPlanTransforms.cpp
  VPlanUnroll.cpp
  VPlanVerifier.cpp
  VPlanUtils.cpp
D:\github\ink\src\third_party\llvm\llvm\include\llvm\BinaryFormat\ELFRelocs\LoongArch.def(1,1): warning C4819: 该文件包含不能在当前代码页(936)中表示的字符。请将该文件保存为 Unicode 格式以防止数据丢失 [D:\github\ink\build\third_party\llvm\lib\Transforms\Instrumentation\LLVMInstrumentation.vcxproj]
  (编译源文件“../../../../../../src/third_party/llvm/llvm/lib/Transforms/Instrumentation/HWAddressSanitizer.cpp”)
  
  ObjCARC.cpp
  ObjCARCOpts.cpp
  ObjCARCExpand.cpp
  ObjCARCContract.cpp
  DependencyAnalysis.cpp
  ProvenanceAnalysis.cpp
  ProvenanceAnalysisEvaluator.cpp
  PtrState.cpp
  LLVMHipStdPar.vcxproj -> D:\github\ink\build\third_party\llvm\Release\lib\LLVMHipStdPar.lib
  LLVMLinker.vcxproj -> D:\github\ink\build\third_party\llvm\Release\lib\LLVMLinker.lib
  LLVMAggressiveInstCombine.vcxproj -> D:\github\ink\build\third_party\llvm\Release\lib\LLVMAggressiveInstCombine.lib
  Building Custom Rule D:/github/ink/src/third_party/llvm/llvm/lib/Frontend/Offloading/CMakeLists.txt
  Utility.cpp
  OffloadWrapper.cpp
  PropertySet.cpp
  LLVMInstrumentation.vcxproj -> D:\github\ink\build\third_party\llvm\Release\lib\LLVMInstrumentation.lib
D:\github\ink\src\third_party\llvm\llvm\include\llvm\BinaryFormat\ELFRelocs\LoongArch.def(1,1): warning C4819: 该文件包含不能在当前代码页(936)中表示的字符。请将该文件保存为 Unicode 格式以防止数据丢失 [D:\github\ink\build\third_party\llvm\lib\Frontend\Offloading\LLVMFrontendOffloading.vcxproj]
  (编译源文件“../../../../../../src/third_party/llvm/llvm/lib/Frontend/Offloading/Utility.cpp”)
  
  LLVMObjCARCOpts.vcxproj -> D:\github\ink\build\third_party\llvm\Release\lib\LLVMObjCARCOpts.lib
  LLVMInstCombine.vcxproj -> D:\github\ink\build\third_party\llvm\Release\lib\LLVMInstCombine.lib
  Building Custom Rule D:/github/ink/src/third_party/llvm/llvm/lib/Transforms/Scalar/CMakeLists.txt
  ADCE.cpp
  AlignmentFromAssumptions.cpp
  AnnotationRemarks.cpp
  BDCE.cpp
  CallSiteSplitting.cpp
  ConstantHoisting.cpp
  ConstraintElimination.cpp
  CorrelatedValuePropagation.cpp
  DCE.cpp
  DeadStoreElimination.cpp
  DFAJumpThreading.cpp
  DivRemPairs.cpp
  DropUnnecessaryAssumes.cpp
  EarlyCSE.cpp
  FlattenCFGPass.cpp
  Float2Int.cpp
  GuardWidening.cpp
  GVN.cpp
  GVNHoist.cpp
  GVNSink.cpp
  IVUsersPrinter.cpp
  InductiveRangeCheckElimination.cpp
  IndVarSimplify.cpp
  InferAddressSpaces.cpp
  InferAlignment.cpp
  InstSimplifyPass.cpp
  JumpThreading.cpp
  JumpTableToSwitch.cpp
  LICM.cpp
  LoopAccessAnalysisPrinter.cpp
  LoopBoundSplit.cpp
  LoopSink.cpp
  LoopDeletion.cpp
  LoopDataPrefetch.cpp
  LLVMFrontendOffloading.vcxproj -> D:\github\ink\build\third_party\llvm\Release\lib\LLVMFrontendOffloading.lib
  LoopDistribute.cpp
  LoopFuse.cpp
  LoopIdiomRecognize.cpp
  LoopInstSimplify.cpp
  LoopInterchange.cpp
  LoopFlatten.cpp
  LoopLoadElimination.cpp
  LoopPassManager.cpp
  LoopPredication.cpp
  LoopRotation.cpp
  LoopSimplifyCFG.cpp
  LoopStrengthReduce.cpp
  LoopTermFold.cpp
  LoopUnrollPass.cpp
  LoopUnrollAndJamPass.cpp
  LoopVersioningLICM.cpp
  LowerAtomicPass.cpp
  LowerConstantIntrinsics.cpp
  LowerExpectIntrinsic.cpp
  LowerGuardIntrinsic.cpp
  LowerMatrixIntrinsics.cpp
  LowerWidenableCondition.cpp
  MakeGuardsExplicit.cpp
  MemCpyOptimizer.cpp
  MergeICmps.cpp
  MergedLoadStoreMotion.cpp
  NaryReassociate.cpp
  NewGVN.cpp
  PartiallyInlineLibCalls.cpp
D:\github\ink\src\third_party\llvm\llvm\lib\Transforms\Scalar\LoopIdiomRecognize.cpp(2151,1): warning C4819: 该文件包含不能在当前代码页(936)中表示的字符。请将该文件保存为 Unicode 格式以防止数据丢失 [D:\github\ink\build\third_party\llvm\lib\Transforms\Scalar\LLVMScalarOpts.vcxproj]
  PlaceSafepoints.cpp
  Reassociate.cpp
  Reg2Mem.cpp
  RewriteStatepointsForGC.cpp
  SCCP.cpp
  SROA.cpp
  Scalar.cpp
  Scalarizer.cpp
  ScalarizeMaskedMemIntrin.cpp
  SeparateConstOffsetFromGEP.cpp
  SimpleLoopUnswitch.cpp
  SimplifyCFGPass.cpp
  Sink.cpp
  SpeculativeExecution.cpp
  StraightLineStrengthReduce.cpp
  StructurizeCFG.cpp
D:\github\ink\src\third_party\llvm\llvm\lib\Transforms\Scalar\StructurizeCFG.cpp(1,1): warning C4819: 该文件包含不能在当前代码页(936)中表示的字符。请将该文件保存为 Unicode 格式以防止数据丢失 [D:\github\ink\build\third_party\llvm\lib\Transforms\Scalar\LLVMScalarOpts.vcxproj]
  TailRecursionElimination.cpp
  WarnMissedTransforms.cpp
  LLVMVectorize.vcxproj -> D:\github\ink\build\third_party\llvm\Release\lib\LLVMVectorize.lib
  LLVMScalarOpts.vcxproj -> D:\github\ink\build\third_party\llvm\Release\lib\LLVMScalarOpts.lib
  Building Custom Rule D:/github/ink/src/third_party/llvm/llvm/lib/CodeGen/CMakeLists.txt
  Building Custom Rule D:/github/ink/src/third_party/llvm/llvm/lib/Frontend/OpenMP/CMakeLists.txt
  OMP.cpp
  OMPContext.cpp
  OMPIRBuilder.cpp
  DirectiveNameParser.cpp
  AggressiveAntiDepBreaker.cpp
  AllocationOrder.cpp
  Analysis.cpp
  AssignmentTrackingAnalysis.cpp
  AtomicExpandPass.cpp
  BasicTargetTransformInfo.cpp
  BranchFolding.cpp
  BranchRelaxation.cpp
D:\github\ink\src\third_party\llvm\llvm\lib\CodeGen\AssignmentTrackingAnalysis.cpp(1,1): warning C4819: 该文件包含不能在当前代码页(936)中表示的字符。请将该文件保存为 Unicode 格式以防止数据丢失 [D:\github\ink\build\third_party\llvm\lib\CodeGen\LLVMCodeGen.vcxproj]
  BreakFalseDeps.cpp
  BasicBlockSections.cpp
  BasicBlockPathCloning.cpp
  BasicBlockSectionsProfileReader.cpp
  BasicBlockMatchingAndInference.cpp
  CalcSpillWeights.cpp
  CallBrPrepare.cpp
  CallingConvLower.cpp
  CFGuardLongjmp.cpp
  CFIFixup.cpp
  CFIInstrInserter.cpp
  CodeGen.cpp
  CodeGenCommonISel.cpp
  CodeGenPrepare.cpp
  CommandFlags.cpp
  ComplexDeinterleavingPass.cpp
  CriticalAntiDepBreaker.cpp
  DeadMachineInstructionElim.cpp
  DetectDeadLanes.cpp
  DFAPacketizer.cpp
  DroppedVariableStatsMIR.cpp
  DwarfEHPrepare.cpp
  EarlyIfConversion.cpp
  EdgeBundles.cpp
D:\github\ink\src\third_party\llvm\llvm\lib\CodeGen\CodeGenPrepare.cpp(1,1): warning C4819: 该文件包含不能在当前代码页(936)中表示的字符。请将该文件保存为 Unicode 格式以防止数据丢失 [D:\github\ink\build\third_party\llvm\lib\CodeGen\LLVMCodeGen.vcxproj]
  EHContGuardTargets.cpp
D:\github\ink\src\third_party\llvm\llvm\lib\CodeGen\AssignmentTrackingAnalysis.cpp(703,1): warning C4819: 该文件包含不能在当前代码页(936)中表示的字符。请将该文件保存为 Unicode 格式以防止数据丢失 [D:\github\ink\build\third_party\llvm\lib\CodeGen\LLVMCodeGen.vcxproj]
D:\github\ink\src\third_party\llvm\llvm\lib\CodeGen\AssignmentTrackingAnalysis.cpp(1370,1): warning C4819: 该文件包含不能在当前代码页(936)中表示的字符。请将该文件保存为 Unicode 格式以防止数据丢失 [D:\github\ink\build\third_party\llvm\lib\CodeGen\LLVMCodeGen.vcxproj]
  ExecutionDomainFix.cpp
  ExpandIRInsts.cpp
D:\github\ink\src\third_party\llvm\llvm\lib\CodeGen\ExpandIRInsts.cpp(1,1): warning C4819: 该文件包含不能在当前代码页(936)中表示的字符。请将该文件保存为 Unicode 格式以防止数据丢失 [D:\github\ink\build\third_party\llvm\lib\CodeGen\LLVMCodeGen.vcxproj]
  ExpandMemCmp.cpp
  ExpandPostRAPseudos.cpp
  ExpandReductions.cpp
  ExpandVectorPredication.cpp
  FaultMaps.cpp
  FEntryInserter.cpp
  FinalizeISel.cpp
  FixupStatepointCallerSaved.cpp
  FuncletLayout.cpp
  MachineFunctionAnalysis.cpp
  GCMetadata.cpp
  GCMetadataPrinter.cpp
  GCRootLowering.cpp
  GlobalMerge.cpp
  GlobalMergeFunctions.cpp
  HardwareLoops.cpp
  IfConversion.cpp
  ImplicitNullChecks.cpp
  IndirectBrExpandPass.cpp
  InitUndef.cpp
  InlineSpiller.cpp
  InsertCodePrefetch.cpp
  InterferenceCache.cpp
  InterleavedAccessPass.cpp
  InterleavedLoadCombinePass.cpp
  IntrinsicLowering.cpp
  JMCInstrumenter.cpp
  KCFI.cpp
  LatencyPriorityQueue.cpp
  LazyMachineBlockFrequencyInfo.cpp
  LexicalScopes.cpp
  LibcallLoweringInfo.cpp
  LiveDebugVariables.cpp
  LiveIntervals.cpp
  LiveInterval.cpp
  LiveIntervalUnion.cpp
  LivePhysRegs.cpp
  LiveRangeCalc.cpp
  LiveIntervalCalc.cpp
  LiveRangeEdit.cpp
  LiveRangeShrink.cpp
  LiveRegMatrix.cpp
  LiveRegUnits.cpp
  LiveStacks.cpp
  LiveVariables.cpp
  CodeGenTargetMachineImpl.cpp
  LocalStackSlotAllocation.cpp
  LoopTraversal.cpp
  LowLevelTypeUtils.cpp
  LowerEmuTLS.cpp
  MachineBasicBlock.cpp
  MachineBlockFrequencyInfo.cpp
  MachineBlockHashInfo.cpp
  MachineBlockPlacement.cpp
  MachineBranchProbabilityInfo.cpp
  MachineCFGPrinter.cpp
  MachineCombiner.cpp
  MachineConvergenceVerifier.cpp
  MachineCopyPropagation.cpp
  MachineCSE.cpp
  MachineCheckDebugify.cpp
  MachineCycleAnalysis.cpp
  MachineDebugify.cpp
  MachineDomTreeUpdater.cpp
  MachineDominanceFrontier.cpp
  MachineDominators.cpp
  MachineFrameInfo.cpp
  MachineFunction.cpp
  MachineFunctionPass.cpp
  MachineFunctionPrinterPass.cpp
  MachineFunctionSplitter.cpp
  MachineInstrBundle.cpp
  MachineInstr.cpp
  MachineLateInstrsCleanup.cpp
  MachineLICM.cpp
  MachineLoopInfo.cpp
  MachineLoopUtils.cpp
  MachineModuleInfo.cpp
  MachineModuleInfoImpls.cpp
  MachineModuleSlotTracker.cpp
  MachineOperand.cpp
  MachineOptimizationRemarkEmitter.cpp
  MachineOutliner.cpp
  MachinePassManager.cpp
  MachinePipeliner.cpp
  MachinePostDominators.cpp
  MachineRegionInfo.cpp
  MachineRegisterInfo.cpp
  MachineScheduler.cpp
  MachineSink.cpp
  MachineSizeOpts.cpp
  MachineSSAContext.cpp
  MachineSSAUpdater.cpp
  MachineStripDebug.cpp
  MachineTraceMetrics.cpp
  MachineUniformityAnalysis.cpp
  MachineVerifier.cpp
  MIRFSDiscriminator.cpp
  MIRSampleProfile.cpp
  MIRYamlMapping.cpp
  MIR2Vec.cpp
  MLRegAllocEvictAdvisor.cpp
  MLRegAllocPriorityAdvisor.cpp
  ModuloSchedule.cpp
  MultiHazardRecognizer.cpp
  PatchableFunction.cpp
  MBFIWrapper.cpp
  MIRPrinter.cpp
  MIRPrintingPass.cpp
  MacroFusion.cpp
D:\github\ink\src\third_party\llvm\llvm\include\llvm\ADT\GenericUniformityImpl.h(1,1): warning C4819: 该文件包含不能在当前代码页(936)中表示的字符。请将该文件保存为 Unicode 格式以防止数据丢失 [D:\github\ink\build\third_party\llvm\lib\CodeGen\LLVMCodeGen.vcxproj]
  (编译源文件“../../../../../src/third_party/llvm/llvm/lib/CodeGen/MachineUniformityAnalysis.cpp”)
  
  NonRelocatableStringpool.cpp
  OptimizePHIs.cpp
  PeepholeOptimizer.cpp
  PHIElimination.cpp
  PHIEliminationUtils.cpp
  PostRAHazardRecognizer.cpp
  PostRASchedulerList.cpp
  PreISelIntrinsicLowering.cpp
  ProcessImplicitDefs.cpp
  PrologEpilogInserter.cpp
  PseudoProbeInserter.cpp
  PseudoSourceValue.cpp
  RDFGraph.cpp
  RDFLiveness.cpp
  RDFRegisters.cpp
  ReachingDefAnalysis.cpp
  RegAllocBase.cpp
  RegAllocBasic.cpp
  RegAllocEvictionAdvisor.cpp
  RegAllocFast.cpp
  RegAllocGreedy.cpp
  RegAllocPBQP.cpp
  RegAllocPriorityAdvisor.cpp
  RegAllocScore.cpp
  RegisterClassInfo.cpp
  RegisterCoalescer.cpp
  RegisterPressure.cpp
  RegisterScavenging.cpp
  GCEmptyBasicBlocks.cpp
  RemoveRedundantDebugValues.cpp
  RenameIndependentSubregs.cpp
  MachineStableHash.cpp
  MIRVRegNamerUtils.cpp
  MIRNamerPass.cpp
  MIRCanonicalizerPass.cpp
  RegisterUsageInfo.cpp
  RegUsageInfoCollector.cpp
  RegUsageInfoPropagate.cpp
  RemoveLoadsIntoFakeUses.cpp
  ReplaceWithVeclib.cpp
  ResetMachineFunctionPass.cpp
  RegisterBank.cpp
  RegisterBankInfo.cpp
  SafeStack.cpp
  SafeStackLayout.cpp
  SanitizerBinaryMetadata.cpp
  ScheduleDAG.cpp
  ScheduleDAGInstrs.cpp
  ScheduleDAGPrinter.cpp
  ScoreboardHazardRecognizer.cpp
  SelectOptimize.cpp
  ShadowStackGCLowering.cpp
  ShrinkWrap.cpp
  SjLjEHPrepare.cpp
  SlotIndexes.cpp
  SpillPlacement.cpp
  SplitKit.cpp
  StackColoring.cpp
  StackFrameLayoutAnalysisPass.cpp
  StackMapLivenessAnalysis.cpp
  StackMaps.cpp
  StackProtector.cpp
  StackSlotColoring.cpp
  StaticDataSplitter.cpp
  StaticDataAnnotator.cpp
  SwiftErrorValueTracking.cpp
  SwitchLoweringUtils.cpp
  TailDuplication.cpp
  TailDuplicator.cpp
  TargetFrameLoweringImpl.cpp
  TargetInstrInfo.cpp
  TargetLoweringBase.cpp
  TargetLoweringObjectFileImpl.cpp
  TargetOptionsImpl.cpp
  TargetPassConfig.cpp
  TargetRegisterInfo.cpp
D:\github\ink\src\third_party\llvm\llvm\include\llvm\BinaryFormat\ELFRelocs\LoongArch.def(1,1): warning C4819: 该文件包含不能在当前代码页(936)中表示的字符。请将该文件保存为 Unicode 格式以防止数据丢失 [D:\github\ink\build\third_party\llvm\lib\CodeGen\LLVMCodeGen.vcxproj]
  (编译源文件“../../../../../src/third_party/llvm/llvm/lib/CodeGen/TargetLoweringObjectFileImpl.cpp”)
  
  TargetSchedule.cpp
  TargetSubtargetInfo.cpp
  TwoAddressInstructionPass.cpp
  TypePromotion.cpp
  UnreachableBlockElim.cpp
  ValueTypes.cpp
  VLIWMachineScheduler.cpp
  VirtRegMap.cpp
D:\github\ink\src\third_party\llvm\llvm\lib\CodeGen\SelectOptimize.cpp(673,1): warning C4819: 该文件包含不能在当前代码页(936)中表示的字符。请将该文件保存为 Unicode 格式以防止数据丢失 [D:\github\ink\build\third_party\llvm\lib\CodeGen\LLVMCodeGen.vcxproj]
  WasmEHPrepare.cpp
  WindowScheduler.cpp
  WindowsSecureHotPatching.cpp
  WinEHPrepare.cpp
  XRayInstrumentation.cpp
  LiveDebugValues.cpp
  VarLocBasedImpl.cpp
D:\github\ink\src\third_party\llvm\llvm\lib\CodeGen\LiveDebugValues\VarLocBasedImpl.cpp(1,1): warning C4819: 该文件包含不能在当前代码页(936)中表示的字符。请将该文件保存为 Unicode 格式以防止数据丢失 [D:\github\ink\build\third_party\llvm\lib\CodeGen\LLVMCodeGen.vcxproj]
  InstrRefBasedImpl.cpp
  LLVMCodeGen.vcxproj -> D:\github\ink\build\third_party\llvm\Release\lib\LLVMCodeGen.lib
  Building Custom Rule D:/github/ink/src/third_party/llvm/llvm/lib/CodeGen/AsmPrinter/CMakeLists.txt
  Building Custom Rule D:/github/ink/src/third_party/llvm/llvm/lib/CodeGen/SelectionDAG/CMakeLists.txt
  AccelTable.cpp
  AddressPool.cpp
  AIXException.cpp
  ARMException.cpp
  AsmPrinter.cpp
  AsmPrinterDwarf.cpp
  AsmPrinterInlineAsm.cpp
  DbgEntityHistoryCalculator.cpp
  DebugHandlerBase.cpp
  DebugLocStream.cpp
  DIE.cpp
  DIEHash.cpp
  DwarfCFIException.cpp
  DwarfCompileUnit.cpp
  DwarfDebug.cpp
  DwarfExpression.cpp
  DwarfFile.cpp
  DwarfStringPool.cpp
  DwarfUnit.cpp
  EHStreamer.cpp
  ErlangGCPrinter.cpp
  OcamlGCPrinter.cpp
  PseudoProbePrinter.cpp
  WinCFGuard.cpp
  WinException.cpp
  CodeViewDebug.cpp
  WasmException.cpp
  DAGCombiner.cpp
  FastISel.cpp
  FunctionLoweringInfo.cpp
  InstrEmitter.cpp
  LegalizeDAG.cpp
  LegalizeFloatTypes.cpp
  LegalizeIntegerTypes.cpp
  LegalizeTypes.cpp
  LegalizeTypesGeneric.cpp
  LegalizeVectorOps.cpp
  LegalizeVectorTypes.cpp
  ResourcePriorityQueue.cpp
  SDNodeInfo.cpp
  ScheduleDAGFast.cpp
  ScheduleDAGRRList.cpp
  ScheduleDAGSDNodes.cpp
  ScheduleDAGVLIW.cpp
  SelectionDAGBuilder.cpp
  SelectionDAG.cpp
  SelectionDAGAddressAnalysis.cpp
  SelectionDAGDumper.cpp
  SelectionDAGISel.cpp
  SelectionDAGPrinter.cpp
  SelectionDAGTargetInfo.cpp
  StatepointLowering.cpp
D:\github\ink\src\third_party\llvm\llvm\include\llvm\BinaryFormat\ELFRelocs\LoongArch.def(1,1): warning C4819: 该文件包含不能在当前代码页(936)中表示的字符。请将该文件保存为 Unicode 格式以防止数据丢失 [D:\github\ink\build\third_party\llvm\lib\CodeGen\AsmPrinter\LLVMAsmPrinter.vcxproj]
  (编译源文件“../../../../../../src/third_party/llvm/llvm/lib/CodeGen/AsmPrinter/ErlangGCPrinter.cpp”)
  
  TargetLowering.cpp
D:\github\ink\src\third_party\llvm\llvm\include\llvm\BinaryFormat\ELFRelocs\LoongArch.def(1,1): warning C4819: 该文件包含不能在当前代码页(936)中表示的字符。请将该文件保存为 Unicode 格式以防止数据丢失 [D:\github\ink\build\third_party\llvm\lib\CodeGen\AsmPrinter\LLVMAsmPrinter.vcxproj]
  (编译源文件“../../../../../../src/third_party/llvm/llvm/lib/CodeGen/AsmPrinter/AsmPrinter.cpp”)
  
D:\github\ink\src\third_party\llvm\llvm\lib\CodeGen\SelectionDAG\DAGCombiner.cpp(12926,1): warning C4819: 该文件包含不能在当前代码页(936)中表示的字符。请将该文件保存为 Unicode 格式以防止数据丢失 [D:\github\ink\build\third_party\llvm\lib\CodeGen\SelectionDAG\LLVMSelectionDAG.vcxproj]
D:\github\ink\src\third_party\llvm\llvm\lib\CodeGen\SelectionDAG\TargetLowering.cpp(6984,1): warning C4819: 该文件包含不能在当前代码页(936)中表示的字符。请将该文件保存为 Unicode 格式以防止数据丢失 [D:\github\ink\build\third_party\llvm\lib\CodeGen\SelectionDAG\LLVMSelectionDAG.vcxproj]
  LLVMAsmPrinter.vcxproj -> D:\github\ink\build\third_party\llvm\Release\lib\LLVMAsmPrinter.lib
  LLVMSelectionDAG.vcxproj -> D:\github\ink\build\third_party\llvm\Release\lib\LLVMSelectionDAG.lib
  Building Custom Rule D:/github/ink/src/third_party/llvm/llvm/lib/CodeGen/GlobalISel/CMakeLists.txt
  CSEInfo.cpp
  GISelValueTracking.cpp
  CSEMIRBuilder.cpp
  CallLowering.cpp
  GlobalISel.cpp
  Combiner.cpp
  CombinerHelper.cpp
  CombinerHelperArtifacts.cpp
  CombinerHelperCasts.cpp
  CombinerHelperCompares.cpp
  CombinerHelperVectorOps.cpp
  GIMatchTableExecutor.cpp
  GISelChangeObserver.cpp
  IRTranslator.cpp
  InlineAsmLowering.cpp
  InstructionSelect.cpp
  InstructionSelector.cpp
  LegalityPredicates.cpp
  LegalizeMutations.cpp
  Legalizer.cpp
  LegalizerHelper.cpp
  LegalizerInfo.cpp
  LegacyLegalizerInfo.cpp
  LoadStoreOpt.cpp
  Localizer.cpp
  LostDebugLocObserver.cpp
  MachineFloatingPointPredicateUtils.cpp
  MachineIRBuilder.cpp
  RegBankSelect.cpp
  Utils.cpp
D:\github\ink\src\third_party\llvm\llvm\lib\CodeGen\GlobalISel\LegalizerHelper.cpp(9899,1): warning C4819: 该文件包含不能在当前代码页(936)中表示的字符。请将该文件保存为 Unicode 格式以防止数据丢失 [D:\github\ink\build\third_party\llvm\lib\CodeGen\GlobalISel\LLVMGlobalISel.vcxproj]
  LLVMGlobalISel.vcxproj -> D:\github\ink\build\third_party\llvm\Release\lib\LLVMGlobalISel.lib
  Building Custom Rule D:/github/ink/src/third_party/llvm/llvm/lib/Target/X86/CMakeLists.txt
  X86ArgumentStackSlotRebase.cpp
  X86AsmPrinter.cpp
  X86AvoidTrailingCall.cpp
  X86CallFrameOptimization.cpp
  X86CallingConv.cpp
  X86CmovConversion.cpp
  X86CodeGenPassBuilder.cpp
  X86DomainReassignment.cpp
  X86LowerTileCopy.cpp
  X86LowerAMXType.cpp
  X86LowerAMXIntrinsics.cpp
  X86TileConfig.cpp
  X86FastPreTileConfig.cpp
  X86FastTileConfig.cpp
  X86PreTileConfig.cpp
  X86ExpandPseudo.cpp
  X86FastISel.cpp
  X86FixupBWInsts.cpp
  X86FixupLEAs.cpp
  X86FixupInstTuning.cpp
  X86FixupVectorConstants.cpp
  X86AvoidStoreForwardingBlocks.cpp
  X86DynAllocaExpander.cpp
  X86FixupSetCC.cpp
  X86FlagsCopyLowering.cpp
  X86FloatingPoint.cpp
  X86FrameLowering.cpp
  X86ISelDAGToDAG.cpp
D:\github\ink\src\third_party\llvm\llvm\lib\Target\X86\X86ExpandPseudo.cpp(1,1): warning C4819: 该文件包含不能在当前代码页(936)中表示的字符。请将该文件保存为 Unicode 格式以防止数据丢失 [D:\github\ink\build\third_party\llvm\lib\Target\X86\LLVMX86CodeGen.vcxproj]
  X86ISelLowering.cpp
  X86ISelLoweringCall.cpp
  X86IndirectBranchTracking.cpp
  X86IndirectThunks.cpp
  X86InterleavedAccess.cpp
  X86InstCombineIntrinsic.cpp
  X86InstrFMA3Info.cpp
D:\github\ink\src\third_party\llvm\llvm\include\llvm\BinaryFormat\ELFRelocs\LoongArch.def(1,1): warning C4819: 该文件包含不能在当前代码页(936)中表示的字符。请将该文件保存为 Unicode 格式以防止数据丢失 [D:\github\ink\build\third_party\llvm\lib\Target\X86\LLVMX86CodeGen.vcxproj]
  (编译源文件“../../../../../../src/third_party/llvm/llvm/lib/Target/X86/X86AsmPrinter.cpp”)
  
  X86InstrFoldTables.cpp
  X86InstrInfo.cpp
  X86CompressEVEX.cpp
  X86LoadValueInjectionLoadHardening.cpp
  X86LoadValueInjectionRetHardening.cpp
  X86MCInstLower.cpp
  X86MachineFunctionInfo.cpp
  X86MacroFusion.cpp
  X86OptimizeLEAs.cpp
  X86PadShortFunction.cpp
  X86PartialReduction.cpp
  X86RegisterInfo.cpp
  X86ReturnThunks.cpp
  X86SelectionDAGInfo.cpp
  X86ShuffleDecodeConstantPool.cpp
  X86SpeculativeLoadHardening.cpp
  X86SpeculativeExecutionSideEffectSuppression.cpp
  X86Subtarget.cpp
  X86SuppressAPXForReloc.cpp
  X86TargetMachine.cpp
  X86TargetObjectFile.cpp
  X86TargetTransformInfo.cpp
  X86VZeroUpper.cpp
  X86WinEHState.cpp
  X86WinEHUnwindV2.cpp
  X86InsertWait.cpp
  X86CallLowering.cpp
  X86InstructionSelector.cpp
  X86LegalizerInfo.cpp
  X86PreLegalizerCombiner.cpp
  X86RegisterBankInfo.cpp
  LLVMX86CodeGen.vcxproj -> D:\github\ink\build\third_party\llvm\Release\lib\LLVMX86CodeGen.lib
  LLVMFrontendOpenMP.vcxproj -> D:\github\ink\build\third_party\llvm\Release\lib\LLVMFrontendOpenMP.lib
  Building Custom Rule D:/github/ink/src/third_party/llvm/llvm/lib/Transforms/IPO/CMakeLists.txt
  AlwaysInliner.cpp
  Annotation2Metadata.cpp
  ArgumentPromotion.cpp
  Attributor.cpp
  AttributorAttributes.cpp
  BarrierNoopPass.cpp
  BlockExtractor.cpp
  CalledValuePropagation.cpp
  ConstantMerge.cpp
  CrossDSOCFI.cpp
  DeadArgumentElimination.cpp
  ElimAvailExtern.cpp
  EmbedBitcodePass.cpp
  ExpandVariadics.cpp
  ExtractGV.cpp
  FatLTOCleanup.cpp
  ForceFunctionAttrs.cpp
  FunctionAttrs.cpp
  FunctionImport.cpp
  FunctionSpecialization.cpp
  GlobalDCE.cpp
  GlobalOpt.cpp
D:\github\ink\src\third_party\llvm\llvm\include\llvm\Transforms\IPO\FunctionSpecialization.h(1,1): warning C4819: 该文件包含不能在当前代码页(936)中表示的字符。请将该文件保存为 Unicode 格式以防止数据丢失 [D:\github\ink\build\third_party\llvm\lib\Transforms\IPO\LLVMipo.vcxproj]
  (编译源文件“../../../../../../src/third_party/llvm/llvm/lib/Transforms/IPO/FunctionSpecialization.cpp”)
  
  GlobalSplit.cpp
  HotColdSplitting.cpp
  IPO.cpp
  IROutliner.cpp
  InferFunctionAttrs.cpp
  Inliner.cpp
  Internalize.cpp
  LoopExtractor.cpp
  LowerTypeTests.cpp
  MemProfContextDisambiguation.cpp
  MergeFunctions.cpp
  ModuleInliner.cpp
  OpenMPOpt.cpp
  PartialInlining.cpp
  SampleContextTracker.cpp
  SampleProfile.cpp
  SampleProfileMatcher.cpp
  SampleProfileProbe.cpp
  SCCP.cpp
  StripDeadPrototypes.cpp
  StripSymbols.cpp
  ThinLTOBitcodeWriter.cpp
  WholeProgramDevirt.cpp
D:\github\ink\src\third_party\llvm\llvm\lib\Transforms\IPO\MemProfContextDisambiguation.cpp(5655,1): warning C4819: 该文件包含不能在当前代码页(936)中表示的字符。请将该文件保存为 Unicode 格式以防止数据丢失 [D:\github\ink\build\third_party\llvm\lib\Transforms\IPO\LLVMipo.vcxproj]
D:\github\ink\src\third_party\llvm\llvm\include\llvm\Transforms\IPO\FunctionSpecialization.h(1,1): warning C4819: 该文件包含不能在当前代码页(936)中表示的字符。请将该文件保存为 Unicode 格式以防止数据丢失 [D:\github\ink\build\third_party\llvm\lib\Transforms\IPO\LLVMipo.vcxproj]
  (编译源文件“../../../../../../src/third_party/llvm/llvm/lib/Transforms/IPO/SCCP.cpp”)
  
  LLVMipo.vcxproj -> D:\github\ink\build\third_party\llvm\Release\lib\LLVMipo.lib
  Building Custom Rule D:/github/ink/src/third_party/llvm/llvm/lib/Transforms/Coroutines/CMakeLists.txt
  Coroutines.cpp
  CoroAnnotationElide.cpp
  CoroCleanup.cpp
  CoroConditionalWrapper.cpp
  CoroEarly.cpp
  CoroElide.cpp
  CoroFrame.cpp
  CoroSplit.cpp
  SuspendCrossingInfo.cpp
  SpillUtils.cpp
  MaterializationUtils.cpp
  LLVMCoroutines.vcxproj -> D:\github\ink\build\third_party\llvm\Release\lib\LLVMCoroutines.lib
  Building Custom Rule D:/github/ink/src/third_party/llvm/llvm/lib/Passes/CMakeLists.txt
  CodeGenPassBuilder.cpp
  OptimizationLevel.cpp
  PassBuilder.cpp
  PassBuilderBindings.cpp
  PassBuilderPipelines.cpp
  StandardInstrumentations.cpp
  LLVMPasses.vcxproj -> D:\github\ink\build\third_party\llvm\Release\lib\LLVMPasses.lib
  Building Custom Rule D:/github/ink/src/lib/backend/llvm/CMakeLists.txt
cl : 命令行  warning D9025: 正在重写“/EHs”(用“/EHs-”) [D:\github\ink\build\src\lib\backend\llvm\ink_backend_llvm.vcxproj]
cl : 命令行  warning D9025: 正在重写“/EHc”(用“/EHc-”) [D:\github\ink\build\src\lib\backend\llvm\ink_backend_llvm.vcxproj]
  llvm_backend.cpp
D:\github\ink\src\lib\backend\llvm\llvm_backend.cpp(136,60): warning C4996: 'llvm::TargetRegistry::lookupTarget': Use overload accepting Triple instead [D:\github\ink\build\src\lib\backend\llvm\ink_backend_llvm.vcxproj]
  lowering_context.cpp
  type_lowering.cpp
  function_lowering.cpp
  type_desc_lowering.cpp
D:\github\ink\src\lib\backend\llvm\reflection\type_desc_lowering.cpp(82,37): warning C4458: “Types”的声明隐藏了类成员 [D:\github\ink\build\src\lib\backend\llvm\ink_backend_llvm.vcxproj]
      D:\github\ink\src\lib\backend\llvm\lowering_context.h(54,60):
      参见“ink::backend::llvm::LoweringContext::Types”的声明
  
  正在生成代码...
D:\github\ink\src\third_party\llvm\llvm\include\llvm\ADT\bit.h(262,1): warning C4702: 无法访问的代码 [D:\github\ink\build\src\lib\backend\llvm\ink_backend_llvm.vcxproj]
D:\github\ink\src\third_party\llvm\llvm\include\llvm\ADT\bit.h(263,1): warning C4702: 无法访问的代码 [D:\github\ink\build\src\lib\backend\llvm\ink_backend_llvm.vcxproj]
D:\github\ink\src\third_party\llvm\llvm\include\llvm\ADT\bit.h(264,1): warning C4702: 无法访问的代码 [D:\github\ink\build\src\lib\backend\llvm\ink_backend_llvm.vcxproj]
D:\github\ink\src\third_party\llvm\llvm\include\llvm\ADT\bit.h(266,1): warning C4702: 无法访问的代码 [D:\github\ink\build\src\lib\backend\llvm\ink_backend_llvm.vcxproj]
D:\github\ink\src\third_party\llvm\llvm\include\llvm\ADT\bit.h(268,1): warning C4702: 无法访问的代码 [D:\github\ink\build\src\lib\backend\llvm\ink_backend_llvm.vcxproj]
D:\github\ink\src\third_party\llvm\llvm\include\llvm\ADT\bit.h(270,1): warning C4702: 无法访问的代码 [D:\github\ink\build\src\lib\backend\llvm\ink_backend_llvm.vcxproj]
D:\github\ink\src\third_party\llvm\llvm\include\llvm\ADT\bit.h(262,1): warning C4702: 无法访问的代码 [D:\github\ink\build\src\lib\backend\llvm\ink_backend_llvm.vcxproj]
D:\github\ink\src\third_party\llvm\llvm\include\llvm\ADT\bit.h(263,1): warning C4702: 无法访问的代码 [D:\github\ink\build\src\lib\backend\llvm\ink_backend_llvm.vcxproj]
D:\github\ink\src\third_party\llvm\llvm\include\llvm\ADT\bit.h(264,1): warning C4702: 无法访问的代码 [D:\github\ink\build\src\lib\backend\llvm\ink_backend_llvm.vcxproj]
D:\github\ink\src\third_party\llvm\llvm\include\llvm\ADT\bit.h(266,1): warning C4702: 无法访问的代码 [D:\github\ink\build\src\lib\backend\llvm\ink_backend_llvm.vcxproj]
D:\github\ink\src\third_party\llvm\llvm\include\llvm\ADT\bit.h(268,1): warning C4702: 无法访问的代码 [D:\github\ink\build\src\lib\backend\llvm\ink_backend_llvm.vcxproj]
D:\github\ink\src\third_party\llvm\llvm\include\llvm\ADT\bit.h(270,1): warning C4702: 无法访问的代码 [D:\github\ink\build\src\lib\backend\llvm\ink_backend_llvm.vcxproj]
  ink_backend_llvm.vcxproj -> D:\github\ink\build\src\lib\backend\llvm\Release\ink_backend_llvm.lib
