Running main() from D:\github\ink\src\third_party\googletest\googletest\src\gtest_main.cc
[==========] Running 3971 tests from 104 test suites.
[----------] Global test environment set-up.
[----------] 1 test from ConfigManagerDeathTest
[ RUN      ] ConfigManagerDeathTest.MissingKeysReportICEAndPanic
Running main() from D:\github\ink\src\third_party\googletest\googletest\src\gtest_main.cc
Running main() from D:\github\ink\src\third_party\googletest\googletest\src\gtest_main.cc
Running main() from D:\github\ink\src\third_party\googletest\googletest\src\gtest_main.cc
Running main() from D:\github\ink\src\third_party\googletest\googletest\src\gtest_main.cc
[       OK ] ConfigManagerDeathTest.MissingKeysReportICEAndPanic (235 ms)
[----------] 1 test from ConfigManagerDeathTest (235 ms total)

[----------] 4 tests from DiagnosticDeathTest
[ RUN      ] DiagnosticDeathTest.PanicWritesBeforeTerminating
Running main() from D:\github\ink\src\third_party\googletest\googletest\src\gtest_main.cc
Running main() from D:\github\ink\src\third_party\googletest\googletest\src\gtest_main.cc
[       OK ] DiagnosticDeathTest.PanicWritesBeforeTerminating (59 ms)
[ RUN      ] DiagnosticDeathTest.PrintsParameterizedICEWithoutConsumers
Running main() from D:\github\ink\src\third_party\googletest\googletest\src\gtest_main.cc
Running main() from D:\github\ink\src\third_party\googletest\googletest\src\gtest_main.cc
[       OK ] DiagnosticDeathTest.PrintsParameterizedICEWithoutConsumers (63 ms)
[ RUN      ] DiagnosticDeathTest.PanicsBeforeDispatchingToConsumers
Running main() from D:\github\ink\src\third_party\googletest\googletest\src\gtest_main.cc
[       OK ] DiagnosticDeathTest.PanicsBeforeDispatchingToConsumers (32 ms)
[ RUN      ] DiagnosticDeathTest.HonorsExplicitICEClassificationAndFormattingFallback
Running main() from D:\github\ink\src\third_party\googletest\googletest\src\gtest_main.cc
Running main() from D:\github\ink\src\third_party\googletest\googletest\src\gtest_main.cc
[       OK ] DiagnosticDeathTest.HonorsExplicitICEClassificationAndFormattingFallback (60 ms)
[----------] 4 tests from DiagnosticDeathTest (215 ms total)

[----------] 1 test from ExecutionDiagnosticDeathTest
[ RUN      ] ExecutionDiagnosticDeathTest.ReportsBudgetFailureThroughDiagnosticEngine
Running main() from D:\github\ink\src\third_party\googletest\googletest\src\gtest_main.cc
[       OK ] ExecutionDiagnosticDeathTest.ReportsBudgetFailureThroughDiagnosticEngine (24 ms)
[----------] 1 test from ExecutionDiagnosticDeathTest (24 ms total)

[----------] 10 tests from NameManglingTest
[ RUN      ] NameManglingTest.MatchesPublishedAddSymbol
[       OK ] NameManglingTest.MatchesPublishedAddSymbol (0 ms)
[ RUN      ] NameManglingTest.SeparatesPackageAndModuleComponents
[       OK ] NameManglingTest.SeparatesPackageAndModuleComponents (0 ms)
[ RUN      ] NameManglingTest.CanonicalUnicodeNames
[       OK ] NameManglingTest.CanonicalUnicodeNames (0 ms)
[ RUN      ] NameManglingTest.EncodesConcreteTypeAlgebra
[       OK ] NameManglingTest.EncodesConcreteTypeAlgebra (0 ms)
[ RUN      ] NameManglingTest.KeepsGenericDeclarationPattern
[       OK ] NameManglingTest.KeepsGenericDeclarationPattern (0 ms)
[ RUN      ] NameManglingTest.SubstitutesTypedArrayLength
[       OK ] NameManglingTest.SubstitutesTypedArrayLength (0 ms)
[ RUN      ] NameManglingTest.PreservesExactConstantBits
[       OK ] NameManglingTest.PreservesExactConstantBits (0 ms)
[ RUN      ] NameManglingTest.ReturnTypeDoesNotDefineOverload
[       OK ] NameManglingTest.ReturnTypeDoesNotDefineOverload (0 ms)
[ RUN      ] NameManglingTest.RejectsMalformedWireAndHonorsBudgets
[       OK ] NameManglingTest.RejectsMalformedWireAndHonorsBudgets (0 ms)
[ RUN      ] NameManglingTest.RoundTripsModuleIdentity
[       OK ] NameManglingTest.RoundTripsModuleIdentity (0 ms)
[----------] 10 tests from NameManglingTest (0 ms total)

[----------] 4 tests from ConfigManagerTest
[ RUN      ] ConfigManagerTest.UsesDefaultWhenEnvironmentIsAbsent
[       OK ] ConfigManagerTest.UsesDefaultWhenEnvironmentIsAbsent (0 ms)
[ RUN      ] ConfigManagerTest.CopiesOverridesAndReadsCurrentEnvironment
[       OK ] ConfigManagerTest.CopiesOverridesAndReadsCurrentEnvironment (0 ms)
[ RUN      ] ConfigManagerTest.AcceptsUnsignedSizeBoundaries
[       OK ] ConfigManagerTest.AcceptsUnsignedSizeBoundaries (0 ms)
[ RUN      ] ConfigManagerTest.FallsBackForInvalidSizeOverrides
[       OK ] ConfigManagerTest.FallsBackForInvalidSizeOverrides (0 ms)
[----------] 4 tests from ConfigManagerTest (0 ms total)

[----------] 5 tests from DiagnosticTest
[ RUN      ] DiagnosticTest.DefinitionTablesHaveDistinctClassesAndIdentities
[       OK ] DiagnosticTest.DefinitionTablesHaveDistinctClassesAndIdentities (0 ms)
[ RUN      ] DiagnosticTest.ResourceLimitsAreICEWithoutRenumbering
[       OK ] DiagnosticTest.ResourceLimitsAreICEWithoutRenumbering (0 ms)
[ RUN      ] DiagnosticTest.EngineDeliversUserErrorsAndParameterizedICE
[       OK ] DiagnosticTest.EngineDeliversUserErrorsAndParameterizedICE (0 ms)
[ RUN      ] DiagnosticTest.EngineReportsSourceIdentityAndSpan
[       OK ] DiagnosticTest.EngineReportsSourceIdentityAndSpan (0 ms)
[ RUN      ] DiagnosticTest.ArchiveICEOwnsReasonAndHasFormattingFallback
[       OK ] DiagnosticTest.ArchiveICEOwnsReasonAndHasFormattingFallback (0 ms)
[----------] 5 tests from DiagnosticTest (0 ms total)

[----------] 2 tests from ASTContextTest
[ RUN      ] ASTContextTest.DestructionAndNestedCheckpoints
[       OK ] ASTContextTest.DestructionAndNestedCheckpoints (0 ms)
[ RUN      ] ASTContextTest.StableAddressesAlignmentAndArrayCopies
[       OK ] ASTContextTest.StableAddressesAlignmentAndArrayCopies (0 ms)
[----------] 2 tests from ASTContextTest (0 ms total)

[----------] 108 tests from ParserTest
[ RUN      ] ParserTest.VisitorDispatchAndConstCasts
[       OK ] ParserTest.VisitorDispatchAndConstCasts (0 ms)
[ RUN      ] ParserTest.ComptimeTraversalAndDump
[       OK ] ParserTest.ComptimeTraversalAndDump (0 ms)
[ RUN      ] ParserTest.OrdinaryNodesDefaultToRuntime
[       OK ] ParserTest.OrdinaryNodesDefaultToRuntime (0 ms)
[ RUN      ] ParserTest.WalkerControlAndSourceOrder
[       OK ] ParserTest.WalkerControlAndSourceOrder (0 ms)
[ RUN      ] ParserTest.RecordChildrenCoverage
[       OK ] ParserTest.RecordChildrenCoverage (0 ms)
[ RUN      ] ParserTest.CursorEOFAndRestore
[       OK ] ParserTest.CursorEOFAndRestore (0 ms)
[ RUN      ] ParserTest.DiagnosticTransactions
[       OK ] ParserTest.DiagnosticTransactions (0 ms)
[ RUN      ] ParserTest.ICEBypassesDiagnosticSuppressionAndTransactions
Running main() from D:\github\ink\src\third_party\googletest\googletest\src\gtest_main.cc
[       OK ] ParserTest.ICEBypassesDiagnosticSuppressionAndTransactions (24 ms)
[ RUN      ] ParserTest.ASTTextSerializationRejectsMalformedInput
[       OK ] ParserTest.ASTTextSerializationRejectsMalformedInput (44 ms)
[ RUN      ] ParserTest.ASTSerializationComptimeFlags
[       OK ] ParserTest.ASTSerializationComptimeFlags (0 ms)
[ RUN      ] ParserTest.ASTSerializationRejectsMalformedComptimeFlagsAndLegacyVersions
[       OK ] ParserTest.ASTSerializationRejectsMalformedComptimeFlagsAndLegacyVersions (0 ms)
[ RUN      ] ParserTest.ASTSerializationDeclarationVisibility
[       OK ] ParserTest.ASTSerializationDeclarationVisibility (0 ms)
[ RUN      ] ParserTest.ASTSerializationRejectsMalformedVisibility
[       OK ] ParserTest.ASTSerializationRejectsMalformedVisibility (0 ms)
[ RUN      ] ParserTest.ASTSerializationGrammarCorpus
[       OK ] ParserTest.ASTSerializationGrammarCorpus (630 ms)
[ RUN      ] ParserTest.ASTSerializationEveryRecoveryKind
[       OK ] ParserTest.ASTSerializationEveryRecoveryKind (0 ms)
[ RUN      ] ParserTest.ASTSerializationRecoveryAndLexicalFailure
[       OK ] ParserTest.ASTSerializationRecoveryAndLexicalFailure (0 ms)
[ RUN      ] ParserTest.ASTSerializationInterruptedParses
Running main() from D:\github\ink\src\third_party\googletest\googletest\src\gtest_main.cc
[       OK ] ParserTest.ASTSerializationInterruptedParses (25 ms)
[ RUN      ] ParserTest.ASTSerializationLiteralPayloads
[       OK ] ParserTest.ASTSerializationLiteralPayloads (0 ms)
[ RUN      ] ParserTest.ASTSerializationNativeLinkage
[       OK ] ParserTest.ASTSerializationNativeLinkage (1 ms)
[ RUN      ] ParserTest.ASTSerializationPreservesFunctionBindingEncoding
[       OK ] ParserTest.ASTSerializationPreservesFunctionBindingEncoding (0 ms)
[ RUN      ] ParserTest.ASTSerializationRejectsInvalidNativeSymbolKind
Running main() from D:\github\ink\src\third_party\googletest\googletest\src\gtest_main.cc
Running main() from D:\github\ink\src\third_party\googletest\googletest\src\gtest_main.cc
[       OK ] ParserTest.ASTSerializationRejectsInvalidNativeSymbolKind (53 ms)
[ RUN      ] ParserTest.ASTSerializationRejectsNonStringLinkage
Running main() from D:\github\ink\src\third_party\googletest\googletest\src\gtest_main.cc
[       OK ] ParserTest.ASTSerializationRejectsNonStringLinkage (24 ms)
[ RUN      ] ParserTest.ASTSerializationDeepTree
[       OK ] ParserTest.ASTSerializationDeepTree (22 ms)
[ RUN      ] ParserTest.ASTSerializationDeterministicContainer
[       OK ] ParserTest.ASTSerializationDeterministicContainer (0 ms)
[ RUN      ] ParserTest.ASTSerializationFramingFailures
Running main() from D:\github\ink\src\third_party\googletest\googletest\src\gtest_main.cc
Running main() from D:\github\ink\src\third_party\googletest\googletest\src\gtest_main.cc
Running main() from D:\github\ink\src\third_party\googletest\googletest\src\gtest_main.cc
Running main() from D:\github\ink\src\third_party\googletest\googletest\src\gtest_main.cc
Running main() from D:\github\ink\src\third_party\googletest\googletest\src\gtest_main.cc
Running main() from D:\github\ink\src\third_party\googletest\googletest\src\gtest_main.cc
Running main() from D:\github\ink\src\third_party\googletest\googletest\src\gtest_main.cc
Running main() from D:\github\ink\src\third_party\googletest\googletest\src\gtest_main.cc
Running main() from D:\github\ink\src\third_party\googletest\googletest\src\gtest_main.cc
Running main() from D:\github\ink\src\third_party\googletest\googletest\src\gtest_main.cc
Running main() from D:\github\ink\src\third_party\googletest\googletest\src\gtest_main.cc
Running main() from D:\github\ink\src\third_party\googletest\googletest\src\gtest_main.cc
Running main() from D:\github\ink\src\third_party\googletest\googletest\src\gtest_main.cc
Running main() from D:\github\ink\src\third_party\googletest\googletest\src\gtest_main.cc
Running main() from D:\github\ink\src\third_party\googletest\googletest\src\gtest_main.cc
Running main() from D:\github\ink\src\third_party\googletest\googletest\src\gtest_main.cc
Running main() from D:\github\ink\src\third_party\googletest\googletest\src\gtest_main.cc
Running main() from D:\github\ink\src\third_party\googletest\googletest\src\gtest_main.cc
Running main() from D:\github\ink\src\third_party\googletest\googletest\src\gtest_main.cc
Running main() from D:\github\ink\src\third_party\googletest\googletest\src\gtest_main.cc
Running main() from D:\github\ink\src\third_party\googletest\googletest\src\gtest_main.cc
Running main() from D:\github\ink\src\third_party\googletest\googletest\src\gtest_main.cc
Running main() from D:\github\ink\src\third_party\googletest\googletest\src\gtest_main.cc
Running main() from D:\github\ink\src\third_party\googletest\googletest\src\gtest_main.cc
Running main() from D:\github\ink\src\third_party\googletest\googletest\src\gtest_main.cc
Running main() from D:\github\ink\src\third_party\googletest\googletest\src\gtest_main.cc
Running main() from D:\github\ink\src\third_party\googletest\googletest\src\gtest_main.cc
Running main() from D:\github\ink\src\third_party\googletest\googletest\src\gtest_main.cc
Running main() from D:\github\ink\src\third_party\googletest\googletest\src\gtest_main.cc
Running main() from D:\github\ink\src\third_party\googletest\googletest\src\gtest_main.cc
Running main() from D:\github\ink\src\third_party\googletest\googletest\src\gtest_main.cc
Running main() from D:\github\ink\src\third_party\googletest\googletest\src\gtest_main.cc
Running main() from D:\github\ink\src\third_party\googletest\googletest\src\gtest_main.cc
Running main() from D:\github\ink\src\third_party\googletest\googletest\src\gtest_main.cc
Running main() from D:\github\ink\src\third_party\googletest\googletest\src\gtest_main.cc
Running main() from D:\github\ink\src\third_party\googletest\googletest\src\gtest_main.cc
Running main() from D:\github\ink\src\third_party\googletest\googletest\src\gtest_main.cc
Running main() from D:\github\ink\src\third_party\googletest\googletest\src\gtest_main.cc
Running main() from D:\github\ink\src\third_party\googletest\googletest\src\gtest_main.cc
Running main() from D:\github\ink\src\third_party\googletest\googletest\src\gtest_main.cc
Running main() from D:\github\ink\src\third_party\googletest\googletest\src\gtest_main.cc
Running main() from D:\github\ink\src\third_party\googletest\googletest\src\gtest_main.cc
Running main() from D:\github\ink\src\third_party\googletest\googletest\src\gtest_main.cc
Running main() from D:\github\ink\src\third_party\googletest\googletest\src\gtest_main.cc
Running main() from D:\github\ink\src\third_party\googletest\googletest\src\gtest_main.cc
Running main() from D:\github\ink\src\third_party\googletest\googletest\src\gtest_main.cc
Running main() from D:\github\ink\src\third_party\googletest\googletest\src\gtest_main.cc
Running main() from D:\github\ink\src\third_party\googletest\googletest\src\gtest_main.cc
Running main() from D:\github\ink\src\third_party\googletest\googletest\src\gtest_main.cc
Running main() from D:\github\ink\src\third_party\googletest\googletest\src\gtest_main.cc
Running main() from D:\github\ink\src\third_party\googletest\googletest\src\gtest_main.cc
Running main() from D:\github\ink\src\third_party\googletest\googletest\src\gtest_main.cc
Running main() from D:\github\ink\src\third_party\googletest\googletest\src\gtest_main.cc
Running main() from D:\github\ink\src\third_party\googletest\googletest\src\gtest_main.cc
Running main() from D:\github\ink\src\third_party\googletest\googletest\src\gtest_main.cc
Running main() from D:\github\ink\src\third_party\googletest\googletest\src\gtest_main.cc
Running main() from D:\github\ink\src\third_party\googletest\googletest\src\gtest_main.cc
Running main() from D:\github\ink\src\third_party\googletest\googletest\src\gtest_main.cc
Running main() from D:\github\ink\src\third_party\googletest\googletest\src\gtest_main.cc
Running main() from D:\github\ink\src\third_party\googletest\googletest\src\gtest_main.cc
Running main() from D:\github\ink\src\third_party\googletest\googletest\src\gtest_main.cc
Running main() from D:\github\ink\src\third_party\googletest\googletest\src\gtest_main.cc
Running main() from D:\github\ink\src\third_party\googletest\googletest\src\gtest_main.cc
Running main() from D:\github\ink\src\third_party\googletest\googletest\src\gtest_main.cc
Running main() from D:\github\ink\src\third_party\googletest\googletest\src\gtest_main.cc
Running main() from D:\github\ink\src\third_party\googletest\googletest\src\gtest_main.cc
Running main() from D:\github\ink\src\third_party\googletest\googletest\src\gtest_main.cc
Running main() from D:\github\ink\src\third_party\googletest\googletest\src\gtest_main.cc
Running main() from D:\github\ink\src\third_party\googletest\googletest\src\gtest_main.cc
Running main() from D:\github\ink\src\third_party\googletest\googletest\src\gtest_main.cc
Running main() from D:\github\ink\src\third_party\googletest\googletest\src\gtest_main.cc
Running main() from D:\github\ink\src\third_party\googletest\googletest\src\gtest_main.cc
Running main() from D:\github\ink\src\third_party\googletest\googletest\src\gtest_main.cc
Running main() from D:\github\ink\src\third_party\googletest\googletest\src\gtest_main.cc
Running main() from D:\github\ink\src\third_party\googletest\googletest\src\gtest_main.cc
Running main() from D:\github\ink\src\third_party\googletest\googletest\src\gtest_main.cc
Running main() from D:\github\ink\src\third_party\googletest\googletest\src\gtest_main.cc
Running main() from D:\github\ink\src\third_party\googletest\googletest\src\gtest_main.cc
Running main() from D:\github\ink\src\third_party\googletest\googletest\src\gtest_main.cc
Running main() from D:\github\ink\src\third_party\googletest\googletest\src\gtest_main.cc
Running main() from D:\github\ink\src\third_party\googletest\googletest\src\gtest_main.cc
Running main() from D:\github\ink\src\third_party\googletest\googletest\src\gtest_main.cc
Running main() from D:\github\ink\src\third_party\googletest\googletest\src\gtest_main.cc
Running main() from D:\github\ink\src\third_party\googletest\googletest\src\gtest_main.cc
Running main() from D:\github\ink\src\third_party\googletest\googletest\src\gtest_main.cc
Running main() from D:\github\ink\src\third_party\googletest\googletest\src\gtest_main.cc
Running main() from D:\github\ink\src\third_party\googletest\googletest\src\gtest_main.cc
Running main() from D:\github\ink\src\third_party\googletest\googletest\src\gtest_main.cc
Running main() from D:\github\ink\src\third_party\googletest\googletest\src\gtest_main.cc
Running main() from D:\github\ink\src\third_party\googletest\googletest\src\gtest_main.cc
Running main() from D:\github\ink\src\third_party\googletest\googletest\src\gtest_main.cc
Running main() from D:\github\ink\src\third_party\googletest\googletest\src\gtest_main.cc
Running main() from D:\github\ink\src\third_party\googletest\googletest\src\gtest_main.cc
Running main() from D:\github\ink\src\third_party\googletest\googletest\src\gtest_main.cc
Running main() from D:\github\ink\src\third_party\googletest\googletest\src\gtest_main.cc
Running main() from D:\github\ink\src\third_party\googletest\googletest\src\gtest_main.cc
Running main() from D:\github\ink\src\third_party\googletest\googletest\src\gtest_main.cc
Running main() from D:\github\ink\src\third_party\googletest\googletest\src\gtest_main.cc
Running main() from D:\github\ink\src\third_party\googletest\googletest\src\gtest_main.cc
Running main() from D:\github\ink\src\third_party\googletest\googletest\src\gtest_main.cc
Running main() from D:\github\ink\src\third_party\googletest\googletest\src\gtest_main.cc
Running main() from D:\github\ink\src\third_party\googletest\googletest\src\gtest_main.cc
Running main() from D:\github\ink\src\third_party\googletest\googletest\src\gtest_main.cc
Running main() from D:\github\ink\src\third_party\googletest\googletest\src\gtest_main.cc
Running main() from D:\github\ink\src\third_party\googletest\googletest\src\gtest_main.cc
Running main() from D:\github\ink\src\third_party\googletest\googletest\src\gtest_main.cc
Running main() from D:\github\ink\src\third_party\googletest\googletest\src\gtest_main.cc
Running main() from D:\github\ink\src\third_party\googletest\googletest\src\gtest_main.cc
Running main() from D:\github\ink\src\third_party\googletest\googletest\src\gtest_main.cc
Running main() from D:\github\ink\src\third_party\googletest\googletest\src\gtest_main.cc
Running main() from D:\github\ink\src\third_party\googletest\googletest\src\gtest_main.cc
Running main() from D:\github\ink\src\third_party\googletest\googletest\src\gtest_main.cc
Running main() from D:\github\ink\src\third_party\googletest\googletest\src\gtest_main.cc
Running main() from D:\github\ink\src\third_party\googletest\googletest\src\gtest_main.cc
Running main() from D:\github\ink\src\third_party\googletest\googletest\src\gtest_main.cc
Running main() from D:\github\ink\src\third_party\googletest\googletest\src\gtest_main.cc
Running main() from D:\github\ink\src\third_party\googletest\googletest\src\gtest_main.cc
Running main() from D:\github\ink\src\third_party\googletest\googletest\src\gtest_main.cc
Running main() from D:\github\ink\src\third_party\googletest\googletest\src\gtest_main.cc
Running main() from D:\github\ink\src\third_party\googletest\googletest\src\gtest_main.cc
Running main() from D:\github\ink\src\third_party\googletest\googletest\src\gtest_main.cc
Running main() from D:\github\ink\src\third_party\googletest\googletest\src\gtest_main.cc
Running main() from D:\github\ink\src\third_party\googletest\googletest\src\gtest_main.cc
Running main() from D:\github\ink\src\third_party\googletest\googletest\src\gtest_main.cc
Running main() from D:\github\ink\src\third_party\googletest\googletest\src\gtest_main.cc
Running main() from D:\github\ink\src\third_party\googletest\googletest\src\gtest_main.cc
Running main() from D:\github\ink\src\third_party\googletest\googletest\src\gtest_main.cc
Running main() from D:\github\ink\src\third_party\googletest\googletest\src\gtest_main.cc
Running main() from D:\github\ink\src\third_party\googletest\googletest\src\gtest_main.cc
Running main() from D:\github\ink\src\third_party\googletest\googletest\src\gtest_main.cc
Running main() from D:\github\ink\src\third_party\googletest\googletest\src\gtest_main.cc
Running main() from D:\github\ink\src\third_party\googletest\googletest\src\gtest_main.cc
Running main() from D:\github\ink\src\third_party\googletest\googletest\src\gtest_main.cc
Running main() from D:\github\ink\src\third_party\googletest\googletest\src\gtest_main.cc
Running main() from D:\github\ink\src\third_party\googletest\googletest\src\gtest_main.cc
Running main() from D:\github\ink\src\third_party\googletest\googletest\src\gtest_main.cc
Running main() from D:\github\ink\src\third_party\googletest\googletest\src\gtest_main.cc
Running main() from D:\github\ink\src\third_party\googletest\googletest\src\gtest_main.cc
Running main() from D:\github\ink\src\third_party\googletest\googletest\src\gtest_main.cc
Running main() from D:\github\ink\src\third_party\googletest\googletest\src\gtest_main.cc
Running main() from D:\github\ink\src\third_party\googletest\googletest\src\gtest_main.cc
Running main() from D:\github\ink\src\third_party\googletest\googletest\src\gtest_main.cc
Running main() from D:\github\ink\src\third_party\googletest\googletest\src\gtest_main.cc
Running main() from D:\github\ink\src\third_party\googletest\googletest\src\gtest_main.cc
Running main() from D:\github\ink\src\third_party\googletest\googletest\src\gtest_main.cc
Running main() from D:\github\ink\src\third_party\googletest\googletest\src\gtest_main.cc
Running main() from D:\github\ink\src\third_party\googletest\googletest\src\gtest_main.cc
Running main() from D:\github\ink\src\third_party\googletest\googletest\src\gtest_main.cc
Running main() from D:\github\ink\src\third_party\googletest\googletest\src\gtest_main.cc
Running main() from D:\github\ink\src\third_party\googletest\googletest\src\gtest_main.cc
Running main() from D:\github\ink\src\third_party\googletest\googletest\src\gtest_main.cc
Running main() from D:\github\ink\src\third_party\googletest\googletest\src\gtest_main.cc
Running main() from D:\github\ink\src\third_party\googletest\googletest\src\gtest_main.cc
Running main() from D:\github\ink\src\third_party\googletest\googletest\src\gtest_main.cc
Running main() from D:\github\ink\src\third_party\googletest\googletest\src\gtest_main.cc
Running main() from D:\github\ink\src\third_party\googletest\googletest\src\gtest_main.cc
Running main() from D:\github\ink\src\third_party\googletest\googletest\src\gtest_main.cc
Running main() from D:\github\ink\src\third_party\googletest\googletest\src\gtest_main.cc
Running main() from D:\github\ink\src\third_party\googletest\googletest\src\gtest_main.cc
Running main() from D:\github\ink\src\third_party\googletest\googletest\src\gtest_main.cc
Running main() from D:\github\ink\src\third_party\googletest\googletest\src\gtest_main.cc
Running main() from D:\github\ink\src\third_party\googletest\googletest\src\gtest_main.cc
Running main() from D:\github\ink\src\third_party\googletest\googletest\src\gtest_main.cc
Running main() from D:\github\ink\src\third_party\googletest\googletest\src\gtest_main.cc
Running main() from D:\github\ink\src\third_party\googletest\googletest\src\gtest_main.cc
Running main() from D:\github\ink\src\third_party\googletest\googletest\src\gtest_main.cc
Running main() from D:\github\ink\src\third_party\googletest\googletest\src\gtest_main.cc
Running main() from D:\github\ink\src\third_party\googletest\googletest\src\gtest_main.cc
Running main() from D:\github\ink\src\third_party\googletest\googletest\src\gtest_main.cc
Running main() from D:\github\ink\src\third_party\googletest\googletest\src\gtest_main.cc
Running main() from D:\github\ink\src\third_party\googletest\googletest\src\gtest_main.cc
Running main() from D:\github\ink\src\third_party\googletest\googletest\src\gtest_main.cc
Running main() from D:\github\ink\src\third_party\googletest\googletest\src\gtest_main.cc
Running main() from D:\github\ink\src\third_party\googletest\googletest\src\gtest_main.cc
Running main() from D:\github\ink\src\third_party\googletest\googletest\src\gtest_main.cc
Running main() from D:\github\ink\src\third_party\googletest\googletest\src\gtest_main.cc
Running main() from D:\github\ink\src\third_party\googletest\googletest\src\gtest_main.cc
Running main() from D:\github\ink\src\third_party\googletest\googletest\src\gtest_main.cc
Running main() from D:\github\ink\src\third_party\googletest\googletest\src\gtest_main.cc
Running main() from D:\github\ink\src\third_party\googletest\googletest\src\gtest_main.cc
Running main() from D:\github\ink\src\third_party\googletest\googletest\src\gtest_main.cc
Running main() from D:\github\ink\src\third_party\googletest\googletest\src\gtest_main.cc
Running main() from D:\github\ink\src\third_party\googletest\googletest\src\gtest_main.cc
Running main() from D:\github\ink\src\third_party\googletest\googletest\src\gtest_main.cc
Running main() from D:\github\ink\src\third_party\googletest\googletest\src\gtest_main.cc
Running main() from D:\github\ink\src\third_party\googletest\googletest\src\gtest_main.cc
Running main() from D:\github\ink\src\third_party\googletest\googletest\src\gtest_main.cc
Running main() from D:\github\ink\src\third_party\googletest\googletest\src\gtest_main.cc
[       OK ] ParserTest.ASTSerializationFramingFailures (6041 ms)
[ RUN      ] ParserTest.ASTSerializationNodeFailures
Running main() from D:\github\ink\src\third_party\googletest\googletest\src\gtest_main.cc
Running main() from D:\github\ink\src\third_party\googletest\googletest\src\gtest_main.cc
Running main() from D:\github\ink\src\third_party\googletest\googletest\src\gtest_main.cc
Running main() from D:\github\ink\src\third_party\googletest\googletest\src\gtest_main.cc
Running main() from D:\github\ink\src\third_party\googletest\googletest\src\gtest_main.cc
Running main() from D:\github\ink\src\third_party\googletest\googletest\src\gtest_main.cc
Running main() from D:\github\ink\src\third_party\googletest\googletest\src\gtest_main.cc
Running main() from D:\github\ink\src\third_party\googletest\googletest\src\gtest_main.cc
[       OK ] ParserTest.ASTSerializationNodeFailures (228 ms)
[ RUN      ] ParserTest.ASTSerializationFieldFailures
Running main() from D:\github\ink\src\third_party\googletest\googletest\src\gtest_main.cc
Running main() from D:\github\ink\src\third_party\googletest\googletest\src\gtest_main.cc
Running main() from D:\github\ink\src\third_party\googletest\googletest\src\gtest_main.cc
Running main() from D:\github\ink\src\third_party\googletest\googletest\src\gtest_main.cc
Running main() from D:\github\ink\src\third_party\googletest\googletest\src\gtest_main.cc
Running main() from D:\github\ink\src\third_party\googletest\googletest\src\gtest_main.cc
Running main() from D:\github\ink\src\third_party\googletest\googletest\src\gtest_main.cc
Running main() from D:\github\ink\src\third_party\googletest\googletest\src\gtest_main.cc
Running main() from D:\github\ink\src\third_party\googletest\googletest\src\gtest_main.cc
Running main() from D:\github\ink\src\third_party\googletest\googletest\src\gtest_main.cc
Running main() from D:\github\ink\src\third_party\googletest\googletest\src\gtest_main.cc
[       OK ] ParserTest.ASTSerializationFieldFailures (296 ms)
[ RUN      ] ParserTest.ASTSerializationTokenFailures
Running main() from D:\github\ink\src\third_party\googletest\googletest\src\gtest_main.cc
Running main() from D:\github\ink\src\third_party\googletest\googletest\src\gtest_main.cc
Running main() from D:\github\ink\src\third_party\googletest\googletest\src\gtest_main.cc
Running main() from D:\github\ink\src\third_party\googletest\googletest\src\gtest_main.cc
Running main() from D:\github\ink\src\third_party\googletest\googletest\src\gtest_main.cc
Running main() from D:\github\ink\src\third_party\googletest\googletest\src\gtest_main.cc
Running main() from D:\github\ink\src\third_party\googletest\googletest\src\gtest_main.cc
[       OK ] ParserTest.ASTSerializationTokenFailures (192 ms)
[ RUN      ] ParserTest.ASTSerializationEncodingFailures
Running main() from D:\github\ink\src\third_party\googletest\googletest\src\gtest_main.cc
Running main() from D:\github\ink\src\third_party\googletest\googletest\src\gtest_main.cc
Running main() from D:\github\ink\src\third_party\googletest\googletest\src\gtest_main.cc
Running main() from D:\github\ink\src\third_party\googletest\googletest\src\gtest_main.cc
Running main() from D:\github\ink\src\third_party\googletest\googletest\src\gtest_main.cc
Running main() from D:\github\ink\src\third_party\googletest\googletest\src\gtest_main.cc
[       OK ] ParserTest.ASTSerializationEncodingFailures (162 ms)
[ RUN      ] ParserTest.ASTSerializationMalformedBitstream
Running main() from D:\github\ink\src\third_party\googletest\googletest\src\gtest_main.cc
Running main() from D:\github\ink\src\third_party\googletest\googletest\src\gtest_main.cc
Running main() from D:\github\ink\src\third_party\googletest\googletest\src\gtest_main.cc
[       OK ] ParserTest.ASTSerializationMalformedBitstream (75 ms)
[ RUN      ] ParserTest.ASTSerializationRecoveryFailures
Running main() from D:\github\ink\src\third_party\googletest\googletest\src\gtest_main.cc
Running main() from D:\github\ink\src\third_party\googletest\googletest\src\gtest_main.cc
Running main() from D:\github\ink\src\third_party\googletest\googletest\src\gtest_main.cc
Running main() from D:\github\ink\src\third_party\googletest\googletest\src\gtest_main.cc
[       OK ] ParserTest.ASTSerializationRecoveryFailures (101 ms)
[ RUN      ] ParserTest.ASTSerializationResourceLimits
Running main() from D:\github\ink\src\third_party\googletest\googletest\src\gtest_main.cc
Running main() from D:\github\ink\src\third_party\googletest\googletest\src\gtest_main.cc
Running main() from D:\github\ink\src\third_party\googletest\googletest\src\gtest_main.cc
Running main() from D:\github\ink\src\third_party\googletest\googletest\src\gtest_main.cc
Running main() from D:\github\ink\src\third_party\googletest\googletest\src\gtest_main.cc
Running main() from D:\github\ink\src\third_party\googletest\googletest\src\gtest_main.cc
Running main() from D:\github\ink\src\third_party\googletest\googletest\src\gtest_main.cc
Running main() from D:\github\ink\src\third_party\googletest\googletest\src\gtest_main.cc
Running main() from D:\github\ink\src\third_party\googletest\googletest\src\gtest_main.cc
Running main() from D:\github\ink\src\third_party\googletest\googletest\src\gtest_main.cc
Running main() from D:\github\ink\src\third_party\googletest\googletest\src\gtest_main.cc
Running main() from D:\github\ink\src\third_party\googletest\googletest\src\gtest_main.cc
Running main() from D:\github\ink\src\third_party\googletest\googletest\src\gtest_main.cc
[       OK ] ParserTest.ASTSerializationResourceLimits (341 ms)
[ RUN      ] ParserTest.ASTSerializationMutationCorpus
Running main() from D:\github\ink\src\third_party\googletest\googletest\src\gtest_main.cc
Running main() from D:\github\ink\src\third_party\googletest\googletest\src\gtest_main.cc
Running main() from D:\github\ink\src\third_party\googletest\googletest\src\gtest_main.cc
Running main() from D:\github\ink\src\third_party\googletest\googletest\src\gtest_main.cc
Running main() from D:\github\ink\src\third_party\googletest\googletest\src\gtest_main.cc
Running main() from D:\github\ink\src\third_party\googletest\googletest\src\gtest_main.cc
Running main() from D:\github\ink\src\third_party\googletest\googletest\src\gtest_main.cc
Running main() from D:\github\ink\src\third_party\googletest\googletest\src\gtest_main.cc
Running main() from D:\github\ink\src\third_party\googletest\googletest\src\gtest_main.cc
Running main() from D:\github\ink\src\third_party\googletest\googletest\src\gtest_main.cc
Running main() from D:\github\ink\src\third_party\googletest\googletest\src\gtest_main.cc
Running main() from D:\github\ink\src\third_party\googletest\googletest\src\gtest_main.cc
Running main() from D:\github\ink\src\third_party\googletest\googletest\src\gtest_main.cc
Running main() from D:\github\ink\src\third_party\googletest\googletest\src\gtest_main.cc
Running main() from D:\github\ink\src\third_party\googletest\googletest\src\gtest_main.cc
Running main() from D:\github\ink\src\third_party\googletest\googletest\src\gtest_main.cc
Running main() from D:\github\ink\src\third_party\googletest\googletest\src\gtest_main.cc
Running main() from D:\github\ink\src\third_party\googletest\googletest\src\gtest_main.cc
Running main() from D:\github\ink\src\third_party\googletest\googletest\src\gtest_main.cc
Running main() from D:\github\ink\src\third_party\googletest\googletest\src\gtest_main.cc
Running main() from D:\github\ink\src\third_party\googletest\googletest\src\gtest_main.cc
Running main() from D:\github\ink\src\third_party\googletest\googletest\src\gtest_main.cc
Running main() from D:\github\ink\src\third_party\googletest\googletest\src\gtest_main.cc
Running main() from D:\github\ink\src\third_party\googletest\googletest\src\gtest_main.cc
Running main() from D:\github\ink\src\third_party\googletest\googletest\src\gtest_main.cc
Running main() from D:\github\ink\src\third_party\googletest\googletest\src\gtest_main.cc
Running main() from D:\github\ink\src\third_party\googletest\googletest\src\gtest_main.cc
Running main() from D:\github\ink\src\third_party\googletest\googletest\src\gtest_main.cc
Running main() from D:\github\ink\src\third_party\googletest\googletest\src\gtest_main.cc
Running main() from D:\github\ink\src\third_party\googletest\googletest\src\gtest_main.cc
Running main() from D:\github\ink\src\third_party\googletest\googletest\src\gtest_main.cc
Running main() from D:\github\ink\src\third_party\googletest\googletest\src\gtest_main.cc
Running main() from D:\github\ink\src\third_party\googletest\googletest\src\gtest_main.cc
Running main() from D:\github\ink\src\third_party\googletest\googletest\src\gtest_main.cc
Running main() from D:\github\ink\src\third_party\googletest\googletest\src\gtest_main.cc
Running main() from D:\github\ink\src\third_party\googletest\googletest\src\gtest_main.cc
Running main() from D:\github\ink\src\third_party\googletest\googletest\src\gtest_main.cc
Running main() from D:\github\ink\src\third_party\googletest\googletest\src\gtest_main.cc
Running main() from D:\github\ink\src\third_party\googletest\googletest\src\gtest_main.cc
Running main() from D:\github\ink\src\third_party\googletest\googletest\src\gtest_main.cc
Running main() from D:\github\ink\src\third_party\googletest\googletest\src\gtest_main.cc
Running main() from D:\github\ink\src\third_party\googletest\googletest\src\gtest_main.cc
Running main() from D:\github\ink\src\third_party\googletest\googletest\src\gtest_main.cc
Running main() from D:\github\ink\src\third_party\googletest\googletest\src\gtest_main.cc
Running main() from D:\github\ink\src\third_party\googletest\googletest\src\gtest_main.cc
Running main() from D:\github\ink\src\third_party\googletest\googletest\src\gtest_main.cc
Running main() from D:\github\ink\src\third_party\googletest\googletest\src\gtest_main.cc
Running main() from D:\github\ink\src\third_party\googletest\googletest\src\gtest_main.cc
Running main() from D:\github\ink\src\third_party\googletest\googletest\src\gtest_main.cc
Running main() from D:\github\ink\src\third_party\googletest\googletest\src\gtest_main.cc
Running main() from D:\github\ink\src\third_party\googletest\googletest\src\gtest_main.cc
Running main() from D:\github\ink\src\third_party\googletest\googletest\src\gtest_main.cc
Running main() from D:\github\ink\src\third_party\googletest\googletest\src\gtest_main.cc
Running main() from D:\github\ink\src\third_party\googletest\googletest\src\gtest_main.cc
Running main() from D:\github\ink\src\third_party\googletest\googletest\src\gtest_main.cc
Running main() from D:\github\ink\src\third_party\googletest\googletest\src\gtest_main.cc
Running main() from D:\github\ink\src\third_party\googletest\googletest\src\gtest_main.cc
Running main() from D:\github\ink\src\third_party\googletest\googletest\src\gtest_main.cc
Running main() from D:\github\ink\src\third_party\googletest\googletest\src\gtest_main.cc
Running main() from D:\github\ink\src\third_party\googletest\googletest\src\gtest_main.cc
Running main() from D:\github\ink\src\third_party\googletest\googletest\src\gtest_main.cc
Running main() from D:\github\ink\src\third_party\googletest\googletest\src\gtest_main.cc
Running main() from D:\github\ink\src\third_party\googletest\googletest\src\gtest_main.cc
Running main() from D:\github\ink\src\third_party\googletest\googletest\src\gtest_main.cc
Running main() from D:\github\ink\src\third_party\googletest\googletest\src\gtest_main.cc
Running main() from D:\github\ink\src\third_party\googletest\googletest\src\gtest_main.cc
Running main() from D:\github\ink\src\third_party\googletest\googletest\src\gtest_main.cc
Running main() from D:\github\ink\src\third_party\googletest\googletest\src\gtest_main.cc
Running main() from D:\github\ink\src\third_party\googletest\googletest\src\gtest_main.cc
Running main() from D:\github\ink\src\third_party\googletest\googletest\src\gtest_main.cc
Running main() from D:\github\ink\src\third_party\googletest\googletest\src\gtest_main.cc
Running main() from D:\github\ink\src\third_party\googletest\googletest\src\gtest_main.cc
Running main() from D:\github\ink\src\third_party\googletest\googletest\src\gtest_main.cc
Running main() from D:\github\ink\src\third_party\googletest\googletest\src\gtest_main.cc
Running main() from D:\github\ink\src\third_party\googletest\googletest\src\gtest_main.cc
Running main() from D:\github\ink\src\third_party\googletest\googletest\src\gtest_main.cc
Running main() from D:\github\ink\src\third_party\googletest\googletest\src\gtest_main.cc
Running main() from D:\github\ink\src\third_party\googletest\googletest\src\gtest_main.cc
Running main() from D:\github\ink\src\third_party\googletest\googletest\src\gtest_main.cc
Running main() from D:\github\ink\src\third_party\googletest\googletest\src\gtest_main.cc
Running main() from D:\github\ink\src\third_party\googletest\googletest\src\gtest_main.cc
Running main() from D:\github\ink\src\third_party\googletest\googletest\src\gtest_main.cc
Running main() from D:\github\ink\src\third_party\googletest\googletest\src\gtest_main.cc
Running main() from D:\github\ink\src\third_party\googletest\googletest\src\gtest_main.cc
Running main() from D:\github\ink\src\third_party\googletest\googletest\src\gtest_main.cc
Running main() from D:\github\ink\src\third_party\googletest\googletest\src\gtest_main.cc
Running main() from D:\github\ink\src\third_party\googletest\googletest\src\gtest_main.cc
Running main() from D:\github\ink\src\third_party\googletest\googletest\src\gtest_main.cc
Running main() from D:\github\ink\src\third_party\googletest\googletest\src\gtest_main.cc
Running main() from D:\github\ink\src\third_party\googletest\googletest\src\gtest_main.cc
Running main() from D:\github\ink\src\third_party\googletest\googletest\src\gtest_main.cc
Running main() from D:\github\ink\src\third_party\googletest\googletest\src\gtest_main.cc
Running main() from D:\github\ink\src\third_party\googletest\googletest\src\gtest_main.cc
Running main() from D:\github\ink\src\third_party\googletest\googletest\src\gtest_main.cc
Running main() from D:\github\ink\src\third_party\googletest\googletest\src\gtest_main.cc
Running main() from D:\github\ink\src\third_party\googletest\googletest\src\gtest_main.cc
Running main() from D:\github\ink\src\third_party\googletest\googletest\src\gtest_main.cc
Running main() from D:\github\ink\src\third_party\googletest\googletest\src\gtest_main.cc
Running main() from D:\github\ink\src\third_party\googletest\googletest\src\gtest_main.cc
Running main() from D:\github\ink\src\third_party\googletest\googletest\src\gtest_main.cc
Running main() from D:\github\ink\src\third_party\googletest\googletest\src\gtest_main.cc
Running main() from D:\github\ink\src\third_party\googletest\googletest\src\gtest_main.cc
Running main() from D:\github\ink\src\third_party\googletest\googletest\src\gtest_main.cc
Running main() from D:\github\ink\src\third_party\googletest\googletest\src\gtest_main.cc
Running main() from D:\github\ink\src\third_party\googletest\googletest\src\gtest_main.cc
Running main() from D:\github\ink\src\third_party\googletest\googletest\src\gtest_main.cc
Running main() from D:\github\ink\src\third_party\googletest\googletest\src\gtest_main.cc
Running main() from D:\github\ink\src\third_party\googletest\googletest\src\gtest_main.cc
Running main() from D:\github\ink\src\third_party\googletest\googletest\src\gtest_main.cc
Running main() from D:\github\ink\src\third_party\googletest\googletest\src\gtest_main.cc
Running main() from D:\github\ink\src\third_party\googletest\googletest\src\gtest_main.cc
Running main() from D:\github\ink\src\third_party\googletest\googletest\src\gtest_main.cc
Running main() from D:\github\ink\src\third_party\googletest\googletest\src\gtest_main.cc
Running main() from D:\github\ink\src\third_party\googletest\googletest\src\gtest_main.cc
Running main() from D:\github\ink\src\third_party\googletest\googletest\src\gtest_main.cc
Running main() from D:\github\ink\src\third_party\googletest\googletest\src\gtest_main.cc
Running main() from D:\github\ink\src\third_party\googletest\googletest\src\gtest_main.cc
Running main() from D:\github\ink\src\third_party\googletest\googletest\src\gtest_main.cc
Running main() from D:\github\ink\src\third_party\googletest\googletest\src\gtest_main.cc
Running main() from D:\github\ink\src\third_party\googletest\googletest\src\gtest_main.cc
Running main() from D:\github\ink\src\third_party\googletest\googletest\src\gtest_main.cc
Running main() from D:\github\ink\src\third_party\googletest\googletest\src\gtest_main.cc
Running main() from D:\github\ink\src\third_party\googletest\googletest\src\gtest_main.cc
Running main() from D:\github\ink\src\third_party\googletest\googletest\src\gtest_main.cc
Running main() from D:\github\ink\src\third_party\googletest\googletest\src\gtest_main.cc
Running main() from D:\github\ink\src\third_party\googletest\googletest\src\gtest_main.cc
Running main() from D:\github\ink\src\third_party\googletest\googletest\src\gtest_main.cc
Running main() from D:\github\ink\src\third_party\googletest\googletest\src\gtest_main.cc
Running main() from D:\github\ink\src\third_party\googletest\googletest\src\gtest_main.cc
Running main() from D:\github\ink\src\third_party\googletest\googletest\src\gtest_main.cc
Running main() from D:\github\ink\src\third_party\googletest\googletest\src\gtest_main.cc
Running main() from D:\github\ink\src\third_party\googletest\googletest\src\gtest_main.cc
Running main() from D:\github\ink\src\third_party\googletest\googletest\src\gtest_main.cc
Running main() from D:\github\ink\src\third_party\googletest\googletest\src\gtest_main.cc
Running main() from D:\github\ink\src\third_party\googletest\googletest\src\gtest_main.cc
Running main() from D:\github\ink\src\third_party\googletest\googletest\src\gtest_main.cc
Running main() from D:\github\ink\src\third_party\googletest\googletest\src\gtest_main.cc
Running main() from D:\github\ink\src\third_party\googletest\googletest\src\gtest_main.cc
Running main() from D:\github\ink\src\third_party\googletest\googletest\src\gtest_main.cc
Running main() from D:\github\ink\src\third_party\googletest\googletest\src\gtest_main.cc
Running main() from D:\github\ink\src\third_party\googletest\googletest\src\gtest_main.cc
Running main() from D:\github\ink\src\third_party\googletest\googletest\src\gtest_main.cc
Running main() from D:\github\ink\src\third_party\googletest\googletest\src\gtest_main.cc
Running main() from D:\github\ink\src\third_party\googletest\googletest\src\gtest_main.cc
Running main() from D:\github\ink\src\third_party\googletest\googletest\src\gtest_main.cc
Running main() from D:\github\ink\src\third_party\googletest\googletest\src\gtest_main.cc
Running main() from D:\github\ink\src\third_party\googletest\googletest\src\gtest_main.cc
Running main() from D:\github\ink\src\third_party\googletest\googletest\src\gtest_main.cc
Running main() from D:\github\ink\src\third_party\googletest\googletest\src\gtest_main.cc
Running main() from D:\github\ink\src\third_party\googletest\googletest\src\gtest_main.cc
Running main() from D:\github\ink\src\third_party\googletest\googletest\src\gtest_main.cc
Running main() from D:\github\ink\src\third_party\googletest\googletest\src\gtest_main.cc
Running main() from D:\github\ink\src\third_party\googletest\googletest\src\gtest_main.cc
Running main() from D:\github\ink\src\third_party\googletest\googletest\src\gtest_main.cc
Running main() from D:\github\ink\src\third_party\googletest\googletest\src\gtest_main.cc
Running main() from D:\github\ink\src\third_party\googletest\googletest\src\gtest_main.cc
Running main() from D:\github\ink\src\third_party\googletest\googletest\src\gtest_main.cc
Running main() from D:\github\ink\src\third_party\googletest\googletest\src\gtest_main.cc
Running main() from D:\github\ink\src\third_party\googletest\googletest\src\gtest_main.cc
Running main() from D:\github\ink\src\third_party\googletest\googletest\src\gtest_main.cc
Running main() from D:\github\ink\src\third_party\googletest\googletest\src\gtest_main.cc
Running main() from D:\github\ink\src\third_party\googletest\googletest\src\gtest_main.cc
Running main() from D:\github\ink\src\third_party\googletest\googletest\src\gtest_main.cc
Running main() from D:\github\ink\src\third_party\googletest\googletest\src\gtest_main.cc
Running main() from D:\github\ink\src\third_party\googletest\googletest\src\gtest_main.cc
Running main() from D:\github\ink\src\third_party\googletest\googletest\src\gtest_main.cc
Running main() from D:\github\ink\src\third_party\googletest\googletest\src\gtest_main.cc
Running main() from D:\github\ink\src\third_party\googletest\googletest\src\gtest_main.cc
Running main() from D:\github\ink\src\third_party\googletest\googletest\src\gtest_main.cc
Running main() from D:\github\ink\src\third_party\googletest\googletest\src\gtest_main.cc
Running main() from D:\github\ink\src\third_party\googletest\googletest\src\gtest_main.cc
Running main() from D:\github\ink\src\third_party\googletest\googletest\src\gtest_main.cc
Running main() from D:\github\ink\src\third_party\googletest\googletest\src\gtest_main.cc
Running main() from D:\github\ink\src\third_party\googletest\googletest\src\gtest_main.cc
Running main() from D:\github\ink\src\third_party\googletest\googletest\src\gtest_main.cc
Running main() from D:\github\ink\src\third_party\googletest\googletest\src\gtest_main.cc
Running main() from D:\github\ink\src\third_party\googletest\googletest\src\gtest_main.cc
Running main() from D:\github\ink\src\third_party\googletest\googletest\src\gtest_main.cc
Running main() from D:\github\ink\src\third_party\googletest\googletest\src\gtest_main.cc
Running main() from D:\github\ink\src\third_party\googletest\googletest\src\gtest_main.cc
Running main() from D:\github\ink\src\third_party\googletest\googletest\src\gtest_main.cc
Running main() from D:\github\ink\src\third_party\googletest\googletest\src\gtest_main.cc
Running main() from D:\github\ink\src\third_party\googletest\googletest\src\gtest_main.cc
Running main() from D:\github\ink\src\third_party\googletest\googletest\src\gtest_main.cc
Running main() from D:\github\ink\src\third_party\googletest\googletest\src\gtest_main.cc
Running main() from D:\github\ink\src\third_party\googletest\googletest\src\gtest_main.cc
Running main() from D:\github\ink\src\third_party\googletest\googletest\src\gtest_main.cc
Running main() from D:\github\ink\src\third_party\googletest\googletest\src\gtest_main.cc
Running main() from D:\github\ink\src\third_party\googletest\googletest\src\gtest_main.cc
Running main() from D:\github\ink\src\third_party\googletest\googletest\src\gtest_main.cc
Running main() from D:\github\ink\src\third_party\googletest\googletest\src\gtest_main.cc
Running main() from D:\github\ink\src\third_party\googletest\googletest\src\gtest_main.cc
Running main() from D:\github\ink\src\third_party\googletest\googletest\src\gtest_main.cc
Running main() from D:\github\ink\src\third_party\googletest\googletest\src\gtest_main.cc
Running main() from D:\github\ink\src\third_party\googletest\googletest\src\gtest_main.cc
Running main() from D:\github\ink\src\third_party\googletest\googletest\src\gtest_main.cc
Running main() from D:\github\ink\src\third_party\googletest\googletest\src\gtest_main.cc
Running main() from D:\github\ink\src\third_party\googletest\googletest\src\gtest_main.cc
Running main() from D:\github\ink\src\third_party\googletest\googletest\src\gtest_main.cc
Running main() from D:\github\ink\src\third_party\googletest\googletest\src\gtest_main.cc
Running main() from D:\github\ink\src\third_party\googletest\googletest\src\gtest_main.cc
Running main() from D:\github\ink\src\third_party\googletest\googletest\src\gtest_main.cc
Running main() from D:\github\ink\src\third_party\googletest\googletest\src\gtest_main.cc
Running main() from D:\github\ink\src\third_party\googletest\googletest\src\gtest_main.cc
Running main() from D:\github\ink\src\third_party\googletest\googletest\src\gtest_main.cc
Running main() from D:\github\ink\src\third_party\googletest\googletest\src\gtest_main.cc
Running main() from D:\github\ink\src\third_party\googletest\googletest\src\gtest_main.cc
Running main() from D:\github\ink\src\third_party\googletest\googletest\src\gtest_main.cc
Running main() from D:\github\ink\src\third_party\googletest\googletest\src\gtest_main.cc
Running main() from D:\github\ink\src\third_party\googletest\googletest\src\gtest_main.cc
Running main() from D:\github\ink\src\third_party\googletest\googletest\src\gtest_main.cc
Running main() from D:\github\ink\src\third_party\googletest\googletest\src\gtest_main.cc
Running main() from D:\github\ink\src\third_party\googletest\googletest\src\gtest_main.cc
Running main() from D:\github\ink\src\third_party\googletest\googletest\src\gtest_main.cc
Running main() from D:\github\ink\src\third_party\googletest\googletest\src\gtest_main.cc
Running main() from D:\github\ink\src\third_party\googletest\googletest\src\gtest_main.cc
Running main() from D:\github\ink\src\third_party\googletest\googletest\src\gtest_main.cc
Running main() from D:\github\ink\src\third_party\googletest\googletest\src\gtest_main.cc
Running main() from D:\github\ink\src\third_party\googletest\googletest\src\gtest_main.cc
Running main() from D:\github\ink\src\third_party\googletest\googletest\src\gtest_main.cc
Running main() from D:\github\ink\src\third_party\googletest\googletest\src\gtest_main.cc
Running main() from D:\github\ink\src\third_party\googletest\googletest\src\gtest_main.cc
Running main() from D:\github\ink\src\third_party\googletest\googletest\src\gtest_main.cc
Running main() from D:\github\ink\src\third_party\googletest\googletest\src\gtest_main.cc
Running main() from D:\github\ink\src\third_party\googletest\googletest\src\gtest_main.cc
Running main() from D:\github\ink\src\third_party\googletest\googletest\src\gtest_main.cc
Running main() from D:\github\ink\src\third_party\googletest\googletest\src\gtest_main.cc
Running main() from D:\github\ink\src\third_party\googletest\googletest\src\gtest_main.cc
Running main() from D:\github\ink\src\third_party\googletest\googletest\src\gtest_main.cc
Running main() from D:\github\ink\src\third_party\googletest\googletest\src\gtest_main.cc
Running main() from D:\github\ink\src\third_party\googletest\googletest\src\gtest_main.cc
Running main() from D:\github\ink\src\third_party\googletest\googletest\src\gtest_main.cc
Running main() from D:\github\ink\src\third_party\googletest\googletest\src\gtest_main.cc
Running main() from D:\github\ink\src\third_party\googletest\googletest\src\gtest_main.cc
Running main() from D:\github\ink\src\third_party\googletest\googletest\src\gtest_main.cc
Running main() from D:\github\ink\src\third_party\googletest\googletest\src\gtest_main.cc
Running main() from D:\github\ink\src\third_party\googletest\googletest\src\gtest_main.cc
Running main() from D:\github\ink\src\third_party\googletest\googletest\src\gtest_main.cc
Running main() from D:\github\ink\src\third_party\googletest\googletest\src\gtest_main.cc
Running main() from D:\github\ink\src\third_party\googletest\googletest\src\gtest_main.cc
Running main() from D:\github\ink\src\third_party\googletest\googletest\src\gtest_main.cc
Running main() from D:\github\ink\src\third_party\googletest\googletest\src\gtest_main.cc
Running main() from D:\github\ink\src\third_party\googletest\googletest\src\gtest_main.cc
Running main() from D:\github\ink\src\third_party\googletest\googletest\src\gtest_main.cc
Running main() from D:\github\ink\src\third_party\googletest\googletest\src\gtest_main.cc
Running main() from D:\github\ink\src\third_party\googletest\googletest\src\gtest_main.cc
Running main() from D:\github\ink\src\third_party\googletest\googletest\src\gtest_main.cc
Running main() from D:\github\ink\src\third_party\googletest\googletest\src\gtest_main.cc
Running main() from D:\github\ink\src\third_party\googletest\googletest\src\gtest_main.cc
Running main() from D:\github\ink\src\third_party\googletest\googletest\src\gtest_main.cc
Running main() from D:\github\ink\src\third_party\googletest\googletest\src\gtest_main.cc
Running main() from D:\github\ink\src\third_party\googletest\googletest\src\gtest_main.cc
Running main() from D:\github\ink\src\third_party\googletest\googletest\src\gtest_main.cc
Running main() from D:\github\ink\src\third_party\googletest\googletest\src\gtest_main.cc
Running main() from D:\github\ink\src\third_party\googletest\googletest\src\gtest_main.cc
Running main() from D:\github\ink\src\third_party\googletest\googletest\src\gtest_main.cc
Running main() from D:\github\ink\src\third_party\googletest\googletest\src\gtest_main.cc
Running main() from D:\github\ink\src\third_party\googletest\googletest\src\gtest_main.cc
Running main() from D:\github\ink\src\third_party\googletest\googletest\src\gtest_main.cc
Running main() from D:\github\ink\src\third_party\googletest\googletest\src\gtest_main.cc
Running main() from D:\github\ink\src\third_party\googletest\googletest\src\gtest_main.cc
Running main() from D:\github\ink\src\third_party\googletest\googletest\src\gtest_main.cc
Running main() from D:\github\ink\src\third_party\googletest\googletest\src\gtest_main.cc
Running main() from D:\github\ink\src\third_party\googletest\googletest\src\gtest_main.cc
Running main() from D:\github\ink\src\third_party\googletest\googletest\src\gtest_main.cc
Running main() from D:\github\ink\src\third_party\googletest\googletest\src\gtest_main.cc
Running main() from D:\github\ink\src\third_party\googletest\googletest\src\gtest_main.cc
Running main() from D:\github\ink\src\third_party\googletest\googletest\src\gtest_main.cc
Running main() from D:\github\ink\src\third_party\googletest\googletest\src\gtest_main.cc
Running main() from D:\github\ink\src\third_party\googletest\googletest\src\gtest_main.cc
Running main() from D:\github\ink\src\third_party\googletest\googletest\src\gtest_main.cc
Running main() from D:\github\ink\src\third_party\googletest\googletest\src\gtest_main.cc
Running main() from D:\github\ink\src\third_party\googletest\googletest\src\gtest_main.cc
Running main() from D:\github\ink\src\third_party\googletest\googletest\src\gtest_main.cc
Running main() from D:\github\ink\src\third_party\googletest\googletest\src\gtest_main.cc
Running main() from D:\github\ink\src\third_party\googletest\googletest\src\gtest_main.cc
Running main() from D:\github\ink\src\third_party\googletest\googletest\src\gtest_main.cc
Running main() from D:\github\ink\src\third_party\googletest\googletest\src\gtest_main.cc
Running main() from D:\github\ink\src\third_party\googletest\googletest\src\gtest_main.cc
Running main() from D:\github\ink\src\third_party\googletest\googletest\src\gtest_main.cc
Running main() from D:\github\ink\src\third_party\googletest\googletest\src\gtest_main.cc
Running main() from D:\github\ink\src\third_party\googletest\googletest\src\gtest_main.cc
Running main() from D:\github\ink\src\third_party\googletest\googletest\src\gtest_main.cc
Running main() from D:\github\ink\src\third_party\googletest\googletest\src\gtest_main.cc
Running main() from D:\github\ink\src\third_party\googletest\googletest\src\gtest_main.cc
Running main() from D:\github\ink\src\third_party\googletest\googletest\src\gtest_main.cc
Running main() from D:\github\ink\src\third_party\googletest\googletest\src\gtest_main.cc
Running main() from D:\github\ink\src\third_party\googletest\googletest\src\gtest_main.cc
Running main() from D:\github\ink\src\third_party\googletest\googletest\src\gtest_main.cc
Running main() from D:\github\ink\src\third_party\googletest\googletest\src\gtest_main.cc
Running main() from D:\github\ink\src\third_party\googletest\googletest\src\gtest_main.cc
Running main() from D:\github\ink\src\third_party\googletest\googletest\src\gtest_main.cc
Running main() from D:\github\ink\src\third_party\googletest\googletest\src\gtest_main.cc
Running main() from D:\github\ink\src\third_party\googletest\googletest\src\gtest_main.cc
Running main() from D:\github\ink\src\third_party\googletest\googletest\src\gtest_main.cc
Running main() from D:\github\ink\src\third_party\googletest\googletest\src\gtest_main.cc
Running main() from D:\github\ink\src\third_party\googletest\googletest\src\gtest_main.cc
Running main() from D:\github\ink\src\third_party\googletest\googletest\src\gtest_main.cc
Running main() from D:\github\ink\src\third_party\googletest\googletest\src\gtest_main.cc
Running main() from D:\github\ink\src\third_party\googletest\googletest\src\gtest_main.cc
Running main() from D:\github\ink\src\third_party\googletest\googletest\src\gtest_main.cc
Running main() from D:\github\ink\src\third_party\googletest\googletest\src\gtest_main.cc
Running main() from D:\github\ink\src\third_party\googletest\googletest\src\gtest_main.cc
Running main() from D:\github\ink\src\third_party\googletest\googletest\src\gtest_main.cc
Running main() from D:\github\ink\src\third_party\googletest\googletest\src\gtest_main.cc
Running main() from D:\github\ink\src\third_party\googletest\googletest\src\gtest_main.cc
Running main() from D:\github\ink\src\third_party\googletest\googletest\src\gtest_main.cc
Running main() from D:\github\ink\src\third_party\googletest\googletest\src\gtest_main.cc
Running main() from D:\github\ink\src\third_party\googletest\googletest\src\gtest_main.cc
Running main() from D:\github\ink\src\third_party\googletest\googletest\src\gtest_main.cc
Running main() from D:\github\ink\src\third_party\googletest\googletest\src\gtest_main.cc
Running main() from D:\github\ink\src\third_party\googletest\googletest\src\gtest_main.cc
Running main() from D:\github\ink\src\third_party\googletest\googletest\src\gtest_main.cc
Running main() from D:\github\ink\src\third_party\googletest\googletest\src\gtest_main.cc
Running main() from D:\github\ink\src\third_party\googletest\googletest\src\gtest_main.cc
Running main() from D:\github\ink\src\third_party\googletest\googletest\src\gtest_main.cc
Running main() from D:\github\ink\src\third_party\googletest\googletest\src\gtest_main.cc
Running main() from D:\github\ink\src\third_party\googletest\googletest\src\gtest_main.cc
Running main() from D:\github\ink\src\third_party\googletest\googletest\src\gtest_main.cc
Running main() from D:\github\ink\src\third_party\googletest\googletest\src\gtest_main.cc
Running main() from D:\github\ink\src\third_party\googletest\googletest\src\gtest_main.cc
Running main() from D:\github\ink\src\third_party\googletest\googletest\src\gtest_main.cc
Running main() from D:\github\ink\src\third_party\googletest\googletest\src\gtest_main.cc
Running main() from D:\github\ink\src\third_party\googletest\googletest\src\gtest_main.cc
Running main() from D:\github\ink\src\third_party\googletest\googletest\src\gtest_main.cc
Running main() from D:\github\ink\src\third_party\googletest\googletest\src\gtest_main.cc
Running main() from D:\github\ink\src\third_party\googletest\googletest\src\gtest_main.cc
Running main() from D:\github\ink\src\third_party\googletest\googletest\src\gtest_main.cc
Running main() from D:\github\ink\src\third_party\googletest\googletest\src\gtest_main.cc
Running main() from D:\github\ink\src\third_party\googletest\googletest\src\gtest_main.cc
Running main() from D:\github\ink\src\third_party\googletest\googletest\src\gtest_main.cc
Running main() from D:\github\ink\src\third_party\googletest\googletest\src\gtest_main.cc
Running main() from D:\github\ink\src\third_party\googletest\googletest\src\gtest_main.cc
Running main() from D:\github\ink\src\third_party\googletest\googletest\src\gtest_main.cc
Running main() from D:\github\ink\src\third_party\googletest\googletest\src\gtest_main.cc
Running main() from D:\github\ink\src\third_party\googletest\googletest\src\gtest_main.cc
Running main() from D:\github\ink\src\third_party\googletest\googletest\src\gtest_main.cc
Running main() from D:\github\ink\src\third_party\googletest\googletest\src\gtest_main.cc
Running main() from D:\github\ink\src\third_party\googletest\googletest\src\gtest_main.cc
Running main() from D:\github\ink\src\third_party\googletest\googletest\src\gtest_main.cc
Running main() from D:\github\ink\src\third_party\googletest\googletest\src\gtest_main.cc
Running main() from D:\github\ink\src\third_party\googletest\googletest\src\gtest_main.cc
Running main() from D:\github\ink\src\third_party\googletest\googletest\src\gtest_main.cc
Running main() from D:\github\ink\src\third_party\googletest\googletest\src\gtest_main.cc
Running main() from D:\github\ink\src\third_party\googletest\googletest\src\gtest_main.cc
Running main() from D:\github\ink\src\third_party\googletest\googletest\src\gtest_main.cc
Running main() from D:\github\ink\src\third_party\googletest\googletest\src\gtest_main.cc
Running main() from D:\github\ink\src\third_party\googletest\googletest\src\gtest_main.cc
Running main() from D:\github\ink\src\third_party\googletest\googletest\src\gtest_main.cc
Running main() from D:\github\ink\src\third_party\googletest\googletest\src\gtest_main.cc
Running main() from D:\github\ink\src\third_party\googletest\googletest\src\gtest_main.cc
Running main() from D:\github\ink\src\third_party\googletest\googletest\src\gtest_main.cc
Running main() from D:\github\ink\src\third_party\googletest\googletest\src\gtest_main.cc
Running main() from D:\github\ink\src\third_party\googletest\googletest\src\gtest_main.cc
Running main() from D:\github\ink\src\third_party\googletest\googletest\src\gtest_main.cc
Running main() from D:\github\ink\src\third_party\googletest\googletest\src\gtest_main.cc
Running main() from D:\github\ink\src\third_party\googletest\googletest\src\gtest_main.cc
Running main() from D:\github\ink\src\third_party\googletest\googletest\src\gtest_main.cc
Running main() from D:\github\ink\src\third_party\googletest\googletest\src\gtest_main.cc
Running main() from D:\github\ink\src\third_party\googletest\googletest\src\gtest_main.cc
Running main() from D:\github\ink\src\third_party\googletest\googletest\src\gtest_main.cc
Running main() from D:\github\ink\src\third_party\googletest\googletest\src\gtest_main.cc
Running main() from D:\github\ink\src\third_party\googletest\googletest\src\gtest_main.cc
Running main() from D:\github\ink\src\third_party\googletest\googletest\src\gtest_main.cc
Running main() from D:\github\ink\src\third_party\googletest\googletest\src\gtest_main.cc
Running main() from D:\github\ink\src\third_party\googletest\googletest\src\gtest_main.cc
Running main() from D:\github\ink\src\third_party\googletest\googletest\src\gtest_main.cc
Running main() from D:\github\ink\src\third_party\googletest\googletest\src\gtest_main.cc
Running main() from D:\github\ink\src\third_party\googletest\googletest\src\gtest_main.cc
Running main() from D:\github\ink\src\third_party\googletest\googletest\src\gtest_main.cc
Running main() from D:\github\ink\src\third_party\googletest\googletest\src\gtest_main.cc
Running main() from D:\github\ink\src\third_party\googletest\googletest\src\gtest_main.cc
Running main() from D:\github\ink\src\third_party\googletest\googletest\src\gtest_main.cc
Running main() from D:\github\ink\src\third_party\googletest\googletest\src\gtest_main.cc
Running main() from D:\github\ink\src\third_party\googletest\googletest\src\gtest_main.cc
Running main() from D:\github\ink\src\third_party\googletest\googletest\src\gtest_main.cc
Running main() from D:\github\ink\src\third_party\googletest\googletest\src\gtest_main.cc
Running main() from D:\github\ink\src\third_party\googletest\googletest\src\gtest_main.cc
Running main() from D:\github\ink\src\third_party\googletest\googletest\src\gtest_main.cc
Running main() from D:\github\ink\src\third_party\googletest\googletest\src\gtest_main.cc
Running main() from D:\github\ink\src\third_party\googletest\googletest\src\gtest_main.cc
Running main() from D:\github\ink\src\third_party\googletest\googletest\src\gtest_main.cc
Running main() from D:\github\ink\src\third_party\googletest\googletest\src\gtest_main.cc
Running main() from D:\github\ink\src\third_party\googletest\googletest\src\gtest_main.cc
Running main() from D:\github\ink\src\third_party\googletest\googletest\src\gtest_main.cc
Running main() from D:\github\ink\src\third_party\googletest\googletest\src\gtest_main.cc
Running main() from D:\github\ink\src\third_party\googletest\googletest\src\gtest_main.cc
Running main() from D:\github\ink\src\third_party\googletest\googletest\src\gtest_main.cc
Running main() from D:\github\ink\src\third_party\googletest\googletest\src\gtest_main.cc
Running main() from D:\github\ink\src\third_party\googletest\googletest\src\gtest_main.cc
Running main() from D:\github\ink\src\third_party\googletest\googletest\src\gtest_main.cc
Running main() from D:\github\ink\src\third_party\googletest\googletest\src\gtest_main.cc
Running main() from D:\github\ink\src\third_party\googletest\googletest\src\gtest_main.cc
Running main() from D:\github\ink\src\third_party\googletest\googletest\src\gtest_main.cc
Running main() from D:\github\ink\src\third_party\googletest\googletest\src\gtest_main.cc
Running main() from D:\github\ink\src\third_party\googletest\googletest\src\gtest_main.cc
Running main() from D:\github\ink\src\third_party\googletest\googletest\src\gtest_main.cc
Running main() from D:\github\ink\src\third_party\googletest\googletest\src\gtest_main.cc
Running main() from D:\github\ink\src\third_party\googletest\googletest\src\gtest_main.cc
Running main() from D:\github\ink\src\third_party\googletest\googletest\src\gtest_main.cc
Running main() from D:\github\ink\src\third_party\googletest\googletest\src\gtest_main.cc
Running main() from D:\github\ink\src\third_party\googletest\googletest\src\gtest_main.cc
Running main() from D:\github\ink\src\third_party\googletest\googletest\src\gtest_main.cc
Running main() from D:\github\ink\src\third_party\googletest\googletest\src\gtest_main.cc
Running main() from D:\github\ink\src\third_party\googletest\googletest\src\gtest_main.cc
Running main() from D:\github\ink\src\third_party\googletest\googletest\src\gtest_main.cc
Running main() from D:\github\ink\src\third_party\googletest\googletest\src\gtest_main.cc
Running main() from D:\github\ink\src\third_party\googletest\googletest\src\gtest_main.cc
Running main() from D:\github\ink\src\third_party\googletest\googletest\src\gtest_main.cc
Running main() from D:\github\ink\src\third_party\googletest\googletest\src\gtest_main.cc
Running main() from D:\github\ink\src\third_party\googletest\googletest\src\gtest_main.cc
Running main() from D:\github\ink\src\third_party\googletest\googletest\src\gtest_main.cc
Running main() from D:\github\ink\src\third_party\googletest\googletest\src\gtest_main.cc
Running main() from D:\github\ink\src\third_party\googletest\googletest\src\gtest_main.cc
Running main() from D:\github\ink\src\third_party\googletest\googletest\src\gtest_main.cc
Running main() from D:\github\ink\src\third_party\googletest\googletest\src\gtest_main.cc
Running main() from D:\github\ink\src\third_party\googletest\googletest\src\gtest_main.cc
Running main() from D:\github\ink\src\third_party\googletest\googletest\src\gtest_main.cc
Running main() from D:\github\ink\src\third_party\googletest\googletest\src\gtest_main.cc
Running main() from D:\github\ink\src\third_party\googletest\googletest\src\gtest_main.cc
Running main() from D:\github\ink\src\third_party\googletest\googletest\src\gtest_main.cc
Running main() from D:\github\ink\src\third_party\googletest\googletest\src\gtest_main.cc
Running main() from D:\github\ink\src\third_party\googletest\googletest\src\gtest_main.cc
Running main() from D:\github\ink\src\third_party\googletest\googletest\src\gtest_main.cc
Running main() from D:\github\ink\src\third_party\googletest\googletest\src\gtest_main.cc
Running main() from D:\github\ink\src\third_party\googletest\googletest\src\gtest_main.cc
Running main() from D:\github\ink\src\third_party\googletest\googletest\src\gtest_main.cc
Running main() from D:\github\ink\src\third_party\googletest\googletest\src\gtest_main.cc
Running main() from D:\github\ink\src\third_party\googletest\googletest\src\gtest_main.cc
Running main() from D:\github\ink\src\third_party\googletest\googletest\src\gtest_main.cc
Running main() from D:\github\ink\src\third_party\googletest\googletest\src\gtest_main.cc
Running main() from D:\github\ink\src\third_party\googletest\googletest\src\gtest_main.cc
Running main() from D:\github\ink\src\third_party\googletest\googletest\src\gtest_main.cc
Running main() from D:\github\ink\src\third_party\googletest\googletest\src\gtest_main.cc
Running main() from D:\github\ink\src\third_party\googletest\googletest\src\gtest_main.cc
Running main() from D:\github\ink\src\third_party\googletest\googletest\src\gtest_main.cc
Running main() from D:\github\ink\src\third_party\googletest\googletest\src\gtest_main.cc
Running main() from D:\github\ink\src\third_party\googletest\googletest\src\gtest_main.cc
Running main() from D:\github\ink\src\third_party\googletest\googletest\src\gtest_main.cc
Running main() from D:\github\ink\src\third_party\googletest\googletest\src\gtest_main.cc
Running main() from D:\github\ink\src\third_party\googletest\googletest\src\gtest_main.cc
Running main() from D:\github\ink\src\third_party\googletest\googletest\src\gtest_main.cc
Running main() from D:\github\ink\src\third_party\googletest\googletest\src\gtest_main.cc
Running main() from D:\github\ink\src\third_party\googletest\googletest\src\gtest_main.cc
Running main() from D:\github\ink\src\third_party\googletest\googletest\src\gtest_main.cc
Running main() from D:\github\ink\src\third_party\googletest\googletest\src\gtest_main.cc
Running main() from D:\github\ink\src\third_party\googletest\googletest\src\gtest_main.cc
Running main() from D:\github\ink\src\third_party\googletest\googletest\src\gtest_main.cc
Running main() from D:\github\ink\src\third_party\googletest\googletest\src\gtest_main.cc
Running main() from D:\github\ink\src\third_party\googletest\googletest\src\gtest_main.cc
Running main() from D:\github\ink\src\third_party\googletest\googletest\src\gtest_main.cc
Running main() from D:\github\ink\src\third_party\googletest\googletest\src\gtest_main.cc
Running main() from D:\github\ink\src\third_party\googletest\googletest\src\gtest_main.cc
Running main() from D:\github\ink\src\third_party\googletest\googletest\src\gtest_main.cc
Running main() from D:\github\ink\src\third_party\googletest\googletest\src\gtest_main.cc
Running main() from D:\github\ink\src\third_party\googletest\googletest\src\gtest_main.cc
Running main() from D:\github\ink\src\third_party\googletest\googletest\src\gtest_main.cc
Running main() from D:\github\ink\src\third_party\googletest\googletest\src\gtest_main.cc
Running main() from D:\github\ink\src\third_party\googletest\googletest\src\gtest_main.cc
Running main() from D:\github\ink\src\third_party\googletest\googletest\src\gtest_main.cc
Running main() from D:\github\ink\src\third_party\googletest\googletest\src\gtest_main.cc
Running main() from D:\github\ink\src\third_party\googletest\googletest\src\gtest_main.cc
Running main() from D:\github\ink\src\third_party\googletest\googletest\src\gtest_main.cc
Running main() from D:\github\ink\src\third_party\googletest\googletest\src\gtest_main.cc
Running main() from D:\github\ink\src\third_party\googletest\googletest\src\gtest_main.cc
Running main() from D:\github\ink\src\third_party\googletest\googletest\src\gtest_main.cc
Running main() from D:\github\ink\src\third_party\googletest\googletest\src\gtest_main.cc
Running main() from D:\github\ink\src\third_party\googletest\googletest\src\gtest_main.cc
Running main() from D:\github\ink\src\third_party\googletest\googletest\src\gtest_main.cc
Running main() from D:\github\ink\src\third_party\googletest\googletest\src\gtest_main.cc
Running main() from D:\github\ink\src\third_party\googletest\googletest\src\gtest_main.cc
Running main() from D:\github\ink\src\third_party\googletest\googletest\src\gtest_main.cc
Running main() from D:\github\ink\src\third_party\googletest\googletest\src\gtest_main.cc
Running main() from D:\github\ink\src\third_party\googletest\googletest\src\gtest_main.cc
Running main() from D:\github\ink\src\third_party\googletest\googletest\src\gtest_main.cc
Running main() from D:\github\ink\src\third_party\googletest\googletest\src\gtest_main.cc
Running main() from D:\github\ink\src\third_party\googletest\googletest\src\gtest_main.cc
Running main() from D:\github\ink\src\third_party\googletest\googletest\src\gtest_main.cc
Running main() from D:\github\ink\src\third_party\googletest\googletest\src\gtest_main.cc
Running main() from D:\github\ink\src\third_party\googletest\googletest\src\gtest_main.cc
Running main() from D:\github\ink\src\third_party\googletest\googletest\src\gtest_main.cc
Running main() from D:\github\ink\src\third_party\googletest\googletest\src\gtest_main.cc
Running main() from D:\github\ink\src\third_party\googletest\googletest\src\gtest_main.cc
Running main() from D:\github\ink\src\third_party\googletest\googletest\src\gtest_main.cc
Running main() from D:\github\ink\src\third_party\googletest\googletest\src\gtest_main.cc
Running main() from D:\github\ink\src\third_party\googletest\googletest\src\gtest_main.cc
Running main() from D:\github\ink\src\third_party\googletest\googletest\src\gtest_main.cc
Running main() from D:\github\ink\src\third_party\googletest\googletest\src\gtest_main.cc
Running main() from D:\github\ink\src\third_party\googletest\googletest\src\gtest_main.cc
Running main() from D:\github\ink\src\third_party\googletest\googletest\src\gtest_main.cc
Running main() from D:\github\ink\src\third_party\googletest\googletest\src\gtest_main.cc
Running main() from D:\github\ink\src\third_party\googletest\googletest\src\gtest_main.cc
Running main() from D:\github\ink\src\third_party\googletest\googletest\src\gtest_main.cc
Running main() from D:\github\ink\src\third_party\googletest\googletest\src\gtest_main.cc
Running main() from D:\github\ink\src\third_party\googletest\googletest\src\gtest_main.cc
Running main() from D:\github\ink\src\third_party\googletest\googletest\src\gtest_main.cc
Running main() from D:\github\ink\src\third_party\googletest\googletest\src\gtest_main.cc
Running main() from D:\github\ink\src\third_party\googletest\googletest\src\gtest_main.cc
Running main() from D:\github\ink\src\third_party\googletest\googletest\src\gtest_main.cc
Running main() from D:\github\ink\src\third_party\googletest\googletest\src\gtest_main.cc
Running main() from D:\github\ink\src\third_party\googletest\googletest\src\gtest_main.cc
Running main() from D:\github\ink\src\third_party\googletest\googletest\src\gtest_main.cc
Running main() from D:\github\ink\src\third_party\googletest\googletest\src\gtest_main.cc
Running main() from D:\github\ink\src\third_party\googletest\googletest\src\gtest_main.cc
Running main() from D:\github\ink\src\third_party\googletest\googletest\src\gtest_main.cc
Running main() from D:\github\ink\src\third_party\googletest\googletest\src\gtest_main.cc
Running main() from D:\github\ink\src\third_party\googletest\googletest\src\gtest_main.cc
Running main() from D:\github\ink\src\third_party\googletest\googletest\src\gtest_main.cc
Running main() from D:\github\ink\src\third_party\googletest\googletest\src\gtest_main.cc
Running main() from D:\github\ink\src\third_party\googletest\googletest\src\gtest_main.cc
Running main() from D:\github\ink\src\third_party\googletest\googletest\src\gtest_main.cc
Running main() from D:\github\ink\src\third_party\googletest\googletest\src\gtest_main.cc
Running main() from D:\github\ink\src\third_party\googletest\googletest\src\gtest_main.cc
Running main() from D:\github\ink\src\third_party\googletest\googletest\src\gtest_main.cc
Running main() from D:\github\ink\src\third_party\googletest\googletest\src\gtest_main.cc
Running main() from D:\github\ink\src\third_party\googletest\googletest\src\gtest_main.cc
Running main() from D:\github\ink\src\third_party\googletest\googletest\src\gtest_main.cc
Running main() from D:\github\ink\src\third_party\googletest\googletest\src\gtest_main.cc
Running main() from D:\github\ink\src\third_party\googletest\googletest\src\gtest_main.cc
Running main() from D:\github\ink\src\third_party\googletest\googletest\src\gtest_main.cc
Running main() from D:\github\ink\src\third_party\googletest\googletest\src\gtest_main.cc
Running main() from D:\github\ink\src\third_party\googletest\googletest\src\gtest_main.cc
Running main() from D:\github\ink\src\third_party\googletest\googletest\src\gtest_main.cc
Running main() from D:\github\ink\src\third_party\googletest\googletest\src\gtest_main.cc
Running main() from D:\github\ink\src\third_party\googletest\googletest\src\gtest_main.cc
Running main() from D:\github\ink\src\third_party\googletest\googletest\src\gtest_main.cc
Running main() from D:\github\ink\src\third_party\googletest\googletest\src\gtest_main.cc
Running main() from D:\github\ink\src\third_party\googletest\googletest\src\gtest_main.cc
Running main() from D:\github\ink\src\third_party\googletest\googletest\src\gtest_main.cc
Running main() from D:\github\ink\src\third_party\googletest\googletest\src\gtest_main.cc
Running main() from D:\github\ink\src\third_party\googletest\googletest\src\gtest_main.cc
Running main() from D:\github\ink\src\third_party\googletest\googletest\src\gtest_main.cc
Running main() from D:\github\ink\src\third_party\googletest\googletest\src\gtest_main.cc
Running main() from D:\github\ink\src\third_party\googletest\googletest\src\gtest_main.cc
Running main() from D:\github\ink\src\third_party\googletest\googletest\src\gtest_main.cc
Running main() from D:\github\ink\src\third_party\googletest\googletest\src\gtest_main.cc
Running main() from D:\github\ink\src\third_party\googletest\googletest\src\gtest_main.cc
Running main() from D:\github\ink\src\third_party\googletest\googletest\src\gtest_main.cc
Running main() from D:\github\ink\src\third_party\googletest\googletest\src\gtest_main.cc
Running main() from D:\github\ink\src\third_party\googletest\googletest\src\gtest_main.cc
Running main() from D:\github\ink\src\third_party\googletest\googletest\src\gtest_main.cc
Running main() from D:\github\ink\src\third_party\googletest\googletest\src\gtest_main.cc
Running main() from D:\github\ink\src\third_party\googletest\googletest\src\gtest_main.cc
Running main() from D:\github\ink\src\third_party\googletest\googletest\src\gtest_main.cc
Running main() from D:\github\ink\src\third_party\googletest\googletest\src\gtest_main.cc
Running main() from D:\github\ink\src\third_party\googletest\googletest\src\gtest_main.cc
Running main() from D:\github\ink\src\third_party\googletest\googletest\src\gtest_main.cc
Running main() from D:\github\ink\src\third_party\googletest\googletest\src\gtest_main.cc
Running main() from D:\github\ink\src\third_party\googletest\googletest\src\gtest_main.cc
Running main() from D:\github\ink\src\third_party\googletest\googletest\src\gtest_main.cc
Running main() from D:\github\ink\src\third_party\googletest\googletest\src\gtest_main.cc
Running main() from D:\github\ink\src\third_party\googletest\googletest\src\gtest_main.cc
Running main() from D:\github\ink\src\third_party\googletest\googletest\src\gtest_main.cc
Running main() from D:\github\ink\src\third_party\googletest\googletest\src\gtest_main.cc
Running main() from D:\github\ink\src\third_party\googletest\googletest\src\gtest_main.cc
Running main() from D:\github\ink\src\third_party\googletest\googletest\src\gtest_main.cc
Running main() from D:\github\ink\src\third_party\googletest\googletest\src\gtest_main.cc
Running main() from D:\github\ink\src\third_party\googletest\googletest\src\gtest_main.cc
Running main() from D:\github\ink\src\third_party\googletest\googletest\src\gtest_main.cc
Running main() from D:\github\ink\src\third_party\googletest\googletest\src\gtest_main.cc
Running main() from D:\github\ink\src\third_party\googletest\googletest\src\gtest_main.cc
Running main() from D:\github\ink\src\third_party\googletest\googletest\src\gtest_main.cc
Running main() from D:\github\ink\src\third_party\googletest\googletest\src\gtest_main.cc
Running main() from D:\github\ink\src\third_party\googletest\googletest\src\gtest_main.cc
Running main() from D:\github\ink\src\third_party\googletest\googletest\src\gtest_main.cc
Running main() from D:\github\ink\src\third_party\googletest\googletest\src\gtest_main.cc
Running main() from D:\github\ink\src\third_party\googletest\googletest\src\gtest_main.cc
Running main() from D:\github\ink\src\third_party\googletest\googletest\src\gtest_main.cc
Running main() from D:\github\ink\src\third_party\googletest\googletest\src\gtest_main.cc
Running main() from D:\github\ink\src\third_party\googletest\googletest\src\gtest_main.cc
Running main() from D:\github\ink\src\third_party\googletest\googletest\src\gtest_main.cc
Running main() from D:\github\ink\src\third_party\googletest\googletest\src\gtest_main.cc
Running main() from D:\github\ink\src\third_party\googletest\googletest\src\gtest_main.cc
Running main() from D:\github\ink\src\third_party\googletest\googletest\src\gtest_main.cc
Running main() from D:\github\ink\src\third_party\googletest\googletest\src\gtest_main.cc
Running main() from D:\github\ink\src\third_party\googletest\googletest\src\gtest_main.cc
Running main() from D:\github\ink\src\third_party\googletest\googletest\src\gtest_main.cc
Running main() from D:\github\ink\src\third_party\googletest\googletest\src\gtest_main.cc
Running main() from D:\github\ink\src\third_party\googletest\googletest\src\gtest_main.cc
Running main() from D:\github\ink\src\third_party\googletest\googletest\src\gtest_main.cc
Running main() from D:\github\ink\src\third_party\googletest\googletest\src\gtest_main.cc
Running main() from D:\github\ink\src\third_party\googletest\googletest\src\gtest_main.cc
Running main() from D:\github\ink\src\third_party\googletest\googletest\src\gtest_main.cc
Running main() from D:\github\ink\src\third_party\googletest\googletest\src\gtest_main.cc
Running main() from D:\github\ink\src\third_party\googletest\googletest\src\gtest_main.cc
Running main() from D:\github\ink\src\third_party\googletest\googletest\src\gtest_main.cc
Running main() from D:\github\ink\src\third_party\googletest\googletest\src\gtest_main.cc
Running main() from D:\github\ink\src\third_party\googletest\googletest\src\gtest_main.cc
Running main() from D:\github\ink\src\third_party\googletest\googletest\src\gtest_main.cc
Running main() from D:\github\ink\src\third_party\googletest\googletest\src\gtest_main.cc
Running main() from D:\github\ink\src\third_party\googletest\googletest\src\gtest_main.cc
Running main() from D:\github\ink\src\third_party\googletest\googletest\src\gtest_main.cc
Running main() from D:\github\ink\src\third_party\googletest\googletest\src\gtest_main.cc
Running main() from D:\github\ink\src\third_party\googletest\googletest\src\gtest_main.cc
Running main() from D:\github\ink\src\third_party\googletest\googletest\src\gtest_main.cc
Running main() from D:\github\ink\src\third_party\googletest\googletest\src\gtest_main.cc
Running main() from D:\github\ink\src\third_party\googletest\googletest\src\gtest_main.cc
Running main() from D:\github\ink\src\third_party\googletest\googletest\src\gtest_main.cc
Running main() from D:\github\ink\src\third_party\googletest\googletest\src\gtest_main.cc
Running main() from D:\github\ink\src\third_party\googletest\googletest\src\gtest_main.cc
Running main() from D:\github\ink\src\third_party\googletest\googletest\src\gtest_main.cc
Running main() from D:\github\ink\src\third_party\googletest\googletest\src\gtest_main.cc
Running main() from D:\github\ink\src\third_party\googletest\googletest\src\gtest_main.cc
Running main() from D:\github\ink\src\third_party\googletest\googletest\src\gtest_main.cc
Running main() from D:\github\ink\src\third_party\googletest\googletest\src\gtest_main.cc
Running main() from D:\github\ink\src\third_party\googletest\googletest\src\gtest_main.cc
Running main() from D:\github\ink\src\third_party\googletest\googletest\src\gtest_main.cc
Running main() from D:\github\ink\src\third_party\googletest\googletest\src\gtest_main.cc
Running main() from D:\github\ink\src\third_party\googletest\googletest\src\gtest_main.cc
Running main() from D:\github\ink\src\third_party\googletest\googletest\src\gtest_main.cc
Running main() from D:\github\ink\src\third_party\googletest\googletest\src\gtest_main.cc
Running main() from D:\github\ink\src\third_party\googletest\googletest\src\gtest_main.cc
Running main() from D:\github\ink\src\third_party\googletest\googletest\src\gtest_main.cc
Running main() from D:\github\ink\src\third_party\googletest\googletest\src\gtest_main.cc
Running main() from D:\github\ink\src\third_party\googletest\googletest\src\gtest_main.cc
Running main() from D:\github\ink\src\third_party\googletest\googletest\src\gtest_main.cc
Running main() from D:\github\ink\src\third_party\googletest\googletest\src\gtest_main.cc
Running main() from D:\github\ink\src\third_party\googletest\googletest\src\gtest_main.cc
Running main() from D:\github\ink\src\third_party\googletest\googletest\src\gtest_main.cc
Running main() from D:\github\ink\src\third_party\googletest\googletest\src\gtest_main.cc
Running main() from D:\github\ink\src\third_party\googletest\googletest\src\gtest_main.cc
Running main() from D:\github\ink\src\third_party\googletest\googletest\src\gtest_main.cc
Running main() from D:\github\ink\src\third_party\googletest\googletest\src\gtest_main.cc
Running main() from D:\github\ink\src\third_party\googletest\googletest\src\gtest_main.cc
Running main() from D:\github\ink\src\third_party\googletest\googletest\src\gtest_main.cc
Running main() from D:\github\ink\src\third_party\googletest\googletest\src\gtest_main.cc
Running main() from D:\github\ink\src\third_party\googletest\googletest\src\gtest_main.cc
Running main() from D:\github\ink\src\third_party\googletest\googletest\src\gtest_main.cc
Running main() from D:\github\ink\src\third_party\googletest\googletest\src\gtest_main.cc
Running main() from D:\github\ink\src\third_party\googletest\googletest\src\gtest_main.cc
Running main() from D:\github\ink\src\third_party\googletest\googletest\src\gtest_main.cc
Running main() from D:\github\ink\src\third_party\googletest\googletest\src\gtest_main.cc
Running main() from D:\github\ink\src\third_party\googletest\googletest\src\gtest_main.cc
Running main() from D:\github\ink\src\third_party\googletest\googletest\src\gtest_main.cc
Running main() from D:\github\ink\src\third_party\googletest\googletest\src\gtest_main.cc
Running main() from D:\github\ink\src\third_party\googletest\googletest\src\gtest_main.cc
Running main() from D:\github\ink\src\third_party\googletest\googletest\src\gtest_main.cc
Running main() from D:\github\ink\src\third_party\googletest\googletest\src\gtest_main.cc
Running main() from D:\github\ink\src\third_party\googletest\googletest\src\gtest_main.cc
Running main() from D:\github\ink\src\third_party\googletest\googletest\src\gtest_main.cc
Running main() from D:\github\ink\src\third_party\googletest\googletest\src\gtest_main.cc
Running main() from D:\github\ink\src\third_party\googletest\googletest\src\gtest_main.cc
Running main() from D:\github\ink\src\third_party\googletest\googletest\src\gtest_main.cc
Running main() from D:\github\ink\src\third_party\googletest\googletest\src\gtest_main.cc
Running main() from D:\github\ink\src\third_party\googletest\googletest\src\gtest_main.cc
Running main() from D:\github\ink\src\third_party\googletest\googletest\src\gtest_main.cc
Running main() from D:\github\ink\src\third_party\googletest\googletest\src\gtest_main.cc
Running main() from D:\github\ink\src\third_party\googletest\googletest\src\gtest_main.cc
Running main() from D:\github\ink\src\third_party\googletest\googletest\src\gtest_main.cc
Running main() from D:\github\ink\src\third_party\googletest\googletest\src\gtest_main.cc
Running main() from D:\github\ink\src\third_party\googletest\googletest\src\gtest_main.cc
Running main() from D:\github\ink\src\third_party\googletest\googletest\src\gtest_main.cc
Running main() from D:\github\ink\src\third_party\googletest\googletest\src\gtest_main.cc
Running main() from D:\github\ink\src\third_party\googletest\googletest\src\gtest_main.cc
Running main() from D:\github\ink\src\third_party\googletest\googletest\src\gtest_main.cc
Running main() from D:\github\ink\src\third_party\googletest\googletest\src\gtest_main.cc
Running main() from D:\github\ink\src\third_party\googletest\googletest\src\gtest_main.cc
Running main() from D:\github\ink\src\third_party\googletest\googletest\src\gtest_main.cc
Running main() from D:\github\ink\src\third_party\googletest\googletest\src\gtest_main.cc
Running main() from D:\github\ink\src\third_party\googletest\googletest\src\gtest_main.cc
Running main() from D:\github\ink\src\third_party\googletest\googletest\src\gtest_main.cc
Running main() from D:\github\ink\src\third_party\googletest\googletest\src\gtest_main.cc
Running main() from D:\github\ink\src\third_party\googletest\googletest\src\gtest_main.cc
Running main() from D:\github\ink\src\third_party\googletest\googletest\src\gtest_main.cc
Running main() from D:\github\ink\src\third_party\googletest\googletest\src\gtest_main.cc
Running main() from D:\github\ink\src\third_party\googletest\googletest\src\gtest_main.cc
Running main() from D:\github\ink\src\third_party\googletest\googletest\src\gtest_main.cc
Running main() from D:\github\ink\src\third_party\googletest\googletest\src\gtest_main.cc
Running main() from D:\github\ink\src\third_party\googletest\googletest\src\gtest_main.cc
Running main() from D:\github\ink\src\third_party\googletest\googletest\src\gtest_main.cc
Running main() from D:\github\ink\src\third_party\googletest\googletest\src\gtest_main.cc
Running main() from D:\github\ink\src\third_party\googletest\googletest\src\gtest_main.cc
Running main() from D:\github\ink\src\third_party\googletest\googletest\src\gtest_main.cc
Running main() from D:\github\ink\src\third_party\googletest\googletest\src\gtest_main.cc
Running main() from D:\github\ink\src\third_party\googletest\googletest\src\gtest_main.cc
Running main() from D:\github\ink\src\third_party\googletest\googletest\src\gtest_main.cc
Running main() from D:\github\ink\src\third_party\googletest\googletest\src\gtest_main.cc
Running main() from D:\github\ink\src\third_party\googletest\googletest\src\gtest_main.cc
Running main() from D:\github\ink\src\third_party\googletest\googletest\src\gtest_main.cc
Running main() from D:\github\ink\src\third_party\googletest\googletest\src\gtest_main.cc
Running main() from D:\github\ink\src\third_party\googletest\googletest\src\gtest_main.cc
Running main() from D:\github\ink\src\third_party\googletest\googletest\src\gtest_main.cc
Running main() from D:\github\ink\src\third_party\googletest\googletest\src\gtest_main.cc
Running main() from D:\github\ink\src\third_party\googletest\googletest\src\gtest_main.cc
Running main() from D:\github\ink\src\third_party\googletest\googletest\src\gtest_main.cc
Running main() from D:\github\ink\src\third_party\googletest\googletest\src\gtest_main.cc
Running main() from D:\github\ink\src\third_party\googletest\googletest\src\gtest_main.cc
Running main() from D:\github\ink\src\third_party\googletest\googletest\src\gtest_main.cc
Running main() from D:\github\ink\src\third_party\googletest\googletest\src\gtest_main.cc
Running main() from D:\github\ink\src\third_party\googletest\googletest\src\gtest_main.cc
Running main() from D:\github\ink\src\third_party\googletest\googletest\src\gtest_main.cc
Running main() from D:\github\ink\src\third_party\googletest\googletest\src\gtest_main.cc
Running main() from D:\github\ink\src\third_party\googletest\googletest\src\gtest_main.cc
Running main() from D:\github\ink\src\third_party\googletest\googletest\src\gtest_main.cc
Running main() from D:\github\ink\src\third_party\googletest\googletest\src\gtest_main.cc
Running main() from D:\github\ink\src\third_party\googletest\googletest\src\gtest_main.cc
Running main() from D:\github\ink\src\third_party\googletest\googletest\src\gtest_main.cc
Running main() from D:\github\ink\src\third_party\googletest\googletest\src\gtest_main.cc
Running main() from D:\github\ink\src\third_party\googletest\googletest\src\gtest_main.cc
Running main() from D:\github\ink\src\third_party\googletest\googletest\src\gtest_main.cc
Running main() from D:\github\ink\src\third_party\googletest\googletest\src\gtest_main.cc
Running main() from D:\github\ink\src\third_party\googletest\googletest\src\gtest_main.cc
Running main() from D:\github\ink\src\third_party\googletest\googletest\src\gtest_main.cc
Running main() from D:\github\ink\src\third_party\googletest\googletest\src\gtest_main.cc
Running main() from D:\github\ink\src\third_party\googletest\googletest\src\gtest_main.cc
Running main() from D:\github\ink\src\third_party\googletest\googletest\src\gtest_main.cc
Running main() from D:\github\ink\src\third_party\googletest\googletest\src\gtest_main.cc
Running main() from D:\github\ink\src\third_party\googletest\googletest\src\gtest_main.cc
Running main() from D:\github\ink\src\third_party\googletest\googletest\src\gtest_main.cc
Running main() from D:\github\ink\src\third_party\googletest\googletest\src\gtest_main.cc
Running main() from D:\github\ink\src\third_party\googletest\googletest\src\gtest_main.cc
Running main() from D:\github\ink\src\third_party\googletest\googletest\src\gtest_main.cc
Running main() from D:\github\ink\src\third_party\googletest\googletest\src\gtest_main.cc
Running main() from D:\github\ink\src\third_party\googletest\googletest\src\gtest_main.cc
Running main() from D:\github\ink\src\third_party\googletest\googletest\src\gtest_main.cc
Running main() from D:\github\ink\src\third_party\googletest\googletest\src\gtest_main.cc
Running main() from D:\github\ink\src\third_party\googletest\googletest\src\gtest_main.cc
Running main() from D:\github\ink\src\third_party\googletest\googletest\src\gtest_main.cc
Running main() from D:\github\ink\src\third_party\googletest\googletest\src\gtest_main.cc
Running main() from D:\github\ink\src\third_party\googletest\googletest\src\gtest_main.cc
Running main() from D:\github\ink\src\third_party\googletest\googletest\src\gtest_main.cc
Running main() from D:\github\ink\src\third_party\googletest\googletest\src\gtest_main.cc
Running main() from D:\github\ink\src\third_party\googletest\googletest\src\gtest_main.cc
Running main() from D:\github\ink\src\third_party\googletest\googletest\src\gtest_main.cc
Running main() from D:\github\ink\src\third_party\googletest\googletest\src\gtest_main.cc
Running main() from D:\github\ink\src\third_party\googletest\googletest\src\gtest_main.cc
Running main() from D:\github\ink\src\third_party\googletest\googletest\src\gtest_main.cc
Running main() from D:\github\ink\src\third_party\googletest\googletest\src\gtest_main.cc
Running main() from D:\github\ink\src\third_party\googletest\googletest\src\gtest_main.cc
Running main() from D:\github\ink\src\third_party\googletest\googletest\src\gtest_main.cc
Running main() from D:\github\ink\src\third_party\googletest\googletest\src\gtest_main.cc
Running main() from D:\github\ink\src\third_party\googletest\googletest\src\gtest_main.cc
Running main() from D:\github\ink\src\third_party\googletest\googletest\src\gtest_main.cc
Running main() from D:\github\ink\src\third_party\googletest\googletest\src\gtest_main.cc
Running main() from D:\github\ink\src\third_party\googletest\googletest\src\gtest_main.cc
Running main() from D:\github\ink\src\third_party\googletest\googletest\src\gtest_main.cc
Running main() from D:\github\ink\src\third_party\googletest\googletest\src\gtest_main.cc
Running main() from D:\github\ink\src\third_party\googletest\googletest\src\gtest_main.cc
Running main() from D:\github\ink\src\third_party\googletest\googletest\src\gtest_main.cc
Running main() from D:\github\ink\src\third_party\googletest\googletest\src\gtest_main.cc
Running main() from D:\github\ink\src\third_party\googletest\googletest\src\gtest_main.cc
Running main() from D:\github\ink\src\third_party\googletest\googletest\src\gtest_main.cc
Running main() from D:\github\ink\src\third_party\googletest\googletest\src\gtest_main.cc
Running main() from D:\github\ink\src\third_party\googletest\googletest\src\gtest_main.cc
Running main() from D:\github\ink\src\third_party\googletest\googletest\src\gtest_main.cc
Running main() from D:\github\ink\src\third_party\googletest\googletest\src\gtest_main.cc
Running main() from D:\github\ink\src\third_party\googletest\googletest\src\gtest_main.cc
Running main() from D:\github\ink\src\third_party\googletest\googletest\src\gtest_main.cc
Running main() from D:\github\ink\src\third_party\googletest\googletest\src\gtest_main.cc
Running main() from D:\github\ink\src\third_party\googletest\googletest\src\gtest_main.cc
Running main() from D:\github\ink\src\third_party\googletest\googletest\src\gtest_main.cc
Running main() from D:\github\ink\src\third_party\googletest\googletest\src\gtest_main.cc
Running main() from D:\github\ink\src\third_party\googletest\googletest\src\gtest_main.cc
Running main() from D:\github\ink\src\third_party\googletest\googletest\src\gtest_main.cc
Running main() from D:\github\ink\src\third_party\googletest\googletest\src\gtest_main.cc
Running main() from D:\github\ink\src\third_party\googletest\googletest\src\gtest_main.cc
Running main() from D:\github\ink\src\third_party\googletest\googletest\src\gtest_main.cc
Running main() from D:\github\ink\src\third_party\googletest\googletest\src\gtest_main.cc
Running main() from D:\github\ink\src\third_party\googletest\googletest\src\gtest_main.cc
Running main() from D:\github\ink\src\third_party\googletest\googletest\src\gtest_main.cc
Running main() from D:\github\ink\src\third_party\googletest\googletest\src\gtest_main.cc
Running main() from D:\github\ink\src\third_party\googletest\googletest\src\gtest_main.cc
Running main() from D:\github\ink\src\third_party\googletest\googletest\src\gtest_main.cc
Running main() from D:\github\ink\src\third_party\googletest\googletest\src\gtest_main.cc
Running main() from D:\github\ink\src\third_party\googletest\googletest\src\gtest_main.cc
Running main() from D:\github\ink\src\third_party\googletest\googletest\src\gtest_main.cc
Running main() from D:\github\ink\src\third_party\googletest\googletest\src\gtest_main.cc
Running main() from D:\github\ink\src\third_party\googletest\googletest\src\gtest_main.cc
Running main() from D:\github\ink\src\third_party\googletest\googletest\src\gtest_main.cc
Running main() from D:\github\ink\src\third_party\googletest\googletest\src\gtest_main.cc
Running main() from D:\github\ink\src\third_party\googletest\googletest\src\gtest_main.cc
Running main() from D:\github\ink\src\third_party\googletest\googletest\src\gtest_main.cc
Running main() from D:\github\ink\src\third_party\googletest\googletest\src\gtest_main.cc
Running main() from D:\github\ink\src\third_party\googletest\googletest\src\gtest_main.cc
Running main() from D:\github\ink\src\third_party\googletest\googletest\src\gtest_main.cc
Running main() from D:\github\ink\src\third_party\googletest\googletest\src\gtest_main.cc
Running main() from D:\github\ink\src\third_party\googletest\googletest\src\gtest_main.cc
Running main() from D:\github\ink\src\third_party\googletest\googletest\src\gtest_main.cc
Running main() from D:\github\ink\src\third_party\googletest\googletest\src\gtest_main.cc
Running main() from D:\github\ink\src\third_party\googletest\googletest\src\gtest_main.cc
Running main() from D:\github\ink\src\third_party\googletest\googletest\src\gtest_main.cc
Running main() from D:\github\ink\src\third_party\googletest\googletest\src\gtest_main.cc
Running main() from D:\github\ink\src\third_party\googletest\googletest\src\gtest_main.cc
Running main() from D:\github\ink\src\third_party\googletest\googletest\src\gtest_main.cc
Running main() from D:\github\ink\src\third_party\googletest\googletest\src\gtest_main.cc
Running main() from D:\github\ink\src\third_party\googletest\googletest\src\gtest_main.cc
Running main() from D:\github\ink\src\third_party\googletest\googletest\src\gtest_main.cc
Running main() from D:\github\ink\src\third_party\googletest\googletest\src\gtest_main.cc
Running main() from D:\github\ink\src\third_party\googletest\googletest\src\gtest_main.cc
Running main() from D:\github\ink\src\third_party\googletest\googletest\src\gtest_main.cc
Running main() from D:\github\ink\src\third_party\googletest\googletest\src\gtest_main.cc
Running main() from D:\github\ink\src\third_party\googletest\googletest\src\gtest_main.cc
Running main() from D:\github\ink\src\third_party\googletest\googletest\src\gtest_main.cc
Running main() from D:\github\ink\src\third_party\googletest\googletest\src\gtest_main.cc
Running main() from D:\github\ink\src\third_party\googletest\googletest\src\gtest_main.cc
Running main() from D:\github\ink\src\third_party\googletest\googletest\src\gtest_main.cc
Running main() from D:\github\ink\src\third_party\googletest\googletest\src\gtest_main.cc
Running main() from D:\github\ink\src\third_party\googletest\googletest\src\gtest_main.cc
Running main() from D:\github\ink\src\third_party\googletest\googletest\src\gtest_main.cc
Running main() from D:\github\ink\src\third_party\googletest\googletest\src\gtest_main.cc
Running main() from D:\github\ink\src\third_party\googletest\googletest\src\gtest_main.cc
Running main() from D:\github\ink\src\third_party\googletest\googletest\src\gtest_main.cc
Running main() from D:\github\ink\src\third_party\googletest\googletest\src\gtest_main.cc
Running main() from D:\github\ink\src\third_party\googletest\googletest\src\gtest_main.cc
Running main() from D:\github\ink\src\third_party\googletest\googletest\src\gtest_main.cc
Running main() from D:\github\ink\src\third_party\googletest\googletest\src\gtest_main.cc
Running main() from D:\github\ink\src\third_party\googletest\googletest\src\gtest_main.cc
Running main() from D:\github\ink\src\third_party\googletest\googletest\src\gtest_main.cc
Running main() from D:\github\ink\src\third_party\googletest\googletest\src\gtest_main.cc
Running main() from D:\github\ink\src\third_party\googletest\googletest\src\gtest_main.cc
Running main() from D:\github\ink\src\third_party\googletest\googletest\src\gtest_main.cc
Running main() from D:\github\ink\src\third_party\googletest\googletest\src\gtest_main.cc
Running main() from D:\github\ink\src\third_party\googletest\googletest\src\gtest_main.cc
Running main() from D:\github\ink\src\third_party\googletest\googletest\src\gtest_main.cc
Running main() from D:\github\ink\src\third_party\googletest\googletest\src\gtest_main.cc
Running main() from D:\github\ink\src\third_party\googletest\googletest\src\gtest_main.cc
Running main() from D:\github\ink\src\third_party\googletest\googletest\src\gtest_main.cc
Running main() from D:\github\ink\src\third_party\googletest\googletest\src\gtest_main.cc
Running main() from D:\github\ink\src\third_party\googletest\googletest\src\gtest_main.cc
Running main() from D:\github\ink\src\third_party\googletest\googletest\src\gtest_main.cc
Running main() from D:\github\ink\src\third_party\googletest\googletest\src\gtest_main.cc
Running main() from D:\github\ink\src\third_party\googletest\googletest\src\gtest_main.cc
Running main() from D:\github\ink\src\third_party\googletest\googletest\src\gtest_main.cc
Running main() from D:\github\ink\src\third_party\googletest\googletest\src\gtest_main.cc
Running main() from D:\github\ink\src\third_party\googletest\googletest\src\gtest_main.cc
Running main() from D:\github\ink\src\third_party\googletest\googletest\src\gtest_main.cc
Running main() from D:\github\ink\src\third_party\googletest\googletest\src\gtest_main.cc
Running main() from D:\github\ink\src\third_party\googletest\googletest\src\gtest_main.cc
Running main() from D:\github\ink\src\third_party\googletest\googletest\src\gtest_main.cc
Running main() from D:\github\ink\src\third_party\googletest\googletest\src\gtest_main.cc
Running main() from D:\github\ink\src\third_party\googletest\googletest\src\gtest_main.cc
Running main() from D:\github\ink\src\third_party\googletest\googletest\src\gtest_main.cc
Running main() from D:\github\ink\src\third_party\googletest\googletest\src\gtest_main.cc
Running main() from D:\github\ink\src\third_party\googletest\googletest\src\gtest_main.cc
Running main() from D:\github\ink\src\third_party\googletest\googletest\src\gtest_main.cc
Running main() from D:\github\ink\src\third_party\googletest\googletest\src\gtest_main.cc
Running main() from D:\github\ink\src\third_party\googletest\googletest\src\gtest_main.cc
Running main() from D:\github\ink\src\third_party\googletest\googletest\src\gtest_main.cc
Running main() from D:\github\ink\src\third_party\googletest\googletest\src\gtest_main.cc
Running main() from D:\github\ink\src\third_party\googletest\googletest\src\gtest_main.cc
Running main() from D:\github\ink\src\third_party\googletest\googletest\src\gtest_main.cc
Running main() from D:\github\ink\src\third_party\googletest\googletest\src\gtest_main.cc
Running main() from D:\github\ink\src\third_party\googletest\googletest\src\gtest_main.cc
Running main() from D:\github\ink\src\third_party\googletest\googletest\src\gtest_main.cc
Running main() from D:\github\ink\src\third_party\googletest\googletest\src\gtest_main.cc
Running main() from D:\github\ink\src\third_party\googletest\googletest\src\gtest_main.cc
Running main() from D:\github\ink\src\third_party\googletest\googletest\src\gtest_main.cc
Running main() from D:\github\ink\src\third_party\googletest\googletest\src\gtest_main.cc
Running main() from D:\github\ink\src\third_party\googletest\googletest\src\gtest_main.cc
Running main() from D:\github\ink\src\third_party\googletest\googletest\src\gtest_main.cc
Running main() from D:\github\ink\src\third_party\googletest\googletest\src\gtest_main.cc
Running main() from D:\github\ink\src\third_party\googletest\googletest\src\gtest_main.cc
Running main() from D:\github\ink\src\third_party\googletest\googletest\src\gtest_main.cc
Running main() from D:\github\ink\src\third_party\googletest\googletest\src\gtest_main.cc
Running main() from D:\github\ink\src\third_party\googletest\googletest\src\gtest_main.cc
Running main() from D:\github\ink\src\third_party\googletest\googletest\src\gtest_main.cc
Running main() from D:\github\ink\src\third_party\googletest\googletest\src\gtest_main.cc
Running main() from D:\github\ink\src\third_party\googletest\googletest\src\gtest_main.cc
Running main() from D:\github\ink\src\third_party\googletest\googletest\src\gtest_main.cc
Running main() from D:\github\ink\src\third_party\googletest\googletest\src\gtest_main.cc
Running main() from D:\github\ink\src\third_party\googletest\googletest\src\gtest_main.cc
Running main() from D:\github\ink\src\third_party\googletest\googletest\src\gtest_main.cc
Running main() from D:\github\ink\src\third_party\googletest\googletest\src\gtest_main.cc
Running main() from D:\github\ink\src\third_party\googletest\googletest\src\gtest_main.cc
Running main() from D:\github\ink\src\third_party\googletest\googletest\src\gtest_main.cc
Running main() from D:\github\ink\src\third_party\googletest\googletest\src\gtest_main.cc
Running main() from D:\github\ink\src\third_party\googletest\googletest\src\gtest_main.cc
Running main() from D:\github\ink\src\third_party\googletest\googletest\src\gtest_main.cc
Running main() from D:\github\ink\src\third_party\googletest\googletest\src\gtest_main.cc
Running main() from D:\github\ink\src\third_party\googletest\googletest\src\gtest_main.cc
Running main() from D:\github\ink\src\third_party\googletest\googletest\src\gtest_main.cc
Running main() from D:\github\ink\src\third_party\googletest\googletest\src\gtest_main.cc
Running main() from D:\github\ink\src\third_party\googletest\googletest\src\gtest_main.cc
Running main() from D:\github\ink\src\third_party\googletest\googletest\src\gtest_main.cc
Running main() from D:\github\ink\src\third_party\googletest\googletest\src\gtest_main.cc
Running main() from D:\github\ink\src\third_party\googletest\googletest\src\gtest_main.cc
Running main() from D:\github\ink\src\third_party\googletest\googletest\src\gtest_main.cc
Running main() from D:\github\ink\src\third_party\googletest\googletest\src\gtest_main.cc
Running main() from D:\github\ink\src\third_party\googletest\googletest\src\gtest_main.cc
Running main() from D:\github\ink\src\third_party\googletest\googletest\src\gtest_main.cc
Running main() from D:\github\ink\src\third_party\googletest\googletest\src\gtest_main.cc
Running main() from D:\github\ink\src\third_party\googletest\googletest\src\gtest_main.cc
Running main() from D:\github\ink\src\third_party\googletest\googletest\src\gtest_main.cc
Running main() from D:\github\ink\src\third_party\googletest\googletest\src\gtest_main.cc
Running main() from D:\github\ink\src\third_party\googletest\googletest\src\gtest_main.cc
Running main() from D:\github\ink\src\third_party\googletest\googletest\src\gtest_main.cc
Running main() from D:\github\ink\src\third_party\googletest\googletest\src\gtest_main.cc
Running main() from D:\github\ink\src\third_party\googletest\googletest\src\gtest_main.cc
Running main() from D:\github\ink\src\third_party\googletest\googletest\src\gtest_main.cc
Running main() from D:\github\ink\src\third_party\googletest\googletest\src\gtest_main.cc
Running main() from D:\github\ink\src\third_party\googletest\googletest\src\gtest_main.cc
Running main() from D:\github\ink\src\third_party\googletest\googletest\src\gtest_main.cc
Running main() from D:\github\ink\src\third_party\googletest\googletest\src\gtest_main.cc
Running main() from D:\github\ink\src\third_party\googletest\googletest\src\gtest_main.cc
Running main() from D:\github\ink\src\third_party\googletest\googletest\src\gtest_main.cc
Running main() from D:\github\ink\src\third_party\googletest\googletest\src\gtest_main.cc
Running main() from D:\github\ink\src\third_party\googletest\googletest\src\gtest_main.cc
Running main() from D:\github\ink\src\third_party\googletest\googletest\src\gtest_main.cc
Running main() from D:\github\ink\src\third_party\googletest\googletest\src\gtest_main.cc
Running main() from D:\github\ink\src\third_party\googletest\googletest\src\gtest_main.cc
Running main() from D:\github\ink\src\third_party\googletest\googletest\src\gtest_main.cc
Running main() from D:\github\ink\src\third_party\googletest\googletest\src\gtest_main.cc
Running main() from D:\github\ink\src\third_party\googletest\googletest\src\gtest_main.cc
Running main() from D:\github\ink\src\third_party\googletest\googletest\src\gtest_main.cc
Running main() from D:\github\ink\src\third_party\googletest\googletest\src\gtest_main.cc
Running main() from D:\github\ink\src\third_party\googletest\googletest\src\gtest_main.cc
Running main() from D:\github\ink\src\third_party\googletest\googletest\src\gtest_main.cc
Running main() from D:\github\ink\src\third_party\googletest\googletest\src\gtest_main.cc
Running main() from D:\github\ink\src\third_party\googletest\googletest\src\gtest_main.cc
Running main() from D:\github\ink\src\third_party\googletest\googletest\src\gtest_main.cc
Running main() from D:\github\ink\src\third_party\googletest\googletest\src\gtest_main.cc
Running main() from D:\github\ink\src\third_party\googletest\googletest\src\gtest_main.cc
Running main() from D:\github\ink\src\third_party\googletest\googletest\src\gtest_main.cc
Running main() from D:\github\ink\src\third_party\googletest\googletest\src\gtest_main.cc
Running main() from D:\github\ink\src\third_party\googletest\googletest\src\gtest_main.cc
Running main() from D:\github\ink\src\third_party\googletest\googletest\src\gtest_main.cc
Running main() from D:\github\ink\src\third_party\googletest\googletest\src\gtest_main.cc
Running main() from D:\github\ink\src\third_party\googletest\googletest\src\gtest_main.cc
Running main() from D:\github\ink\src\third_party\googletest\googletest\src\gtest_main.cc
Running main() from D:\github\ink\src\third_party\googletest\googletest\src\gtest_main.cc
Running main() from D:\github\ink\src\third_party\googletest\googletest\src\gtest_main.cc
Running main() from D:\github\ink\src\third_party\googletest\googletest\src\gtest_main.cc
Running main() from D:\github\ink\src\third_party\googletest\googletest\src\gtest_main.cc
Running main() from D:\github\ink\src\third_party\googletest\googletest\src\gtest_main.cc
Running main() from D:\github\ink\src\third_party\googletest\googletest\src\gtest_main.cc
Running main() from D:\github\ink\src\third_party\googletest\googletest\src\gtest_main.cc
Running main() from D:\github\ink\src\third_party\googletest\googletest\src\gtest_main.cc
Running main() from D:\github\ink\src\third_party\googletest\googletest\src\gtest_main.cc
Running main() from D:\github\ink\src\third_party\googletest\googletest\src\gtest_main.cc
Running main() from D:\github\ink\src\third_party\googletest\googletest\src\gtest_main.cc
Running main() from D:\github\ink\src\third_party\googletest\googletest\src\gtest_main.cc
Running main() from D:\github\ink\src\third_party\googletest\googletest\src\gtest_main.cc
Running main() from D:\github\ink\src\third_party\googletest\googletest\src\gtest_main.cc
Running main() from D:\github\ink\src\third_party\googletest\googletest\src\gtest_main.cc
Running main() from D:\github\ink\src\third_party\googletest\googletest\src\gtest_main.cc
Running main() from D:\github\ink\src\third_party\googletest\googletest\src\gtest_main.cc
Running main() from D:\github\ink\src\third_party\googletest\googletest\src\gtest_main.cc
Running main() from D:\github\ink\src\third_party\googletest\googletest\src\gtest_main.cc
Running main() from D:\github\ink\src\third_party\googletest\googletest\src\gtest_main.cc
Running main() from D:\github\ink\src\third_party\googletest\googletest\src\gtest_main.cc
Running main() from D:\github\ink\src\third_party\googletest\googletest\src\gtest_main.cc
Running main() from D:\github\ink\src\third_party\googletest\googletest\src\gtest_main.cc
Running main() from D:\github\ink\src\third_party\googletest\googletest\src\gtest_main.cc
Running main() from D:\github\ink\src\third_party\googletest\googletest\src\gtest_main.cc
Running main() from D:\github\ink\src\third_party\googletest\googletest\src\gtest_main.cc
Running main() from D:\github\ink\src\third_party\googletest\googletest\src\gtest_main.cc
Running main() from D:\github\ink\src\third_party\googletest\googletest\src\gtest_main.cc
Running main() from D:\github\ink\src\third_party\googletest\googletest\src\gtest_main.cc
Running main() from D:\github\ink\src\third_party\googletest\googletest\src\gtest_main.cc
Running main() from D:\github\ink\src\third_party\googletest\googletest\src\gtest_main.cc
Running main() from D:\github\ink\src\third_party\googletest\googletest\src\gtest_main.cc
Running main() from D:\github\ink\src\third_party\googletest\googletest\src\gtest_main.cc
Running main() from D:\github\ink\src\third_party\googletest\googletest\src\gtest_main.cc
Running main() from D:\github\ink\src\third_party\googletest\googletest\src\gtest_main.cc
Running main() from D:\github\ink\src\third_party\googletest\googletest\src\gtest_main.cc
Running main() from D:\github\ink\src\third_party\googletest\googletest\src\gtest_main.cc
Running main() from D:\github\ink\src\third_party\googletest\googletest\src\gtest_main.cc
Running main() from D:\github\ink\src\third_party\googletest\googletest\src\gtest_main.cc
Running main() from D:\github\ink\src\third_party\googletest\googletest\src\gtest_main.cc
Running main() from D:\github\ink\src\third_party\googletest\googletest\src\gtest_main.cc
Running main() from D:\github\ink\src\third_party\googletest\googletest\src\gtest_main.cc
Running main() from D:\github\ink\src\third_party\googletest\googletest\src\gtest_main.cc
Running main() from D:\github\ink\src\third_party\googletest\googletest\src\gtest_main.cc
Running main() from D:\github\ink\src\third_party\googletest\googletest\src\gtest_main.cc
Running main() from D:\github\ink\src\third_party\googletest\googletest\src\gtest_main.cc
Running main() from D:\github\ink\src\third_party\googletest\googletest\src\gtest_main.cc
Running main() from D:\github\ink\src\third_party\googletest\googletest\src\gtest_main.cc
Running main() from D:\github\ink\src\third_party\googletest\googletest\src\gtest_main.cc
Running main() from D:\github\ink\src\third_party\googletest\googletest\src\gtest_main.cc
Running main() from D:\github\ink\src\third_party\googletest\googletest\src\gtest_main.cc
Running main() from D:\github\ink\src\third_party\googletest\googletest\src\gtest_main.cc
Running main() from D:\github\ink\src\third_party\googletest\googletest\src\gtest_main.cc
Running main() from D:\github\ink\src\third_party\googletest\googletest\src\gtest_main.cc
Running main() from D:\github\ink\src\third_party\googletest\googletest\src\gtest_main.cc
Running main() from D:\github\ink\src\third_party\googletest\googletest\src\gtest_main.cc
Running main() from D:\github\ink\src\third_party\googletest\googletest\src\gtest_main.cc
Running main() from D:\github\ink\src\third_party\googletest\googletest\src\gtest_main.cc
Running main() from D:\github\ink\src\third_party\googletest\googletest\src\gtest_main.cc
Running main() from D:\github\ink\src\third_party\googletest\googletest\src\gtest_main.cc
Running main() from D:\github\ink\src\third_party\googletest\googletest\src\gtest_main.cc
Running main() from D:\github\ink\src\third_party\googletest\googletest\src\gtest_main.cc
Running main() from D:\github\ink\src\third_party\googletest\googletest\src\gtest_main.cc
Running main() from D:\github\ink\src\third_party\googletest\googletest\src\gtest_main.cc
Running main() from D:\github\ink\src\third_party\googletest\googletest\src\gtest_main.cc
Running main() from D:\github\ink\src\third_party\googletest\googletest\src\gtest_main.cc
Running main() from D:\github\ink\src\third_party\googletest\googletest\src\gtest_main.cc
Running main() from D:\github\ink\src\third_party\googletest\googletest\src\gtest_main.cc
Running main() from D:\github\ink\src\third_party\googletest\googletest\src\gtest_main.cc
Running main() from D:\github\ink\src\third_party\googletest\googletest\src\gtest_main.cc
Running main() from D:\github\ink\src\third_party\googletest\googletest\src\gtest_main.cc
Running main() from D:\github\ink\src\third_party\googletest\googletest\src\gtest_main.cc
Running main() from D:\github\ink\src\third_party\googletest\googletest\src\gtest_main.cc
Running main() from D:\github\ink\src\third_party\googletest\googletest\src\gtest_main.cc
Running main() from D:\github\ink\src\third_party\googletest\googletest\src\gtest_main.cc
Running main() from D:\github\ink\src\third_party\googletest\googletest\src\gtest_main.cc
Running main() from D:\github\ink\src\third_party\googletest\googletest\src\gtest_main.cc
Running main() from D:\github\ink\src\third_party\googletest\googletest\src\gtest_main.cc
Running main() from D:\github\ink\src\third_party\googletest\googletest\src\gtest_main.cc
Running main() from D:\github\ink\src\third_party\googletest\googletest\src\gtest_main.cc
Running main() from D:\github\ink\src\third_party\googletest\googletest\src\gtest_main.cc
Running main() from D:\github\ink\src\third_party\googletest\googletest\src\gtest_main.cc
Running main() from D:\github\ink\src\third_party\googletest\googletest\src\gtest_main.cc
Running main() from D:\github\ink\src\third_party\googletest\googletest\src\gtest_main.cc
Running main() from D:\github\ink\src\third_party\googletest\googletest\src\gtest_main.cc
Running main() from D:\github\ink\src\third_party\googletest\googletest\src\gtest_main.cc
Running main() from D:\github\ink\src\third_party\googletest\googletest\src\gtest_main.cc
Running main() from D:\github\ink\src\third_party\googletest\googletest\src\gtest_main.cc
Running main() from D:\github\ink\src\third_party\googletest\googletest\src\gtest_main.cc
Running main() from D:\github\ink\src\third_party\googletest\googletest\src\gtest_main.cc
Running main() from D:\github\ink\src\third_party\googletest\googletest\src\gtest_main.cc
Running main() from D:\github\ink\src\third_party\googletest\googletest\src\gtest_main.cc
Running main() from D:\github\ink\src\third_party\googletest\googletest\src\gtest_main.cc
Running main() from D:\github\ink\src\third_party\googletest\googletest\src\gtest_main.cc
Running main() from D:\github\ink\src\third_party\googletest\googletest\src\gtest_main.cc
Running main() from D:\github\ink\src\third_party\googletest\googletest\src\gtest_main.cc
Running main() from D:\github\ink\src\third_party\googletest\googletest\src\gtest_main.cc
Running main() from D:\github\ink\src\third_party\googletest\googletest\src\gtest_main.cc
Running main() from D:\github\ink\src\third_party\googletest\googletest\src\gtest_main.cc
Running main() from D:\github\ink\src\third_party\googletest\googletest\src\gtest_main.cc
Running main() from D:\github\ink\src\third_party\googletest\googletest\src\gtest_main.cc
Running main() from D:\github\ink\src\third_party\googletest\googletest\src\gtest_main.cc
Running main() from D:\github\ink\src\third_party\googletest\googletest\src\gtest_main.cc
Running main() from D:\github\ink\src\third_party\googletest\googletest\src\gtest_main.cc
Running main() from D:\github\ink\src\third_party\googletest\googletest\src\gtest_main.cc
Running main() from D:\github\ink\src\third_party\googletest\googletest\src\gtest_main.cc
Running main() from D:\github\ink\src\third_party\googletest\googletest\src\gtest_main.cc
Running main() from D:\github\ink\src\third_party\googletest\googletest\src\gtest_main.cc
Running main() from D:\github\ink\src\third_party\googletest\googletest\src\gtest_main.cc
Running main() from D:\github\ink\src\third_party\googletest\googletest\src\gtest_main.cc
Running main() from D:\github\ink\src\third_party\googletest\googletest\src\gtest_main.cc
Running main() from D:\github\ink\src\third_party\googletest\googletest\src\gtest_main.cc
Running main() from D:\github\ink\src\third_party\googletest\googletest\src\gtest_main.cc
Running main() from D:\github\ink\src\third_party\googletest\googletest\src\gtest_main.cc
Running main() from D:\github\ink\src\third_party\googletest\googletest\src\gtest_main.cc
Running main() from D:\github\ink\src\third_party\googletest\googletest\src\gtest_main.cc
Running main() from D:\github\ink\src\third_party\googletest\googletest\src\gtest_main.cc
Running main() from D:\github\ink\src\third_party\googletest\googletest\src\gtest_main.cc
Running main() from D:\github\ink\src\third_party\googletest\googletest\src\gtest_main.cc
Running main() from D:\github\ink\src\third_party\googletest\googletest\src\gtest_main.cc
Running main() from D:\github\ink\src\third_party\googletest\googletest\src\gtest_main.cc
Running main() from D:\github\ink\src\third_party\googletest\googletest\src\gtest_main.cc
Running main() from D:\github\ink\src\third_party\googletest\googletest\src\gtest_main.cc
Running main() from D:\github\ink\src\third_party\googletest\googletest\src\gtest_main.cc
Running main() from D:\github\ink\src\third_party\googletest\googletest\src\gtest_main.cc
Running main() from D:\github\ink\src\third_party\googletest\googletest\src\gtest_main.cc
Running main() from D:\github\ink\src\third_party\googletest\googletest\src\gtest_main.cc
Running main() from D:\github\ink\src\third_party\googletest\googletest\src\gtest_main.cc
Running main() from D:\github\ink\src\third_party\googletest\googletest\src\gtest_main.cc
Running main() from D:\github\ink\src\third_party\googletest\googletest\src\gtest_main.cc
Running main() from D:\github\ink\src\third_party\googletest\googletest\src\gtest_main.cc
Running main() from D:\github\ink\src\third_party\googletest\googletest\src\gtest_main.cc
Running main() from D:\github\ink\src\third_party\googletest\googletest\src\gtest_main.cc
Running main() from D:\github\ink\src\third_party\googletest\googletest\src\gtest_main.cc
Running main() from D:\github\ink\src\third_party\googletest\googletest\src\gtest_main.cc
Running main() from D:\github\ink\src\third_party\googletest\googletest\src\gtest_main.cc
Running main() from D:\github\ink\src\third_party\googletest\googletest\src\gtest_main.cc
Running main() from D:\github\ink\src\third_party\googletest\googletest\src\gtest_main.cc
Running main() from D:\github\ink\src\third_party\googletest\googletest\src\gtest_main.cc
Running main() from D:\github\ink\src\third_party\googletest\googletest\src\gtest_main.cc
Running main() from D:\github\ink\src\third_party\googletest\googletest\src\gtest_main.cc
Running main() from D:\github\ink\src\third_party\googletest\googletest\src\gtest_main.cc
Running main() from D:\github\ink\src\third_party\googletest\googletest\src\gtest_main.cc
Running main() from D:\github\ink\src\third_party\googletest\googletest\src\gtest_main.cc
Running main() from D:\github\ink\src\third_party\googletest\googletest\src\gtest_main.cc
Running main() from D:\github\ink\src\third_party\googletest\googletest\src\gtest_main.cc
Running main() from D:\github\ink\src\third_party\googletest\googletest\src\gtest_main.cc
Running main() from D:\github\ink\src\third_party\googletest\googletest\src\gtest_main.cc
Running main() from D:\github\ink\src\third_party\googletest\googletest\src\gtest_main.cc
Running main() from D:\github\ink\src\third_party\googletest\googletest\src\gtest_main.cc
Running main() from D:\github\ink\src\third_party\googletest\googletest\src\gtest_main.cc
Running main() from D:\github\ink\src\third_party\googletest\googletest\src\gtest_main.cc
Running main() from D:\github\ink\src\third_party\googletest\googletest\src\gtest_main.cc
Running main() from D:\github\ink\src\third_party\googletest\googletest\src\gtest_main.cc
Running main() from D:\github\ink\src\third_party\googletest\googletest\src\gtest_main.cc
Running main() from D:\github\ink\src\third_party\googletest\googletest\src\gtest_main.cc
Running main() from D:\github\ink\src\third_party\googletest\googletest\src\gtest_main.cc
Running main() from D:\github\ink\src\third_party\googletest\googletest\src\gtest_main.cc
Running main() from D:\github\ink\src\third_party\googletest\googletest\src\gtest_main.cc
Running main() from D:\github\ink\src\third_party\googletest\googletest\src\gtest_main.cc
Running main() from D:\github\ink\src\third_party\googletest\googletest\src\gtest_main.cc
Running main() from D:\github\ink\src\third_party\googletest\googletest\src\gtest_main.cc
Running main() from D:\github\ink\src\third_party\googletest\googletest\src\gtest_main.cc
Running main() from D:\github\ink\src\third_party\googletest\googletest\src\gtest_main.cc
Running main() from D:\github\ink\src\third_party\googletest\googletest\src\gtest_main.cc
Running main() from D:\github\ink\src\third_party\googletest\googletest\src\gtest_main.cc
Running main() from D:\github\ink\src\third_party\googletest\googletest\src\gtest_main.cc
Running main() from D:\github\ink\src\third_party\googletest\googletest\src\gtest_main.cc
Running main() from D:\github\ink\src\third_party\googletest\googletest\src\gtest_main.cc
Running main() from D:\github\ink\src\third_party\googletest\googletest\src\gtest_main.cc
Running main() from D:\github\ink\src\third_party\googletest\googletest\src\gtest_main.cc
Running main() from D:\github\ink\src\third_party\googletest\googletest\src\gtest_main.cc
Running main() from D:\github\ink\src\third_party\googletest\googletest\src\gtest_main.cc
Running main() from D:\github\ink\src\third_party\googletest\googletest\src\gtest_main.cc
Running main() from D:\github\ink\src\third_party\googletest\googletest\src\gtest_main.cc
Running main() from D:\github\ink\src\third_party\googletest\googletest\src\gtest_main.cc
Running main() from D:\github\ink\src\third_party\googletest\googletest\src\gtest_main.cc
Running main() from D:\github\ink\src\third_party\googletest\googletest\src\gtest_main.cc
Running main() from D:\github\ink\src\third_party\googletest\googletest\src\gtest_main.cc
Running main() from D:\github\ink\src\third_party\googletest\googletest\src\gtest_main.cc
Running main() from D:\github\ink\src\third_party\googletest\googletest\src\gtest_main.cc
Running main() from D:\github\ink\src\third_party\googletest\googletest\src\gtest_main.cc
Running main() from D:\github\ink\src\third_party\googletest\googletest\src\gtest_main.cc
Running main() from D:\github\ink\src\third_party\googletest\googletest\src\gtest_main.cc
Running main() from D:\github\ink\src\third_party\googletest\googletest\src\gtest_main.cc
Running main() from D:\github\ink\src\third_party\googletest\googletest\src\gtest_main.cc
Running main() from D:\github\ink\src\third_party\googletest\googletest\src\gtest_main.cc
Running main() from D:\github\ink\src\third_party\googletest\googletest\src\gtest_main.cc
Running main() from D:\github\ink\src\third_party\googletest\googletest\src\gtest_main.cc
Running main() from D:\github\ink\src\third_party\googletest\googletest\src\gtest_main.cc
Running main() from D:\github\ink\src\third_party\googletest\googletest\src\gtest_main.cc
Running main() from D:\github\ink\src\third_party\googletest\googletest\src\gtest_main.cc
Running main() from D:\github\ink\src\third_party\googletest\googletest\src\gtest_main.cc
Running main() from D:\github\ink\src\third_party\googletest\googletest\src\gtest_main.cc
Running main() from D:\github\ink\src\third_party\googletest\googletest\src\gtest_main.cc
Running main() from D:\github\ink\src\third_party\googletest\googletest\src\gtest_main.cc
Running main() from D:\github\ink\src\third_party\googletest\googletest\src\gtest_main.cc
Running main() from D:\github\ink\src\third_party\googletest\googletest\src\gtest_main.cc
Running main() from D:\github\ink\src\third_party\googletest\googletest\src\gtest_main.cc
Running main() from D:\github\ink\src\third_party\googletest\googletest\src\gtest_main.cc
Running main() from D:\github\ink\src\third_party\googletest\googletest\src\gtest_main.cc
Running main() from D:\github\ink\src\third_party\googletest\googletest\src\gtest_main.cc
Running main() from D:\github\ink\src\third_party\googletest\googletest\src\gtest_main.cc
Running main() from D:\github\ink\src\third_party\googletest\googletest\src\gtest_main.cc
Running main() from D:\github\ink\src\third_party\googletest\googletest\src\gtest_main.cc
Running main() from D:\github\ink\src\third_party\googletest\googletest\src\gtest_main.cc
Running main() from D:\github\ink\src\third_party\googletest\googletest\src\gtest_main.cc
Running main() from D:\github\ink\src\third_party\googletest\googletest\src\gtest_main.cc
Running main() from D:\github\ink\src\third_party\googletest\googletest\src\gtest_main.cc
Running main() from D:\github\ink\src\third_party\googletest\googletest\src\gtest_main.cc
Running main() from D:\github\ink\src\third_party\googletest\googletest\src\gtest_main.cc
Running main() from D:\github\ink\src\third_party\googletest\googletest\src\gtest_main.cc
Running main() from D:\github\ink\src\third_party\googletest\googletest\src\gtest_main.cc
Running main() from D:\github\ink\src\third_party\googletest\googletest\src\gtest_main.cc
Running main() from D:\github\ink\src\third_party\googletest\googletest\src\gtest_main.cc
Running main() from D:\github\ink\src\third_party\googletest\googletest\src\gtest_main.cc
Running main() from D:\github\ink\src\third_party\googletest\googletest\src\gtest_main.cc
Running main() from D:\github\ink\src\third_party\googletest\googletest\src\gtest_main.cc
Running main() from D:\github\ink\src\third_party\googletest\googletest\src\gtest_main.cc
Running main() from D:\github\ink\src\third_party\googletest\googletest\src\gtest_main.cc
Running main() from D:\github\ink\src\third_party\googletest\googletest\src\gtest_main.cc
Running main() from D:\github\ink\src\third_party\googletest\googletest\src\gtest_main.cc
Running main() from D:\github\ink\src\third_party\googletest\googletest\src\gtest_main.cc
Running main() from D:\github\ink\src\third_party\googletest\googletest\src\gtest_main.cc
Running main() from D:\github\ink\src\third_party\googletest\googletest\src\gtest_main.cc
Running main() from D:\github\ink\src\third_party\googletest\googletest\src\gtest_main.cc
Running main() from D:\github\ink\src\third_party\googletest\googletest\src\gtest_main.cc
Running main() from D:\github\ink\src\third_party\googletest\googletest\src\gtest_main.cc
Running main() from D:\github\ink\src\third_party\googletest\googletest\src\gtest_main.cc
Running main() from D:\github\ink\src\third_party\googletest\googletest\src\gtest_main.cc
Running main() from D:\github\ink\src\third_party\googletest\googletest\src\gtest_main.cc
Running main() from D:\github\ink\src\third_party\googletest\googletest\src\gtest_main.cc
Running main() from D:\github\ink\src\third_party\googletest\googletest\src\gtest_main.cc
Running main() from D:\github\ink\src\third_party\googletest\googletest\src\gtest_main.cc
Running main() from D:\github\ink\src\third_party\googletest\googletest\src\gtest_main.cc
Running main() from D:\github\ink\src\third_party\googletest\googletest\src\gtest_main.cc
Running main() from D:\github\ink\src\third_party\googletest\googletest\src\gtest_main.cc
Running main() from D:\github\ink\src\third_party\googletest\googletest\src\gtest_main.cc
Running main() from D:\github\ink\src\third_party\googletest\googletest\src\gtest_main.cc
Running main() from D:\github\ink\src\third_party\googletest\googletest\src\gtest_main.cc
Running main() from D:\github\ink\src\third_party\googletest\googletest\src\gtest_main.cc
Running main() from D:\github\ink\src\third_party\googletest\googletest\src\gtest_main.cc
Running main() from D:\github\ink\src\third_party\googletest\googletest\src\gtest_main.cc
Running main() from D:\github\ink\src\third_party\googletest\googletest\src\gtest_main.cc
Running main() from D:\github\ink\src\third_party\googletest\googletest\src\gtest_main.cc
Running main() from D:\github\ink\src\third_party\googletest\googletest\src\gtest_main.cc
Running main() from D:\github\ink\src\third_party\googletest\googletest\src\gtest_main.cc
Running main() from D:\github\ink\src\third_party\googletest\googletest\src\gtest_main.cc
Running main() from D:\github\ink\src\third_party\googletest\googletest\src\gtest_main.cc
Running main() from D:\github\ink\src\third_party\googletest\googletest\src\gtest_main.cc
Running main() from D:\github\ink\src\third_party\googletest\googletest\src\gtest_main.cc
Running main() from D:\github\ink\src\third_party\googletest\googletest\src\gtest_main.cc
Running main() from D:\github\ink\src\third_party\googletest\googletest\src\gtest_main.cc
Running main() from D:\github\ink\src\third_party\googletest\googletest\src\gtest_main.cc
Running main() from D:\github\ink\src\third_party\googletest\googletest\src\gtest_main.cc
Running main() from D:\github\ink\src\third_party\googletest\googletest\src\gtest_main.cc
Running main() from D:\github\ink\src\third_party\googletest\googletest\src\gtest_main.cc
Running main() from D:\github\ink\src\third_party\googletest\googletest\src\gtest_main.cc
Running main() from D:\github\ink\src\third_party\googletest\googletest\src\gtest_main.cc
Running main() from D:\github\ink\src\third_party\googletest\googletest\src\gtest_main.cc
Running main() from D:\github\ink\src\third_party\googletest\googletest\src\gtest_main.cc
Running main() from D:\github\ink\src\third_party\googletest\googletest\src\gtest_main.cc
Running main() from D:\github\ink\src\third_party\googletest\googletest\src\gtest_main.cc
Running main() from D:\github\ink\src\third_party\googletest\googletest\src\gtest_main.cc
Running main() from D:\github\ink\src\third_party\googletest\googletest\src\gtest_main.cc
Running main() from D:\github\ink\src\third_party\googletest\googletest\src\gtest_main.cc
Running main() from D:\github\ink\src\third_party\googletest\googletest\src\gtest_main.cc
Running main() from D:\github\ink\src\third_party\googletest\googletest\src\gtest_main.cc
Running main() from D:\github\ink\src\third_party\googletest\googletest\src\gtest_main.cc
Running main() from D:\github\ink\src\third_party\googletest\googletest\src\gtest_main.cc
Running main() from D:\github\ink\src\third_party\googletest\googletest\src\gtest_main.cc
Running main() from D:\github\ink\src\third_party\googletest\googletest\src\gtest_main.cc
Running main() from D:\github\ink\src\third_party\googletest\googletest\src\gtest_main.cc
Running main() from D:\github\ink\src\third_party\googletest\googletest\src\gtest_main.cc
Running main() from D:\github\ink\src\third_party\googletest\googletest\src\gtest_main.cc
Running main() from D:\github\ink\src\third_party\googletest\googletest\src\gtest_main.cc
Running main() from D:\github\ink\src\third_party\googletest\googletest\src\gtest_main.cc
Running main() from D:\github\ink\src\third_party\googletest\googletest\src\gtest_main.cc
Running main() from D:\github\ink\src\third_party\googletest\googletest\src\gtest_main.cc
Running main() from D:\github\ink\src\third_party\googletest\googletest\src\gtest_main.cc
Running main() from D:\github\ink\src\third_party\googletest\googletest\src\gtest_main.cc
Running main() from D:\github\ink\src\third_party\googletest\googletest\src\gtest_main.cc
Running main() from D:\github\ink\src\third_party\googletest\googletest\src\gtest_main.cc
Running main() from D:\github\ink\src\third_party\googletest\googletest\src\gtest_main.cc
Running main() from D:\github\ink\src\third_party\googletest\googletest\src\gtest_main.cc
Running main() from D:\github\ink\src\third_party\googletest\googletest\src\gtest_main.cc
Running main() from D:\github\ink\src\third_party\googletest\googletest\src\gtest_main.cc
Running main() from D:\github\ink\src\third_party\googletest\googletest\src\gtest_main.cc
Running main() from D:\github\ink\src\third_party\googletest\googletest\src\gtest_main.cc
Running main() from D:\github\ink\src\third_party\googletest\googletest\src\gtest_main.cc
Running main() from D:\github\ink\src\third_party\googletest\googletest\src\gtest_main.cc
Running main() from D:\github\ink\src\third_party\googletest\googletest\src\gtest_main.cc
Running main() from D:\github\ink\src\third_party\googletest\googletest\src\gtest_main.cc
Running main() from D:\github\ink\src\third_party\googletest\googletest\src\gtest_main.cc
Running main() from D:\github\ink\src\third_party\googletest\googletest\src\gtest_main.cc
Running main() from D:\github\ink\src\third_party\googletest\googletest\src\gtest_main.cc
Running main() from D:\github\ink\src\third_party\googletest\googletest\src\gtest_main.cc
Running main() from D:\github\ink\src\third_party\googletest\googletest\src\gtest_main.cc
Running main() from D:\github\ink\src\third_party\googletest\googletest\src\gtest_main.cc
Running main() from D:\github\ink\src\third_party\googletest\googletest\src\gtest_main.cc
Running main() from D:\github\ink\src\third_party\googletest\googletest\src\gtest_main.cc
Running main() from D:\github\ink\src\third_party\googletest\googletest\src\gtest_main.cc
Running main() from D:\github\ink\src\third_party\googletest\googletest\src\gtest_main.cc
Running main() from D:\github\ink\src\third_party\googletest\googletest\src\gtest_main.cc
Running main() from D:\github\ink\src\third_party\googletest\googletest\src\gtest_main.cc
Running main() from D:\github\ink\src\third_party\googletest\googletest\src\gtest_main.cc
Running main() from D:\github\ink\src\third_party\googletest\googletest\src\gtest_main.cc
Running main() from D:\github\ink\src\third_party\googletest\googletest\src\gtest_main.cc
Running main() from D:\github\ink\src\third_party\googletest\googletest\src\gtest_main.cc
Running main() from D:\github\ink\src\third_party\googletest\googletest\src\gtest_main.cc
Running main() from D:\github\ink\src\third_party\googletest\googletest\src\gtest_main.cc
Running main() from D:\github\ink\src\third_party\googletest\googletest\src\gtest_main.cc
Running main() from D:\github\ink\src\third_party\googletest\googletest\src\gtest_main.cc
Running main() from D:\github\ink\src\third_party\googletest\googletest\src\gtest_main.cc
Running main() from D:\github\ink\src\third_party\googletest\googletest\src\gtest_main.cc
Running main() from D:\github\ink\src\third_party\googletest\googletest\src\gtest_main.cc
Running main() from D:\github\ink\src\third_party\googletest\googletest\src\gtest_main.cc
Running main() from D:\github\ink\src\third_party\googletest\googletest\src\gtest_main.cc
Running main() from D:\github\ink\src\third_party\googletest\googletest\src\gtest_main.cc
Running main() from D:\github\ink\src\third_party\googletest\googletest\src\gtest_main.cc
Running main() from D:\github\ink\src\third_party\googletest\googletest\src\gtest_main.cc
Running main() from D:\github\ink\src\third_party\googletest\googletest\src\gtest_main.cc
Running main() from D:\github\ink\src\third_party\googletest\googletest\src\gtest_main.cc
Running main() from D:\github\ink\src\third_party\googletest\googletest\src\gtest_main.cc
Running main() from D:\github\ink\src\third_party\googletest\googletest\src\gtest_main.cc
Running main() from D:\github\ink\src\third_party\googletest\googletest\src\gtest_main.cc
Running main() from D:\github\ink\src\third_party\googletest\googletest\src\gtest_main.cc
Running main() from D:\github\ink\src\third_party\googletest\googletest\src\gtest_main.cc
Running main() from D:\github\ink\src\third_party\googletest\googletest\src\gtest_main.cc
Running main() from D:\github\ink\src\third_party\googletest\googletest\src\gtest_main.cc
Running main() from D:\github\ink\src\third_party\googletest\googletest\src\gtest_main.cc
Running main() from D:\github\ink\src\third_party\googletest\googletest\src\gtest_main.cc
Running main() from D:\github\ink\src\third_party\googletest\googletest\src\gtest_main.cc
Running main() from D:\github\ink\src\third_party\googletest\googletest\src\gtest_main.cc
Running main() from D:\github\ink\src\third_party\googletest\googletest\src\gtest_main.cc
Running main() from D:\github\ink\src\third_party\googletest\googletest\src\gtest_main.cc
Running main() from D:\github\ink\src\third_party\googletest\googletest\src\gtest_main.cc
Running main() from D:\github\ink\src\third_party\googletest\googletest\src\gtest_main.cc
Running main() from D:\github\ink\src\third_party\googletest\googletest\src\gtest_main.cc
Running main() from D:\github\ink\src\third_party\googletest\googletest\src\gtest_main.cc
Running main() from D:\github\ink\src\third_party\googletest\googletest\src\gtest_main.cc
Running main() from D:\github\ink\src\third_party\googletest\googletest\src\gtest_main.cc
Running main() from D:\github\ink\src\third_party\googletest\googletest\src\gtest_main.cc
Running main() from D:\github\ink\src\third_party\googletest\googletest\src\gtest_main.cc
Running main() from D:\github\ink\src\third_party\googletest\googletest\src\gtest_main.cc
Running main() from D:\github\ink\src\third_party\googletest\googletest\src\gtest_main.cc
Running main() from D:\github\ink\src\third_party\googletest\googletest\src\gtest_main.cc
Running main() from D:\github\ink\src\third_party\googletest\googletest\src\gtest_main.cc
Running main() from D:\github\ink\src\third_party\googletest\googletest\src\gtest_main.cc
Running main() from D:\github\ink\src\third_party\googletest\googletest\src\gtest_main.cc
Running main() from D:\github\ink\src\third_party\googletest\googletest\src\gtest_main.cc
Running main() from D:\github\ink\src\third_party\googletest\googletest\src\gtest_main.cc
Running main() from D:\github\ink\src\third_party\googletest\googletest\src\gtest_main.cc
Running main() from D:\github\ink\src\third_party\googletest\googletest\src\gtest_main.cc
Running main() from D:\github\ink\src\third_party\googletest\googletest\src\gtest_main.cc
Running main() from D:\github\ink\src\third_party\googletest\googletest\src\gtest_main.cc
Running main() from D:\github\ink\src\third_party\googletest\googletest\src\gtest_main.cc
Running main() from D:\github\ink\src\third_party\googletest\googletest\src\gtest_main.cc
Running main() from D:\github\ink\src\third_party\googletest\googletest\src\gtest_main.cc
Running main() from D:\github\ink\src\third_party\googletest\googletest\src\gtest_main.cc
Running main() from D:\github\ink\src\third_party\googletest\googletest\src\gtest_main.cc
Running main() from D:\github\ink\src\third_party\googletest\googletest\src\gtest_main.cc
Running main() from D:\github\ink\src\third_party\googletest\googletest\src\gtest_main.cc
Running main() from D:\github\ink\src\third_party\googletest\googletest\src\gtest_main.cc
Running main() from D:\github\ink\src\third_party\googletest\googletest\src\gtest_main.cc
Running main() from D:\github\ink\src\third_party\googletest\googletest\src\gtest_main.cc
Running main() from D:\github\ink\src\third_party\googletest\googletest\src\gtest_main.cc
Running main() from D:\github\ink\src\third_party\googletest\googletest\src\gtest_main.cc
Running main() from D:\github\ink\src\third_party\googletest\googletest\src\gtest_main.cc
Running main() from D:\github\ink\src\third_party\googletest\googletest\src\gtest_main.cc
Running main() from D:\github\ink\src\third_party\googletest\googletest\src\gtest_main.cc
Running main() from D:\github\ink\src\third_party\googletest\googletest\src\gtest_main.cc
Running main() from D:\github\ink\src\third_party\googletest\googletest\src\gtest_main.cc
Running main() from D:\github\ink\src\third_party\googletest\googletest\src\gtest_main.cc
Running main() from D:\github\ink\src\third_party\googletest\googletest\src\gtest_main.cc
Running main() from D:\github\ink\src\third_party\googletest\googletest\src\gtest_main.cc
Running main() from D:\github\ink\src\third_party\googletest\googletest\src\gtest_main.cc
Running main() from D:\github\ink\src\third_party\googletest\googletest\src\gtest_main.cc
Running main() from D:\github\ink\src\third_party\googletest\googletest\src\gtest_main.cc
Running main() from D:\github\ink\src\third_party\googletest\googletest\src\gtest_main.cc
Running main() from D:\github\ink\src\third_party\googletest\googletest\src\gtest_main.cc
Running main() from D:\github\ink\src\third_party\googletest\googletest\src\gtest_main.cc
Running main() from D:\github\ink\src\third_party\googletest\googletest\src\gtest_main.cc
Running main() from D:\github\ink\src\third_party\googletest\googletest\src\gtest_main.cc
Running main() from D:\github\ink\src\third_party\googletest\googletest\src\gtest_main.cc
Running main() from D:\github\ink\src\third_party\googletest\googletest\src\gtest_main.cc
Running main() from D:\github\ink\src\third_party\googletest\googletest\src\gtest_main.cc
Running main() from D:\github\ink\src\third_party\googletest\googletest\src\gtest_main.cc
Running main() from D:\github\ink\src\third_party\googletest\googletest\src\gtest_main.cc
Running main() from D:\github\ink\src\third_party\googletest\googletest\src\gtest_main.cc
Running main() from D:\github\ink\src\third_party\googletest\googletest\src\gtest_main.cc
Running main() from D:\github\ink\src\third_party\googletest\googletest\src\gtest_main.cc
Running main() from D:\github\ink\src\third_party\googletest\googletest\src\gtest_main.cc
Running main() from D:\github\ink\src\third_party\googletest\googletest\src\gtest_main.cc
Running main() from D:\github\ink\src\third_party\googletest\googletest\src\gtest_main.cc
Running main() from D:\github\ink\src\third_party\googletest\googletest\src\gtest_main.cc
Running main() from D:\github\ink\src\third_party\googletest\googletest\src\gtest_main.cc
Running main() from D:\github\ink\src\third_party\googletest\googletest\src\gtest_main.cc
Running main() from D:\github\ink\src\third_party\googletest\googletest\src\gtest_main.cc
Running main() from D:\github\ink\src\third_party\googletest\googletest\src\gtest_main.cc
Running main() from D:\github\ink\src\third_party\googletest\googletest\src\gtest_main.cc
Running main() from D:\github\ink\src\third_party\googletest\googletest\src\gtest_main.cc
Running main() from D:\github\ink\src\third_party\googletest\googletest\src\gtest_main.cc
Running main() from D:\github\ink\src\third_party\googletest\googletest\src\gtest_main.cc
Running main() from D:\github\ink\src\third_party\googletest\googletest\src\gtest_main.cc
Running main() from D:\github\ink\src\third_party\googletest\googletest\src\gtest_main.cc
Running main() from D:\github\ink\src\third_party\googletest\googletest\src\gtest_main.cc
Running main() from D:\github\ink\src\third_party\googletest\googletest\src\gtest_main.cc
Running main() from D:\github\ink\src\third_party\googletest\googletest\src\gtest_main.cc
Running main() from D:\github\ink\src\third_party\googletest\googletest\src\gtest_main.cc
Running main() from D:\github\ink\src\third_party\googletest\googletest\src\gtest_main.cc
Running main() from D:\github\ink\src\third_party\googletest\googletest\src\gtest_main.cc
Running main() from D:\github\ink\src\third_party\googletest\googletest\src\gtest_main.cc
Running main() from D:\github\ink\src\third_party\googletest\googletest\src\gtest_main.cc
Running main() from D:\github\ink\src\third_party\googletest\googletest\src\gtest_main.cc
Running main() from D:\github\ink\src\third_party\googletest\googletest\src\gtest_main.cc
Running main() from D:\github\ink\src\third_party\googletest\googletest\src\gtest_main.cc
Running main() from D:\github\ink\src\third_party\googletest\googletest\src\gtest_main.cc
Running main() from D:\github\ink\src\third_party\googletest\googletest\src\gtest_main.cc
Running main() from D:\github\ink\src\third_party\googletest\googletest\src\gtest_main.cc
Running main() from D:\github\ink\src\third_party\googletest\googletest\src\gtest_main.cc
Running main() from D:\github\ink\src\third_party\googletest\googletest\src\gtest_main.cc
Running main() from D:\github\ink\src\third_party\googletest\googletest\src\gtest_main.cc
Running main() from D:\github\ink\src\third_party\googletest\googletest\src\gtest_main.cc
Running main() from D:\github\ink\src\third_party\googletest\googletest\src\gtest_main.cc
Running main() from D:\github\ink\src\third_party\googletest\googletest\src\gtest_main.cc
Running main() from D:\github\ink\src\third_party\googletest\googletest\src\gtest_main.cc
Running main() from D:\github\ink\src\third_party\googletest\googletest\src\gtest_main.cc
Running main() from D:\github\ink\src\third_party\googletest\googletest\src\gtest_main.cc
Running main() from D:\github\ink\src\third_party\googletest\googletest\src\gtest_main.cc
Running main() from D:\github\ink\src\third_party\googletest\googletest\src\gtest_main.cc
Running main() from D:\github\ink\src\third_party\googletest\googletest\src\gtest_main.cc
Running main() from D:\github\ink\src\third_party\googletest\googletest\src\gtest_main.cc
Running main() from D:\github\ink\src\third_party\googletest\googletest\src\gtest_main.cc
Running main() from D:\github\ink\src\third_party\googletest\googletest\src\gtest_main.cc
Running main() from D:\github\ink\src\third_party\googletest\googletest\src\gtest_main.cc
Running main() from D:\github\ink\src\third_party\googletest\googletest\src\gtest_main.cc
Running main() from D:\github\ink\src\third_party\googletest\googletest\src\gtest_main.cc
Running main() from D:\github\ink\src\third_party\googletest\googletest\src\gtest_main.cc
Running main() from D:\github\ink\src\third_party\googletest\googletest\src\gtest_main.cc
Running main() from D:\github\ink\src\third_party\googletest\googletest\src\gtest_main.cc
Running main() from D:\github\ink\src\third_party\googletest\googletest\src\gtest_main.cc
Running main() from D:\github\ink\src\third_party\googletest\googletest\src\gtest_main.cc
Running main() from D:\github\ink\src\third_party\googletest\googletest\src\gtest_main.cc
Running main() from D:\github\ink\src\third_party\googletest\googletest\src\gtest_main.cc
Running main() from D:\github\ink\src\third_party\googletest\googletest\src\gtest_main.cc
Running main() from D:\github\ink\src\third_party\googletest\googletest\src\gtest_main.cc
Running main() from D:\github\ink\src\third_party\googletest\googletest\src\gtest_main.cc
Running main() from D:\github\ink\src\third_party\googletest\googletest\src\gtest_main.cc
Running main() from D:\github\ink\src\third_party\googletest\googletest\src\gtest_main.cc
Running main() from D:\github\ink\src\third_party\googletest\googletest\src\gtest_main.cc
Running main() from D:\github\ink\src\third_party\googletest\googletest\src\gtest_main.cc
Running main() from D:\github\ink\src\third_party\googletest\googletest\src\gtest_main.cc
Running main() from D:\github\ink\src\third_party\googletest\googletest\src\gtest_main.cc
Running main() from D:\github\ink\src\third_party\googletest\googletest\src\gtest_main.cc
Running main() from D:\github\ink\src\third_party\googletest\googletest\src\gtest_main.cc
Running main() from D:\github\ink\src\third_party\googletest\googletest\src\gtest_main.cc
Running main() from D:\github\ink\src\third_party\googletest\googletest\src\gtest_main.cc
Running main() from D:\github\ink\src\third_party\googletest\googletest\src\gtest_main.cc
Running main() from D:\github\ink\src\third_party\googletest\googletest\src\gtest_main.cc
Running main() from D:\github\ink\src\third_party\googletest\googletest\src\gtest_main.cc
Running main() from D:\github\ink\src\third_party\googletest\googletest\src\gtest_main.cc
Running main() from D:\github\ink\src\third_party\googletest\googletest\src\gtest_main.cc
Running main() from D:\github\ink\src\third_party\googletest\googletest\src\gtest_main.cc
Running main() from D:\github\ink\src\third_party\googletest\googletest\src\gtest_main.cc
Running main() from D:\github\ink\src\third_party\googletest\googletest\src\gtest_main.cc
Running main() from D:\github\ink\src\third_party\googletest\googletest\src\gtest_main.cc
Running main() from D:\github\ink\src\third_party\googletest\googletest\src\gtest_main.cc
Running main() from D:\github\ink\src\third_party\googletest\googletest\src\gtest_main.cc
Running main() from D:\github\ink\src\third_party\googletest\googletest\src\gtest_main.cc
Running main() from D:\github\ink\src\third_party\googletest\googletest\src\gtest_main.cc
Running main() from D:\github\ink\src\third_party\googletest\googletest\src\gtest_main.cc
Running main() from D:\github\ink\src\third_party\googletest\googletest\src\gtest_main.cc
Running main() from D:\github\ink\src\third_party\googletest\googletest\src\gtest_main.cc
Running main() from D:\github\ink\src\third_party\googletest\googletest\src\gtest_main.cc
Running main() from D:\github\ink\src\third_party\googletest\googletest\src\gtest_main.cc
Running main() from D:\github\ink\src\third_party\googletest\googletest\src\gtest_main.cc
Running main() from D:\github\ink\src\third_party\googletest\googletest\src\gtest_main.cc
Running main() from D:\github\ink\src\third_party\googletest\googletest\src\gtest_main.cc
Running main() from D:\github\ink\src\third_party\googletest\googletest\src\gtest_main.cc
Running main() from D:\github\ink\src\third_party\googletest\googletest\src\gtest_main.cc
Running main() from D:\github\ink\src\third_party\googletest\googletest\src\gtest_main.cc
Running main() from D:\github\ink\src\third_party\googletest\googletest\src\gtest_main.cc
Running main() from D:\github\ink\src\third_party\googletest\googletest\src\gtest_main.cc
Running main() from D:\github\ink\src\third_party\googletest\googletest\src\gtest_main.cc
Running main() from D:\github\ink\src\third_party\googletest\googletest\src\gtest_main.cc
Running main() from D:\github\ink\src\third_party\googletest\googletest\src\gtest_main.cc
Running main() from D:\github\ink\src\third_party\googletest\googletest\src\gtest_main.cc
Running main() from D:\github\ink\src\third_party\googletest\googletest\src\gtest_main.cc
Running main() from D:\github\ink\src\third_party\googletest\googletest\src\gtest_main.cc
Running main() from D:\github\ink\src\third_party\googletest\googletest\src\gtest_main.cc
Running main() from D:\github\ink\src\third_party\googletest\googletest\src\gtest_main.cc
Running main() from D:\github\ink\src\third_party\googletest\googletest\src\gtest_main.cc
Running main() from D:\github\ink\src\third_party\googletest\googletest\src\gtest_main.cc
Running main() from D:\github\ink\src\third_party\googletest\googletest\src\gtest_main.cc
Running main() from D:\github\ink\src\third_party\googletest\googletest\src\gtest_main.cc
Running main() from D:\github\ink\src\third_party\googletest\googletest\src\gtest_main.cc
Running main() from D:\github\ink\src\third_party\googletest\googletest\src\gtest_main.cc
Running main() from D:\github\ink\src\third_party\googletest\googletest\src\gtest_main.cc
Running main() from D:\github\ink\src\third_party\googletest\googletest\src\gtest_main.cc
Running main() from D:\github\ink\src\third_party\googletest\googletest\src\gtest_main.cc
Running main() from D:\github\ink\src\third_party\googletest\googletest\src\gtest_main.cc
Running main() from D:\github\ink\src\third_party\googletest\googletest\src\gtest_main.cc
Running main() from D:\github\ink\src\third_party\googletest\googletest\src\gtest_main.cc
Running main() from D:\github\ink\src\third_party\googletest\googletest\src\gtest_main.cc
Running main() from D:\github\ink\src\third_party\googletest\googletest\src\gtest_main.cc
Running main() from D:\github\ink\src\third_party\googletest\googletest\src\gtest_main.cc
Running main() from D:\github\ink\src\third_party\googletest\googletest\src\gtest_main.cc
Running main() from D:\github\ink\src\third_party\googletest\googletest\src\gtest_main.cc
Running main() from D:\github\ink\src\third_party\googletest\googletest\src\gtest_main.cc
Running main() from D:\github\ink\src\third_party\googletest\googletest\src\gtest_main.cc
Running main() from D:\github\ink\src\third_party\googletest\googletest\src\gtest_main.cc
Running main() from D:\github\ink\src\third_party\googletest\googletest\src\gtest_main.cc
Running main() from D:\github\ink\src\third_party\googletest\googletest\src\gtest_main.cc
Running main() from D:\github\ink\src\third_party\googletest\googletest\src\gtest_main.cc
Running main() from D:\github\ink\src\third_party\googletest\googletest\src\gtest_main.cc
Running main() from D:\github\ink\src\third_party\googletest\googletest\src\gtest_main.cc
Running main() from D:\github\ink\src\third_party\googletest\googletest\src\gtest_main.cc
Running main() from D:\github\ink\src\third_party\googletest\googletest\src\gtest_main.cc
Running main() from D:\github\ink\src\third_party\googletest\googletest\src\gtest_main.cc
Running main() from D:\github\ink\src\third_party\googletest\googletest\src\gtest_main.cc
Running main() from D:\github\ink\src\third_party\googletest\googletest\src\gtest_main.cc
Running main() from D:\github\ink\src\third_party\googletest\googletest\src\gtest_main.cc
Running main() from D:\github\ink\src\third_party\googletest\googletest\src\gtest_main.cc
Running main() from D:\github\ink\src\third_party\googletest\googletest\src\gtest_main.cc
Running main() from D:\github\ink\src\third_party\googletest\googletest\src\gtest_main.cc
Running main() from D:\github\ink\src\third_party\googletest\googletest\src\gtest_main.cc
Running main() from D:\github\ink\src\third_party\googletest\googletest\src\gtest_main.cc
Running main() from D:\github\ink\src\third_party\googletest\googletest\src\gtest_main.cc
Running main() from D:\github\ink\src\third_party\googletest\googletest\src\gtest_main.cc
Running main() from D:\github\ink\src\third_party\googletest\googletest\src\gtest_main.cc
Running main() from D:\github\ink\src\third_party\googletest\googletest\src\gtest_main.cc
Running main() from D:\github\ink\src\third_party\googletest\googletest\src\gtest_main.cc
Running main() from D:\github\ink\src\third_party\googletest\googletest\src\gtest_main.cc
Running main() from D:\github\ink\src\third_party\googletest\googletest\src\gtest_main.cc
Running main() from D:\github\ink\src\third_party\googletest\googletest\src\gtest_main.cc
Running main() from D:\github\ink\src\third_party\googletest\googletest\src\gtest_main.cc
Running main() from D:\github\ink\src\third_party\googletest\googletest\src\gtest_main.cc
Running main() from D:\github\ink\src\third_party\googletest\googletest\src\gtest_main.cc
Running main() from D:\github\ink\src\third_party\googletest\googletest\src\gtest_main.cc
Running main() from D:\github\ink\src\third_party\googletest\googletest\src\gtest_main.cc
Running main() from D:\github\ink\src\third_party\googletest\googletest\src\gtest_main.cc
Running main() from D:\github\ink\src\third_party\googletest\googletest\src\gtest_main.cc
Running main() from D:\github\ink\src\third_party\googletest\googletest\src\gtest_main.cc
Running main() from D:\github\ink\src\third_party\googletest\googletest\src\gtest_main.cc
Running main() from D:\github\ink\src\third_party\googletest\googletest\src\gtest_main.cc
Running main() from D:\github\ink\src\third_party\googletest\googletest\src\gtest_main.cc
Running main() from D:\github\ink\src\third_party\googletest\googletest\src\gtest_main.cc
Running main() from D:\github\ink\src\third_party\googletest\googletest\src\gtest_main.cc
Running main() from D:\github\ink\src\third_party\googletest\googletest\src\gtest_main.cc
Running main() from D:\github\ink\src\third_party\googletest\googletest\src\gtest_main.cc
Running main() from D:\github\ink\src\third_party\googletest\googletest\src\gtest_main.cc
Running main() from D:\github\ink\src\third_party\googletest\googletest\src\gtest_main.cc
Running main() from D:\github\ink\src\third_party\googletest\googletest\src\gtest_main.cc
Running main() from D:\github\ink\src\third_party\googletest\googletest\src\gtest_main.cc
Running main() from D:\github\ink\src\third_party\googletest\googletest\src\gtest_main.cc
Running main() from D:\github\ink\src\third_party\googletest\googletest\src\gtest_main.cc
Running main() from D:\github\ink\src\third_party\googletest\googletest\src\gtest_main.cc
Running main() from D:\github\ink\src\third_party\googletest\googletest\src\gtest_main.cc
Running main() from D:\github\ink\src\third_party\googletest\googletest\src\gtest_main.cc
Running main() from D:\github\ink\src\third_party\googletest\googletest\src\gtest_main.cc
Running main() from D:\github\ink\src\third_party\googletest\googletest\src\gtest_main.cc
Running main() from D:\github\ink\src\third_party\googletest\googletest\src\gtest_main.cc
Running main() from D:\github\ink\src\third_party\googletest\googletest\src\gtest_main.cc
Running main() from D:\github\ink\src\third_party\googletest\googletest\src\gtest_main.cc
Running main() from D:\github\ink\src\third_party\googletest\googletest\src\gtest_main.cc
Running main() from D:\github\ink\src\third_party\googletest\googletest\src\gtest_main.cc
Running main() from D:\github\ink\src\third_party\googletest\googletest\src\gtest_main.cc
Running main() from D:\github\ink\src\third_party\googletest\googletest\src\gtest_main.cc
Running main() from D:\github\ink\src\third_party\googletest\googletest\src\gtest_main.cc
Running main() from D:\github\ink\src\third_party\googletest\googletest\src\gtest_main.cc
Running main() from D:\github\ink\src\third_party\googletest\googletest\src\gtest_main.cc
Running main() from D:\github\ink\src\third_party\googletest\googletest\src\gtest_main.cc
Running main() from D:\github\ink\src\third_party\googletest\googletest\src\gtest_main.cc
Running main() from D:\github\ink\src\third_party\googletest\googletest\src\gtest_main.cc
Running main() from D:\github\ink\src\third_party\googletest\googletest\src\gtest_main.cc
Running main() from D:\github\ink\src\third_party\googletest\googletest\src\gtest_main.cc
Running main() from D:\github\ink\src\third_party\googletest\googletest\src\gtest_main.cc
Running main() from D:\github\ink\src\third_party\googletest\googletest\src\gtest_main.cc
Running main() from D:\github\ink\src\third_party\googletest\googletest\src\gtest_main.cc
Running main() from D:\github\ink\src\third_party\googletest\googletest\src\gtest_main.cc
Running main() from D:\github\ink\src\third_party\googletest\googletest\src\gtest_main.cc
Running main() from D:\github\ink\src\third_party\googletest\googletest\src\gtest_main.cc
Running main() from D:\github\ink\src\third_party\googletest\googletest\src\gtest_main.cc
Running main() from D:\github\ink\src\third_party\googletest\googletest\src\gtest_main.cc
Running main() from D:\github\ink\src\third_party\googletest\googletest\src\gtest_main.cc
Running main() from D:\github\ink\src\third_party\googletest\googletest\src\gtest_main.cc
Running main() from D:\github\ink\src\third_party\googletest\googletest\src\gtest_main.cc
Running main() from D:\github\ink\src\third_party\googletest\googletest\src\gtest_main.cc
Running main() from D:\github\ink\src\third_party\googletest\googletest\src\gtest_main.cc
Running main() from D:\github\ink\src\third_party\googletest\googletest\src\gtest_main.cc
Running main() from D:\github\ink\src\third_party\googletest\googletest\src\gtest_main.cc
Running main() from D:\github\ink\src\third_party\googletest\googletest\src\gtest_main.cc
Running main() from D:\github\ink\src\third_party\googletest\googletest\src\gtest_main.cc
Running main() from D:\github\ink\src\third_party\googletest\googletest\src\gtest_main.cc
Running main() from D:\github\ink\src\third_party\googletest\googletest\src\gtest_main.cc
Running main() from D:\github\ink\src\third_party\googletest\googletest\src\gtest_main.cc
Running main() from D:\github\ink\src\third_party\googletest\googletest\src\gtest_main.cc
Running main() from D:\github\ink\src\third_party\googletest\googletest\src\gtest_main.cc
Running main() from D:\github\ink\src\third_party\googletest\googletest\src\gtest_main.cc
Running main() from D:\github\ink\src\third_party\googletest\googletest\src\gtest_main.cc
Running main() from D:\github\ink\src\third_party\googletest\googletest\src\gtest_main.cc
Running main() from D:\github\ink\src\third_party\googletest\googletest\src\gtest_main.cc
Running main() from D:\github\ink\src\third_party\googletest\googletest\src\gtest_main.cc
Running main() from D:\github\ink\src\third_party\googletest\googletest\src\gtest_main.cc
Running main() from D:\github\ink\src\third_party\googletest\googletest\src\gtest_main.cc
Running main() from D:\github\ink\src\third_party\googletest\googletest\src\gtest_main.cc
Running main() from D:\github\ink\src\third_party\googletest\googletest\src\gtest_main.cc
Running main() from D:\github\ink\src\third_party\googletest\googletest\src\gtest_main.cc
Running main() from D:\github\ink\src\third_party\googletest\googletest\src\gtest_main.cc
Running main() from D:\github\ink\src\third_party\googletest\googletest\src\gtest_main.cc
Running main() from D:\github\ink\src\third_party\googletest\googletest\src\gtest_main.cc
Running main() from D:\github\ink\src\third_party\googletest\googletest\src\gtest_main.cc
Running main() from D:\github\ink\src\third_party\googletest\googletest\src\gtest_main.cc
Running main() from D:\github\ink\src\third_party\googletest\googletest\src\gtest_main.cc
Running main() from D:\github\ink\src\third_party\googletest\googletest\src\gtest_main.cc
Running main() from D:\github\ink\src\third_party\googletest\googletest\src\gtest_main.cc
Running main() from D:\github\ink\src\third_party\googletest\googletest\src\gtest_main.cc
Running main() from D:\github\ink\src\third_party\googletest\googletest\src\gtest_main.cc
Running main() from D:\github\ink\src\third_party\googletest\googletest\src\gtest_main.cc
Running main() from D:\github\ink\src\third_party\googletest\googletest\src\gtest_main.cc
Running main() from D:\github\ink\src\third_party\googletest\googletest\src\gtest_main.cc
Running main() from D:\github\ink\src\third_party\googletest\googletest\src\gtest_main.cc
Running main() from D:\github\ink\src\third_party\googletest\googletest\src\gtest_main.cc
Running main() from D:\github\ink\src\third_party\googletest\googletest\src\gtest_main.cc
Running main() from D:\github\ink\src\third_party\googletest\googletest\src\gtest_main.cc
Running main() from D:\github\ink\src\third_party\googletest\googletest\src\gtest_main.cc
Running main() from D:\github\ink\src\third_party\googletest\googletest\src\gtest_main.cc
Running main() from D:\github\ink\src\third_party\googletest\googletest\src\gtest_main.cc
Running main() from D:\github\ink\src\third_party\googletest\googletest\src\gtest_main.cc
Running main() from D:\github\ink\src\third_party\googletest\googletest\src\gtest_main.cc
Running main() from D:\github\ink\src\third_party\googletest\googletest\src\gtest_main.cc
Running main() from D:\github\ink\src\third_party\googletest\googletest\src\gtest_main.cc
Running main() from D:\github\ink\src\third_party\googletest\googletest\src\gtest_main.cc
Running main() from D:\github\ink\src\third_party\googletest\googletest\src\gtest_main.cc
Running main() from D:\github\ink\src\third_party\googletest\googletest\src\gtest_main.cc
Running main() from D:\github\ink\src\third_party\googletest\googletest\src\gtest_main.cc
Running main() from D:\github\ink\src\third_party\googletest\googletest\src\gtest_main.cc
Running main() from D:\github\ink\src\third_party\googletest\googletest\src\gtest_main.cc
Running main() from D:\github\ink\src\third_party\googletest\googletest\src\gtest_main.cc
Running main() from D:\github\ink\src\third_party\googletest\googletest\src\gtest_main.cc
Running main() from D:\github\ink\src\third_party\googletest\googletest\src\gtest_main.cc
Running main() from D:\github\ink\src\third_party\googletest\googletest\src\gtest_main.cc
Running main() from D:\github\ink\src\third_party\googletest\googletest\src\gtest_main.cc
Running main() from D:\github\ink\src\third_party\googletest\googletest\src\gtest_main.cc
Running main() from D:\github\ink\src\third_party\googletest\googletest\src\gtest_main.cc
Running main() from D:\github\ink\src\third_party\googletest\googletest\src\gtest_main.cc
Running main() from D:\github\ink\src\third_party\googletest\googletest\src\gtest_main.cc
Running main() from D:\github\ink\src\third_party\googletest\googletest\src\gtest_main.cc
Running main() from D:\github\ink\src\third_party\googletest\googletest\src\gtest_main.cc
Running main() from D:\github\ink\src\third_party\googletest\googletest\src\gtest_main.cc
Running main() from D:\github\ink\src\third_party\googletest\googletest\src\gtest_main.cc
Running main() from D:\github\ink\src\third_party\googletest\googletest\src\gtest_main.cc
Running main() from D:\github\ink\src\third_party\googletest\googletest\src\gtest_main.cc
Running main() from D:\github\ink\src\third_party\googletest\googletest\src\gtest_main.cc
Running main() from D:\github\ink\src\third_party\googletest\googletest\src\gtest_main.cc
Running main() from D:\github\ink\src\third_party\googletest\googletest\src\gtest_main.cc
Running main() from D:\github\ink\src\third_party\googletest\googletest\src\gtest_main.cc
Running main() from D:\github\ink\src\third_party\googletest\googletest\src\gtest_main.cc
Running main() from D:\github\ink\src\third_party\googletest\googletest\src\gtest_main.cc
Running main() from D:\github\ink\src\third_party\googletest\googletest\src\gtest_main.cc
Running main() from D:\github\ink\src\third_party\googletest\googletest\src\gtest_main.cc
Running main() from D:\github\ink\src\third_party\googletest\googletest\src\gtest_main.cc
Running main() from D:\github\ink\src\third_party\googletest\googletest\src\gtest_main.cc
Running main() from D:\github\ink\src\third_party\googletest\googletest\src\gtest_main.cc
Running main() from D:\github\ink\src\third_party\googletest\googletest\src\gtest_main.cc
Running main() from D:\github\ink\src\third_party\googletest\googletest\src\gtest_main.cc
Running main() from D:\github\ink\src\third_party\googletest\googletest\src\gtest_main.cc
Running main() from D:\github\ink\src\third_party\googletest\googletest\src\gtest_main.cc
Running main() from D:\github\ink\src\third_party\googletest\googletest\src\gtest_main.cc
Running main() from D:\github\ink\src\third_party\googletest\googletest\src\gtest_main.cc
Running main() from D:\github\ink\src\third_party\googletest\googletest\src\gtest_main.cc
Running main() from D:\github\ink\src\third_party\googletest\googletest\src\gtest_main.cc
Running main() from D:\github\ink\src\third_party\googletest\googletest\src\gtest_main.cc
Running main() from D:\github\ink\src\third_party\googletest\googletest\src\gtest_main.cc
Running main() from D:\github\ink\src\third_party\googletest\googletest\src\gtest_main.cc
Running main() from D:\github\ink\src\third_party\googletest\googletest\src\gtest_main.cc
Running main() from D:\github\ink\src\third_party\googletest\googletest\src\gtest_main.cc
Running main() from D:\github\ink\src\third_party\googletest\googletest\src\gtest_main.cc
Running main() from D:\github\ink\src\third_party\googletest\googletest\src\gtest_main.cc
Running main() from D:\github\ink\src\third_party\googletest\googletest\src\gtest_main.cc
Running main() from D:\github\ink\src\third_party\googletest\googletest\src\gtest_main.cc
Running main() from D:\github\ink\src\third_party\googletest\googletest\src\gtest_main.cc
Running main() from D:\github\ink\src\third_party\googletest\googletest\src\gtest_main.cc
Running main() from D:\github\ink\src\third_party\googletest\googletest\src\gtest_main.cc
Running main() from D:\github\ink\src\third_party\googletest\googletest\src\gtest_main.cc
Running main() from D:\github\ink\src\third_party\googletest\googletest\src\gtest_main.cc
Running main() from D:\github\ink\src\third_party\googletest\googletest\src\gtest_main.cc
Running main() from D:\github\ink\src\third_party\googletest\googletest\src\gtest_main.cc
Running main() from D:\github\ink\src\third_party\googletest\googletest\src\gtest_main.cc
Running main() from D:\github\ink\src\third_party\googletest\googletest\src\gtest_main.cc
Running main() from D:\github\ink\src\third_party\googletest\googletest\src\gtest_main.cc
Running main() from D:\github\ink\src\third_party\googletest\googletest\src\gtest_main.cc
Running main() from D:\github\ink\src\third_party\googletest\googletest\src\gtest_main.cc
Running main() from D:\github\ink\src\third_party\googletest\googletest\src\gtest_main.cc
Running main() from D:\github\ink\src\third_party\googletest\googletest\src\gtest_main.cc
Running main() from D:\github\ink\src\third_party\googletest\googletest\src\gtest_main.cc
Running main() from D:\github\ink\src\third_party\googletest\googletest\src\gtest_main.cc
Running main() from D:\github\ink\src\third_party\googletest\googletest\src\gtest_main.cc
Running main() from D:\github\ink\src\third_party\googletest\googletest\src\gtest_main.cc
Running main() from D:\github\ink\src\third_party\googletest\googletest\src\gtest_main.cc
Running main() from D:\github\ink\src\third_party\googletest\googletest\src\gtest_main.cc
Running main() from D:\github\ink\src\third_party\googletest\googletest\src\gtest_main.cc
Running main() from D:\github\ink\src\third_party\googletest\googletest\src\gtest_main.cc
Running main() from D:\github\ink\src\third_party\googletest\googletest\src\gtest_main.cc
Running main() from D:\github\ink\src\third_party\googletest\googletest\src\gtest_main.cc
Running main() from D:\github\ink\src\third_party\googletest\googletest\src\gtest_main.cc
Running main() from D:\github\ink\src\third_party\googletest\googletest\src\gtest_main.cc
Running main() from D:\github\ink\src\third_party\googletest\googletest\src\gtest_main.cc
Running main() from D:\github\ink\src\third_party\googletest\googletest\src\gtest_main.cc
Running main() from D:\github\ink\src\third_party\googletest\googletest\src\gtest_main.cc
Running main() from D:\github\ink\src\third_party\googletest\googletest\src\gtest_main.cc
Running main() from D:\github\ink\src\third_party\googletest\googletest\src\gtest_main.cc
Running main() from D:\github\ink\src\third_party\googletest\googletest\src\gtest_main.cc
Running main() from D:\github\ink\src\third_party\googletest\googletest\src\gtest_main.cc
Running main() from D:\github\ink\src\third_party\googletest\googletest\src\gtest_main.cc
Running main() from D:\github\ink\src\third_party\googletest\googletest\src\gtest_main.cc
Running main() from D:\github\ink\src\third_party\googletest\googletest\src\gtest_main.cc
Running main() from D:\github\ink\src\third_party\googletest\googletest\src\gtest_main.cc
Running main() from D:\github\ink\src\third_party\googletest\googletest\src\gtest_main.cc
Running main() from D:\github\ink\src\third_party\googletest\googletest\src\gtest_main.cc
Running main() from D:\github\ink\src\third_party\googletest\googletest\src\gtest_main.cc
Running main() from D:\github\ink\src\third_party\googletest\googletest\src\gtest_main.cc
Running main() from D:\github\ink\src\third_party\googletest\googletest\src\gtest_main.cc
Running main() from D:\github\ink\src\third_party\googletest\googletest\src\gtest_main.cc
Running main() from D:\github\ink\src\third_party\googletest\googletest\src\gtest_main.cc
Running main() from D:\github\ink\src\third_party\googletest\googletest\src\gtest_main.cc
Running main() from D:\github\ink\src\third_party\googletest\googletest\src\gtest_main.cc
Running main() from D:\github\ink\src\third_party\googletest\googletest\src\gtest_main.cc
Running main() from D:\github\ink\src\third_party\googletest\googletest\src\gtest_main.cc
Running main() from D:\github\ink\src\third_party\googletest\googletest\src\gtest_main.cc
Running main() from D:\github\ink\src\third_party\googletest\googletest\src\gtest_main.cc
Running main() from D:\github\ink\src\third_party\googletest\googletest\src\gtest_main.cc
Running main() from D:\github\ink\src\third_party\googletest\googletest\src\gtest_main.cc
Running main() from D:\github\ink\src\third_party\googletest\googletest\src\gtest_main.cc
Running main() from D:\github\ink\src\third_party\googletest\googletest\src\gtest_main.cc
Running main() from D:\github\ink\src\third_party\googletest\googletest\src\gtest_main.cc
Running main() from D:\github\ink\src\third_party\googletest\googletest\src\gtest_main.cc
Running main() from D:\github\ink\src\third_party\googletest\googletest\src\gtest_main.cc
Running main() from D:\github\ink\src\third_party\googletest\googletest\src\gtest_main.cc
Running main() from D:\github\ink\src\third_party\googletest\googletest\src\gtest_main.cc
Running main() from D:\github\ink\src\third_party\googletest\googletest\src\gtest_main.cc
Running main() from D:\github\ink\src\third_party\googletest\googletest\src\gtest_main.cc
Running main() from D:\github\ink\src\third_party\googletest\googletest\src\gtest_main.cc
Running main() from D:\github\ink\src\third_party\googletest\googletest\src\gtest_main.cc
Running main() from D:\github\ink\src\third_party\googletest\googletest\src\gtest_main.cc
Running main() from D:\github\ink\src\third_party\googletest\googletest\src\gtest_main.cc
Running main() from D:\github\ink\src\third_party\googletest\googletest\src\gtest_main.cc
Running main() from D:\github\ink\src\third_party\googletest\googletest\src\gtest_main.cc
Running main() from D:\github\ink\src\third_party\googletest\googletest\src\gtest_main.cc
Running main() from D:\github\ink\src\third_party\googletest\googletest\src\gtest_main.cc
Running main() from D:\github\ink\src\third_party\googletest\googletest\src\gtest_main.cc
Running main() from D:\github\ink\src\third_party\googletest\googletest\src\gtest_main.cc
Running main() from D:\github\ink\src\third_party\googletest\googletest\src\gtest_main.cc
Running main() from D:\github\ink\src\third_party\googletest\googletest\src\gtest_main.cc
Running main() from D:\github\ink\src\third_party\googletest\googletest\src\gtest_main.cc
Running main() from D:\github\ink\src\third_party\googletest\googletest\src\gtest_main.cc
Running main() from D:\github\ink\src\third_party\googletest\googletest\src\gtest_main.cc
Running main() from D:\github\ink\src\third_party\googletest\googletest\src\gtest_main.cc
Running main() from D:\github\ink\src\third_party\googletest\googletest\src\gtest_main.cc
Running main() from D:\github\ink\src\third_party\googletest\googletest\src\gtest_main.cc
Running main() from D:\github\ink\src\third_party\googletest\googletest\src\gtest_main.cc
Running main() from D:\github\ink\src\third_party\googletest\googletest\src\gtest_main.cc
Running main() from D:\github\ink\src\third_party\googletest\googletest\src\gtest_main.cc
Running main() from D:\github\ink\src\third_party\googletest\googletest\src\gtest_main.cc
Running main() from D:\github\ink\src\third_party\googletest\googletest\src\gtest_main.cc
Running main() from D:\github\ink\src\third_party\googletest\googletest\src\gtest_main.cc
Running main() from D:\github\ink\src\third_party\googletest\googletest\src\gtest_main.cc
Running main() from D:\github\ink\src\third_party\googletest\googletest\src\gtest_main.cc
Running main() from D:\github\ink\src\third_party\googletest\googletest\src\gtest_main.cc
Running main() from D:\github\ink\src\third_party\googletest\googletest\src\gtest_main.cc
Running main() from D:\github\ink\src\third_party\googletest\googletest\src\gtest_main.cc
Running main() from D:\github\ink\src\third_party\googletest\googletest\src\gtest_main.cc
Running main() from D:\github\ink\src\third_party\googletest\googletest\src\gtest_main.cc
Running main() from D:\github\ink\src\third_party\googletest\googletest\src\gtest_main.cc
Running main() from D:\github\ink\src\third_party\googletest\googletest\src\gtest_main.cc
Running main() from D:\github\ink\src\third_party\googletest\googletest\src\gtest_main.cc
Running main() from D:\github\ink\src\third_party\googletest\googletest\src\gtest_main.cc
Running main() from D:\github\ink\src\third_party\googletest\googletest\src\gtest_main.cc
Running main() from D:\github\ink\src\third_party\googletest\googletest\src\gtest_main.cc
Running main() from D:\github\ink\src\third_party\googletest\googletest\src\gtest_main.cc
Running main() from D:\github\ink\src\third_party\googletest\googletest\src\gtest_main.cc
Running main() from D:\github\ink\src\third_party\googletest\googletest\src\gtest_main.cc
Running main() from D:\github\ink\src\third_party\googletest\googletest\src\gtest_main.cc
Running main() from D:\github\ink\src\third_party\googletest\googletest\src\gtest_main.cc
Running main() from D:\github\ink\src\third_party\googletest\googletest\src\gtest_main.cc
Running main() from D:\github\ink\src\third_party\googletest\googletest\src\gtest_main.cc
Running main() from D:\github\ink\src\third_party\googletest\googletest\src\gtest_main.cc
Running main() from D:\github\ink\src\third_party\googletest\googletest\src\gtest_main.cc
Running main() from D:\github\ink\src\third_party\googletest\googletest\src\gtest_main.cc
Running main() from D:\github\ink\src\third_party\googletest\googletest\src\gtest_main.cc
Running main() from D:\github\ink\src\third_party\googletest\googletest\src\gtest_main.cc
Running main() from D:\github\ink\src\third_party\googletest\googletest\src\gtest_main.cc
Running main() from D:\github\ink\src\third_party\googletest\googletest\src\gtest_main.cc
Running main() from D:\github\ink\src\third_party\googletest\googletest\src\gtest_main.cc
Running main() from D:\github\ink\src\third_party\googletest\googletest\src\gtest_main.cc
Running main() from D:\github\ink\src\third_party\googletest\googletest\src\gtest_main.cc
Running main() from D:\github\ink\src\third_party\googletest\googletest\src\gtest_main.cc
Running main() from D:\github\ink\src\third_party\googletest\googletest\src\gtest_main.cc
Running main() from D:\github\ink\src\third_party\googletest\googletest\src\gtest_main.cc
Running main() from D:\github\ink\src\third_party\googletest\googletest\src\gtest_main.cc
Running main() from D:\github\ink\src\third_party\googletest\googletest\src\gtest_main.cc
Running main() from D:\github\ink\src\third_party\googletest\googletest\src\gtest_main.cc
Running main() from D:\github\ink\src\third_party\googletest\googletest\src\gtest_main.cc
Running main() from D:\github\ink\src\third_party\googletest\googletest\src\gtest_main.cc
Running main() from D:\github\ink\src\third_party\googletest\googletest\src\gtest_main.cc
Running main() from D:\github\ink\src\third_party\googletest\googletest\src\gtest_main.cc
Running main() from D:\github\ink\src\third_party\googletest\googletest\src\gtest_main.cc
Running main() from D:\github\ink\src\third_party\googletest\googletest\src\gtest_main.cc
Running main() from D:\github\ink\src\third_party\googletest\googletest\src\gtest_main.cc
Running main() from D:\github\ink\src\third_party\googletest\googletest\src\gtest_main.cc
Running main() from D:\github\ink\src\third_party\googletest\googletest\src\gtest_main.cc
Running main() from D:\github\ink\src\third_party\googletest\googletest\src\gtest_main.cc
Running main() from D:\github\ink\src\third_party\googletest\googletest\src\gtest_main.cc
Running main() from D:\github\ink\src\third_party\googletest\googletest\src\gtest_main.cc
Running main() from D:\github\ink\src\third_party\googletest\googletest\src\gtest_main.cc
Running main() from D:\github\ink\src\third_party\googletest\googletest\src\gtest_main.cc
Running main() from D:\github\ink\src\third_party\googletest\googletest\src\gtest_main.cc
Running main() from D:\github\ink\src\third_party\googletest\googletest\src\gtest_main.cc
Running main() from D:\github\ink\src\third_party\googletest\googletest\src\gtest_main.cc
Running main() from D:\github\ink\src\third_party\googletest\googletest\src\gtest_main.cc
Running main() from D:\github\ink\src\third_party\googletest\googletest\src\gtest_main.cc
Running main() from D:\github\ink\src\third_party\googletest\googletest\src\gtest_main.cc
Running main() from D:\github\ink\src\third_party\googletest\googletest\src\gtest_main.cc
Running main() from D:\github\ink\src\third_party\googletest\googletest\src\gtest_main.cc
Running main() from D:\github\ink\src\third_party\googletest\googletest\src\gtest_main.cc
Running main() from D:\github\ink\src\third_party\googletest\googletest\src\gtest_main.cc
Running main() from D:\github\ink\src\third_party\googletest\googletest\src\gtest_main.cc
Running main() from D:\github\ink\src\third_party\googletest\googletest\src\gtest_main.cc
Running main() from D:\github\ink\src\third_party\googletest\googletest\src\gtest_main.cc
Running main() from D:\github\ink\src\third_party\googletest\googletest\src\gtest_main.cc
Running main() from D:\github\ink\src\third_party\googletest\googletest\src\gtest_main.cc
Running main() from D:\github\ink\src\third_party\googletest\googletest\src\gtest_main.cc
Running main() from D:\github\ink\src\third_party\googletest\googletest\src\gtest_main.cc
Running main() from D:\github\ink\src\third_party\googletest\googletest\src\gtest_main.cc
Running main() from D:\github\ink\src\third_party\googletest\googletest\src\gtest_main.cc
Running main() from D:\github\ink\src\third_party\googletest\googletest\src\gtest_main.cc
Running main() from D:\github\ink\src\third_party\googletest\googletest\src\gtest_main.cc
Running main() from D:\github\ink\src\third_party\googletest\googletest\src\gtest_main.cc
Running main() from D:\github\ink\src\third_party\googletest\googletest\src\gtest_main.cc
Running main() from D:\github\ink\src\third_party\googletest\googletest\src\gtest_main.cc
Running main() from D:\github\ink\src\third_party\googletest\googletest\src\gtest_main.cc
Running main() from D:\github\ink\src\third_party\googletest\googletest\src\gtest_main.cc
Running main() from D:\github\ink\src\third_party\googletest\googletest\src\gtest_main.cc
Running main() from D:\github\ink\src\third_party\googletest\googletest\src\gtest_main.cc
Running main() from D:\github\ink\src\third_party\googletest\googletest\src\gtest_main.cc
Running main() from D:\github\ink\src\third_party\googletest\googletest\src\gtest_main.cc
Running main() from D:\github\ink\src\third_party\googletest\googletest\src\gtest_main.cc
Running main() from D:\github\ink\src\third_party\googletest\googletest\src\gtest_main.cc
Running main() from D:\github\ink\src\third_party\googletest\googletest\src\gtest_main.cc
Running main() from D:\github\ink\src\third_party\googletest\googletest\src\gtest_main.cc
Running main() from D:\github\ink\src\third_party\googletest\googletest\src\gtest_main.cc
Running main() from D:\github\ink\src\third_party\googletest\googletest\src\gtest_main.cc
Running main() from D:\github\ink\src\third_party\googletest\googletest\src\gtest_main.cc
Running main() from D:\github\ink\src\third_party\googletest\googletest\src\gtest_main.cc
Running main() from D:\github\ink\src\third_party\googletest\googletest\src\gtest_main.cc
Running main() from D:\github\ink\src\third_party\googletest\googletest\src\gtest_main.cc
Running main() from D:\github\ink\src\third_party\googletest\googletest\src\gtest_main.cc
Running main() from D:\github\ink\src\third_party\googletest\googletest\src\gtest_main.cc
Running main() from D:\github\ink\src\third_party\googletest\googletest\src\gtest_main.cc
Running main() from D:\github\ink\src\third_party\googletest\googletest\src\gtest_main.cc
Running main() from D:\github\ink\src\third_party\googletest\googletest\src\gtest_main.cc
Running main() from D:\github\ink\src\third_party\googletest\googletest\src\gtest_main.cc
Running main() from D:\github\ink\src\third_party\googletest\googletest\src\gtest_main.cc
Running main() from D:\github\ink\src\third_party\googletest\googletest\src\gtest_main.cc
Running main() from D:\github\ink\src\third_party\googletest\googletest\src\gtest_main.cc
Running main() from D:\github\ink\src\third_party\googletest\googletest\src\gtest_main.cc
Running main() from D:\github\ink\src\third_party\googletest\googletest\src\gtest_main.cc
Running main() from D:\github\ink\src\third_party\googletest\googletest\src\gtest_main.cc
Running main() from D:\github\ink\src\third_party\googletest\googletest\src\gtest_main.cc
Running main() from D:\github\ink\src\third_party\googletest\googletest\src\gtest_main.cc
Running main() from D:\github\ink\src\third_party\googletest\googletest\src\gtest_main.cc
Running main() from D:\github\ink\src\third_party\googletest\googletest\src\gtest_main.cc
Running main() from D:\github\ink\src\third_party\googletest\googletest\src\gtest_main.cc
Running main() from D:\github\ink\src\third_party\googletest\googletest\src\gtest_main.cc
Running main() from D:\github\ink\src\third_party\googletest\googletest\src\gtest_main.cc
Running main() from D:\github\ink\src\third_party\googletest\googletest\src\gtest_main.cc
Running main() from D:\github\ink\src\third_party\googletest\googletest\src\gtest_main.cc
Running main() from D:\github\ink\src\third_party\googletest\googletest\src\gtest_main.cc
Running main() from D:\github\ink\src\third_party\googletest\googletest\src\gtest_main.cc
Running main() from D:\github\ink\src\third_party\googletest\googletest\src\gtest_main.cc
Running main() from D:\github\ink\src\third_party\googletest\googletest\src\gtest_main.cc
Running main() from D:\github\ink\src\third_party\googletest\googletest\src\gtest_main.cc
Running main() from D:\github\ink\src\third_party\googletest\googletest\src\gtest_main.cc
Running main() from D:\github\ink\src\third_party\googletest\googletest\src\gtest_main.cc
Running main() from D:\github\ink\src\third_party\googletest\googletest\src\gtest_main.cc
Running main() from D:\github\ink\src\third_party\googletest\googletest\src\gtest_main.cc
Running main() from D:\github\ink\src\third_party\googletest\googletest\src\gtest_main.cc
Running main() from D:\github\ink\src\third_party\googletest\googletest\src\gtest_main.cc
Running main() from D:\github\ink\src\third_party\googletest\googletest\src\gtest_main.cc
Running main() from D:\github\ink\src\third_party\googletest\googletest\src\gtest_main.cc
Running main() from D:\github\ink\src\third_party\googletest\googletest\src\gtest_main.cc
Running main() from D:\github\ink\src\third_party\googletest\googletest\src\gtest_main.cc
Running main() from D:\github\ink\src\third_party\googletest\googletest\src\gtest_main.cc
Running main() from D:\github\ink\src\third_party\googletest\googletest\src\gtest_main.cc
Running main() from D:\github\ink\src\third_party\googletest\googletest\src\gtest_main.cc
Running main() from D:\github\ink\src\third_party\googletest\googletest\src\gtest_main.cc
Running main() from D:\github\ink\src\third_party\googletest\googletest\src\gtest_main.cc
Running main() from D:\github\ink\src\third_party\googletest\googletest\src\gtest_main.cc
Running main() from D:\github\ink\src\third_party\googletest\googletest\src\gtest_main.cc
Running main() from D:\github\ink\src\third_party\googletest\googletest\src\gtest_main.cc
Running main() from D:\github\ink\src\third_party\googletest\googletest\src\gtest_main.cc
Running main() from D:\github\ink\src\third_party\googletest\googletest\src\gtest_main.cc
Running main() from D:\github\ink\src\third_party\googletest\googletest\src\gtest_main.cc
Running main() from D:\github\ink\src\third_party\googletest\googletest\src\gtest_main.cc
Running main() from D:\github\ink\src\third_party\googletest\googletest\src\gtest_main.cc
Running main() from D:\github\ink\src\third_party\googletest\googletest\src\gtest_main.cc
Running main() from D:\github\ink\src\third_party\googletest\googletest\src\gtest_main.cc
Running main() from D:\github\ink\src\third_party\googletest\googletest\src\gtest_main.cc
Running main() from D:\github\ink\src\third_party\googletest\googletest\src\gtest_main.cc
Running main() from D:\github\ink\src\third_party\googletest\googletest\src\gtest_main.cc
Running main() from D:\github\ink\src\third_party\googletest\googletest\src\gtest_main.cc
Running main() from D:\github\ink\src\third_party\googletest\googletest\src\gtest_main.cc
Running main() from D:\github\ink\src\third_party\googletest\googletest\src\gtest_main.cc
Running main() from D:\github\ink\src\third_party\googletest\googletest\src\gtest_main.cc
Running main() from D:\github\ink\src\third_party\googletest\googletest\src\gtest_main.cc
Running main() from D:\github\ink\src\third_party\googletest\googletest\src\gtest_main.cc
Running main() from D:\github\ink\src\third_party\googletest\googletest\src\gtest_main.cc
Running main() from D:\github\ink\src\third_party\googletest\googletest\src\gtest_main.cc
Running main() from D:\github\ink\src\third_party\googletest\googletest\src\gtest_main.cc
Running main() from D:\github\ink\src\third_party\googletest\googletest\src\gtest_main.cc
Running main() from D:\github\ink\src\third_party\googletest\googletest\src\gtest_main.cc
Running main() from D:\github\ink\src\third_party\googletest\googletest\src\gtest_main.cc
Running main() from D:\github\ink\src\third_party\googletest\googletest\src\gtest_main.cc
Running main() from D:\github\ink\src\third_party\googletest\googletest\src\gtest_main.cc
Running main() from D:\github\ink\src\third_party\googletest\googletest\src\gtest_main.cc
Running main() from D:\github\ink\src\third_party\googletest\googletest\src\gtest_main.cc
Running main() from D:\github\ink\src\third_party\googletest\googletest\src\gtest_main.cc
Running main() from D:\github\ink\src\third_party\googletest\googletest\src\gtest_main.cc
Running main() from D:\github\ink\src\third_party\googletest\googletest\src\gtest_main.cc
Running main() from D:\github\ink\src\third_party\googletest\googletest\src\gtest_main.cc
Running main() from D:\github\ink\src\third_party\googletest\googletest\src\gtest_main.cc
Running main() from D:\github\ink\src\third_party\googletest\googletest\src\gtest_main.cc
Running main() from D:\github\ink\src\third_party\googletest\googletest\src\gtest_main.cc
Running main() from D:\github\ink\src\third_party\googletest\googletest\src\gtest_main.cc
Running main() from D:\github\ink\src\third_party\googletest\googletest\src\gtest_main.cc
Running main() from D:\github\ink\src\third_party\googletest\googletest\src\gtest_main.cc
Running main() from D:\github\ink\src\third_party\googletest\googletest\src\gtest_main.cc
Running main() from D:\github\ink\src\third_party\googletest\googletest\src\gtest_main.cc
Running main() from D:\github\ink\src\third_party\googletest\googletest\src\gtest_main.cc
Running main() from D:\github\ink\src\third_party\googletest\googletest\src\gtest_main.cc
Running main() from D:\github\ink\src\third_party\googletest\googletest\src\gtest_main.cc
Running main() from D:\github\ink\src\third_party\googletest\googletest\src\gtest_main.cc
Running main() from D:\github\ink\src\third_party\googletest\googletest\src\gtest_main.cc
Running main() from D:\github\ink\src\third_party\googletest\googletest\src\gtest_main.cc
Running main() from D:\github\ink\src\third_party\googletest\googletest\src\gtest_main.cc
Running main() from D:\github\ink\src\third_party\googletest\googletest\src\gtest_main.cc
Running main() from D:\github\ink\src\third_party\googletest\googletest\src\gtest_main.cc
Running main() from D:\github\ink\src\third_party\googletest\googletest\src\gtest_main.cc
Running main() from D:\github\ink\src\third_party\googletest\googletest\src\gtest_main.cc
Running main() from D:\github\ink\src\third_party\googletest\googletest\src\gtest_main.cc
Running main() from D:\github\ink\src\third_party\googletest\googletest\src\gtest_main.cc
Running main() from D:\github\ink\src\third_party\googletest\googletest\src\gtest_main.cc
Running main() from D:\github\ink\src\third_party\googletest\googletest\src\gtest_main.cc
Running main() from D:\github\ink\src\third_party\googletest\googletest\src\gtest_main.cc
Running main() from D:\github\ink\src\third_party\googletest\googletest\src\gtest_main.cc
Running main() from D:\github\ink\src\third_party\googletest\googletest\src\gtest_main.cc
Running main() from D:\github\ink\src\third_party\googletest\googletest\src\gtest_main.cc
Running main() from D:\github\ink\src\third_party\googletest\googletest\src\gtest_main.cc
Running main() from D:\github\ink\src\third_party\googletest\googletest\src\gtest_main.cc
Running main() from D:\github\ink\src\third_party\googletest\googletest\src\gtest_main.cc
Running main() from D:\github\ink\src\third_party\googletest\googletest\src\gtest_main.cc
Running main() from D:\github\ink\src\third_party\googletest\googletest\src\gtest_main.cc
Running main() from D:\github\ink\src\third_party\googletest\googletest\src\gtest_main.cc
Running main() from D:\github\ink\src\third_party\googletest\googletest\src\gtest_main.cc
Running main() from D:\github\ink\src\third_party\googletest\googletest\src\gtest_main.cc
Running main() from D:\github\ink\src\third_party\googletest\googletest\src\gtest_main.cc
Running main() from D:\github\ink\src\third_party\googletest\googletest\src\gtest_main.cc
Running main() from D:\github\ink\src\third_party\googletest\googletest\src\gtest_main.cc
Running main() from D:\github\ink\src\third_party\googletest\googletest\src\gtest_main.cc
Running main() from D:\github\ink\src\third_party\googletest\googletest\src\gtest_main.cc
Running main() from D:\github\ink\src\third_party\googletest\googletest\src\gtest_main.cc
Running main() from D:\github\ink\src\third_party\googletest\googletest\src\gtest_main.cc
Running main() from D:\github\ink\src\third_party\googletest\googletest\src\gtest_main.cc
Running main() from D:\github\ink\src\third_party\googletest\googletest\src\gtest_main.cc
Running main() from D:\github\ink\src\third_party\googletest\googletest\src\gtest_main.cc
Running main() from D:\github\ink\src\third_party\googletest\googletest\src\gtest_main.cc
Running main() from D:\github\ink\src\third_party\googletest\googletest\src\gtest_main.cc
Running main() from D:\github\ink\src\third_party\googletest\googletest\src\gtest_main.cc
Running main() from D:\github\ink\src\third_party\googletest\googletest\src\gtest_main.cc
Running main() from D:\github\ink\src\third_party\googletest\googletest\src\gtest_main.cc
Running main() from D:\github\ink\src\third_party\googletest\googletest\src\gtest_main.cc
Running main() from D:\github\ink\src\third_party\googletest\googletest\src\gtest_main.cc
Running main() from D:\github\ink\src\third_party\googletest\googletest\src\gtest_main.cc
Running main() from D:\github\ink\src\third_party\googletest\googletest\src\gtest_main.cc
Running main() from D:\github\ink\src\third_party\googletest\googletest\src\gtest_main.cc
Running main() from D:\github\ink\src\third_party\googletest\googletest\src\gtest_main.cc
Running main() from D:\github\ink\src\third_party\googletest\googletest\src\gtest_main.cc
Running main() from D:\github\ink\src\third_party\googletest\googletest\src\gtest_main.cc
Running main() from D:\github\ink\src\third_party\googletest\googletest\src\gtest_main.cc
Running main() from D:\github\ink\src\third_party\googletest\googletest\src\gtest_main.cc
Running main() from D:\github\ink\src\third_party\googletest\googletest\src\gtest_main.cc
Running main() from D:\github\ink\src\third_party\googletest\googletest\src\gtest_main.cc
Running main() from D:\github\ink\src\third_party\googletest\googletest\src\gtest_main.cc
Running main() from D:\github\ink\src\third_party\googletest\googletest\src\gtest_main.cc
Running main() from D:\github\ink\src\third_party\googletest\googletest\src\gtest_main.cc
Running main() from D:\github\ink\src\third_party\googletest\googletest\src\gtest_main.cc
Running main() from D:\github\ink\src\third_party\googletest\googletest\src\gtest_main.cc
Running main() from D:\github\ink\src\third_party\googletest\googletest\src\gtest_main.cc
Running main() from D:\github\ink\src\third_party\googletest\googletest\src\gtest_main.cc
Running main() from D:\github\ink\src\third_party\googletest\googletest\src\gtest_main.cc
Running main() from D:\github\ink\src\third_party\googletest\googletest\src\gtest_main.cc
Running main() from D:\github\ink\src\third_party\googletest\googletest\src\gtest_main.cc
Running main() from D:\github\ink\src\third_party\googletest\googletest\src\gtest_main.cc
Running main() from D:\github\ink\src\third_party\googletest\googletest\src\gtest_main.cc
Running main() from D:\github\ink\src\third_party\googletest\googletest\src\gtest_main.cc
Running main() from D:\github\ink\src\third_party\googletest\googletest\src\gtest_main.cc
Running main() from D:\github\ink\src\third_party\googletest\googletest\src\gtest_main.cc
Running main() from D:\github\ink\src\third_party\googletest\googletest\src\gtest_main.cc
Running main() from D:\github\ink\src\third_party\googletest\googletest\src\gtest_main.cc
Running main() from D:\github\ink\src\third_party\googletest\googletest\src\gtest_main.cc
Running main() from D:\github\ink\src\third_party\googletest\googletest\src\gtest_main.cc
Running main() from D:\github\ink\src\third_party\googletest\googletest\src\gtest_main.cc
Running main() from D:\github\ink\src\third_party\googletest\googletest\src\gtest_main.cc
Running main() from D:\github\ink\src\third_party\googletest\googletest\src\gtest_main.cc
Running main() from D:\github\ink\src\third_party\googletest\googletest\src\gtest_main.cc
Running main() from D:\github\ink\src\third_party\googletest\googletest\src\gtest_main.cc
Running main() from D:\github\ink\src\third_party\googletest\googletest\src\gtest_main.cc
Running main() from D:\github\ink\src\third_party\googletest\googletest\src\gtest_main.cc
Running main() from D:\github\ink\src\third_party\googletest\googletest\src\gtest_main.cc
Running main() from D:\github\ink\src\third_party\googletest\googletest\src\gtest_main.cc
Running main() from D:\github\ink\src\third_party\googletest\googletest\src\gtest_main.cc
Running main() from D:\github\ink\src\third_party\googletest\googletest\src\gtest_main.cc
Running main() from D:\github\ink\src\third_party\googletest\googletest\src\gtest_main.cc
Running main() from D:\github\ink\src\third_party\googletest\googletest\src\gtest_main.cc
Running main() from D:\github\ink\src\third_party\googletest\googletest\src\gtest_main.cc
Running main() from D:\github\ink\src\third_party\googletest\googletest\src\gtest_main.cc
Running main() from D:\github\ink\src\third_party\googletest\googletest\src\gtest_main.cc
Running main() from D:\github\ink\src\third_party\googletest\googletest\src\gtest_main.cc
Running main() from D:\github\ink\src\third_party\googletest\googletest\src\gtest_main.cc
Running main() from D:\github\ink\src\third_party\googletest\googletest\src\gtest_main.cc
Running main() from D:\github\ink\src\third_party\googletest\googletest\src\gtest_main.cc
Running main() from D:\github\ink\src\third_party\googletest\googletest\src\gtest_main.cc
Running main() from D:\github\ink\src\third_party\googletest\googletest\src\gtest_main.cc
Running main() from D:\github\ink\src\third_party\googletest\googletest\src\gtest_main.cc
Running main() from D:\github\ink\src\third_party\googletest\googletest\src\gtest_main.cc
Running main() from D:\github\ink\src\third_party\googletest\googletest\src\gtest_main.cc
Running main() from D:\github\ink\src\third_party\googletest\googletest\src\gtest_main.cc
Running main() from D:\github\ink\src\third_party\googletest\googletest\src\gtest_main.cc
Running main() from D:\github\ink\src\third_party\googletest\googletest\src\gtest_main.cc
Running main() from D:\github\ink\src\third_party\googletest\googletest\src\gtest_main.cc
Running main() from D:\github\ink\src\third_party\googletest\googletest\src\gtest_main.cc
Running main() from D:\github\ink\src\third_party\googletest\googletest\src\gtest_main.cc
Running main() from D:\github\ink\src\third_party\googletest\googletest\src\gtest_main.cc
Running main() from D:\github\ink\src\third_party\googletest\googletest\src\gtest_main.cc
Running main() from D:\github\ink\src\third_party\googletest\googletest\src\gtest_main.cc
Running main() from D:\github\ink\src\third_party\googletest\googletest\src\gtest_main.cc
Running main() from D:\github\ink\src\third_party\googletest\googletest\src\gtest_main.cc
Running main() from D:\github\ink\src\third_party\googletest\googletest\src\gtest_main.cc
Running main() from D:\github\ink\src\third_party\googletest\googletest\src\gtest_main.cc
Running main() from D:\github\ink\src\third_party\googletest\googletest\src\gtest_main.cc
Running main() from D:\github\ink\src\third_party\googletest\googletest\src\gtest_main.cc
Running main() from D:\github\ink\src\third_party\googletest\googletest\src\gtest_main.cc
Running main() from D:\github\ink\src\third_party\googletest\googletest\src\gtest_main.cc
Running main() from D:\github\ink\src\third_party\googletest\googletest\src\gtest_main.cc
Running main() from D:\github\ink\src\third_party\googletest\googletest\src\gtest_main.cc
Running main() from D:\github\ink\src\third_party\googletest\googletest\src\gtest_main.cc
Running main() from D:\github\ink\src\third_party\googletest\googletest\src\gtest_main.cc
Running main() from D:\github\ink\src\third_party\googletest\googletest\src\gtest_main.cc
Running main() from D:\github\ink\src\third_party\googletest\googletest\src\gtest_main.cc
Running main() from D:\github\ink\src\third_party\googletest\googletest\src\gtest_main.cc
Running main() from D:\github\ink\src\third_party\googletest\googletest\src\gtest_main.cc
Running main() from D:\github\ink\src\third_party\googletest\googletest\src\gtest_main.cc
Running main() from D:\github\ink\src\third_party\googletest\googletest\src\gtest_main.cc
Running main() from D:\github\ink\src\third_party\googletest\googletest\src\gtest_main.cc
Running main() from D:\github\ink\src\third_party\googletest\googletest\src\gtest_main.cc
Running main() from D:\github\ink\src\third_party\googletest\googletest\src\gtest_main.cc
Running main() from D:\github\ink\src\third_party\googletest\googletest\src\gtest_main.cc
Running main() from D:\github\ink\src\third_party\googletest\googletest\src\gtest_main.cc
Running main() from D:\github\ink\src\third_party\googletest\googletest\src\gtest_main.cc
Running main() from D:\github\ink\src\third_party\googletest\googletest\src\gtest_main.cc
[       OK ] ParserTest.ASTSerializationMutationCorpus (70287 ms)
[ RUN      ] ParserTest.ASTSerializationSuccessDoesNotReportICE
Running main() from D:\github\ink\src\third_party\googletest\googletest\src\gtest_main.cc
[       OK ] ParserTest.ASTSerializationSuccessDoesNotReportICE (26 ms)
[ RUN      ] ParserTest.ASTSerializationWriterFirstFailure
Running main() from D:\github\ink\src\third_party\googletest\googletest\src\gtest_main.cc
Running main() from D:\github\ink\src\third_party\googletest\googletest\src\gtest_main.cc
Running main() from D:\github\ink\src\third_party\googletest\googletest\src\gtest_main.cc
[       OK ] ParserTest.ASTSerializationWriterFirstFailure (84 ms)
[ RUN      ] ParserTest.ASTSerializationWriterInvalidAST
Running main() from D:\github\ink\src\third_party\googletest\googletest\src\gtest_main.cc
Running main() from D:\github\ink\src\third_party\googletest\googletest\src\gtest_main.cc
Running main() from D:\github\ink\src\third_party\googletest\googletest\src\gtest_main.cc
[       OK ] ParserTest.ASTSerializationWriterInvalidAST (87 ms)
[ RUN      ] ParserTest.ASTSerializationICEDiagnosticArguments
Running main() from D:\github\ink\src\third_party\googletest\googletest\src\gtest_main.cc
Running main() from D:\github\ink\src\third_party\googletest\googletest\src\gtest_main.cc
Running main() from D:\github\ink\src\third_party\googletest\googletest\src\gtest_main.cc
[       OK ] ParserTest.ASTSerializationICEDiagnosticArguments (92 ms)
[ RUN      ] ParserTest.ConfiguredWorkBudgetAndExplicitOverride
Running main() from D:\github\ink\src\third_party\googletest\googletest\src\gtest_main.cc
[       OK ] ParserTest.ConfiguredWorkBudgetAndExplicitOverride (31 ms)
[ RUN      ] ParserTest.ConfiguredDiagnosticBudgetAndExplicitOverride
[       OK ] ParserTest.ConfiguredDiagnosticBudgetAndExplicitOverride (0 ms)
[ RUN      ] ParserTest.ConfiguredArchiveBudgetAndExplicitOverride
Running main() from D:\github\ink\src\third_party\googletest\googletest\src\gtest_main.cc
[       OK ] ParserTest.ConfiguredArchiveBudgetAndExplicitOverride (63 ms)
[ RUN      ] ParserTest.DeclarationVisibilityModifiers
[       OK ] ParserTest.DeclarationVisibilityModifiers (0 ms)
[ RUN      ] ParserTest.VisibilityAttributesAndComptime
[       OK ] ParserTest.VisibilityAttributesAndComptime (0 ms)
[ RUN      ] ParserTest.RejectsDuplicateAndConflictingVisibility
[       OK ] ParserTest.RejectsDuplicateAndConflictingVisibility (0 ms)
[ RUN      ] ParserTest.VerifierRejectsInvalidDeclarationVisibility
[       OK ] ParserTest.VerifierRejectsInvalidDeclarationVisibility (0 ms)
[ RUN      ] ParserTest.TypeGrammar
[       OK ] ParserTest.TypeGrammar (0 ms)
[ RUN      ] ParserTest.FunctionDeclarations
[       OK ] ParserTest.FunctionDeclarations (0 ms)
[ RUN      ] ParserTest.NativeImportLinkageNames
[       OK ] ParserTest.NativeImportLinkageNames (0 ms)
[ RUN      ] ParserTest.NativeExportDefinitionsAndTraversal
[       OK ] ParserTest.NativeExportDefinitionsAndTraversal (0 ms)
[ RUN      ] ParserTest.NativeSymbolsAndModuleImports
[       OK ] ParserTest.NativeSymbolsAndModuleImports (0 ms)
[ RUN      ] ParserTest.RemovedExternSyntax
[       OK ] ParserTest.RemovedExternSyntax (0 ms)
[ RUN      ] ParserTest.NativeImportHeaderRecovery
[       OK ] ParserTest.NativeImportHeaderRecovery (0 ms)
[ RUN      ] ParserTest.NativeExportHeaderRecovery
[       OK ] ParserTest.NativeExportHeaderRecovery (0 ms)
[ RUN      ] ParserTest.LambdaAndFunctionTypeDisambiguation
[       OK ] ParserTest.LambdaAndFunctionTypeDisambiguation (0 ms)
[ RUN      ] ParserTest.VariableForms
[       OK ] ParserTest.VariableForms (0 ms)
[ RUN      ] ParserTest.ComptimeDeclarationFlags
[       OK ] ParserTest.ComptimeDeclarationFlags (0 ms)
[ RUN      ] ParserTest.FieldForms
[       OK ] ParserTest.FieldForms (0 ms)
[ RUN      ] ParserTest.AggregateDeclarations
[       OK ] ParserTest.AggregateDeclarations (0 ms)
[ RUN      ] ParserTest.AttributesAndArrays
[       OK ] ParserTest.AttributesAndArrays (0 ms)
[ RUN      ] ParserTest.AttributeRecoveryAndLongPrefix
[       OK ] ParserTest.AttributeRecoveryAndLongPrefix (0 ms)
[ RUN      ] ParserTest.DeclarationListRules
[       OK ] ParserTest.DeclarationListRules (0 ms)
[ RUN      ] ParserTest.PrecedenceAndLeftAssociation
[       OK ] ParserTest.PrecedenceAndLeftAssociation (0 ms)
[ RUN      ] ParserTest.EveryBinaryPrecedence
[       OK ] ParserTest.EveryBinaryPrecedence (0 ms)
[ RUN      ] ParserTest.RightAssociativeOperators
[       OK ] ParserTest.RightAssociativeOperators (0 ms)
[ RUN      ] ParserTest.ComptimeUnaryScope
[       OK ] ParserTest.ComptimeUnaryScope (0 ms)
[ RUN      ] ParserTest.RepeatedAndNestedComptimeExpressions
[       OK ] ParserTest.RepeatedAndNestedComptimeExpressions (0 ms)
[ RUN      ] ParserTest.AssignmentItems
[       OK ] ParserTest.AssignmentItems (0 ms)
[ RUN      ] ParserTest.ArgumentForms
[       OK ] ParserTest.ArgumentForms (0 ms)
[ RUN      ] ParserTest.PostfixChain
[       OK ] ParserTest.PostfixChain (0 ms)
[ RUN      ] ParserTest.TupleArrayForms
[       OK ] ParserTest.TupleArrayForms (0 ms)
[ RUN      ] ParserTest.OperatorCoverage
[       OK ] ParserTest.OperatorCoverage (0 ms)
[ RUN      ] ParserTest.RecoveryInsertionSites
[       OK ] ParserTest.RecoveryInsertionSites (0 ms)
[ RUN      ] ParserTest.RecoverySkippedRanges
[       OK ] ParserTest.RecoverySkippedRanges (0 ms)
[ RUN      ] ParserTest.RecoverySynchronizationBoundaries
[       OK ] ParserTest.RecoverySynchronizationBoundaries (0 ms)
[ RUN      ] ParserTest.RecoveryMissingAndErrorExpressions
[       OK ] ParserTest.RecoveryMissingAndErrorExpressions (0 ms)
[ RUN      ] ParserTest.RecoveryListElementPositions
[       OK ] ParserTest.RecoveryListElementPositions (0 ms)
[ RUN      ] ParserTest.RecoveryParameterLists
[       OK ] ParserTest.RecoveryParameterLists (0 ms)
[ RUN      ] ParserTest.RecoveryPatternPlaceholders
[       OK ] ParserTest.RecoveryPatternPlaceholders (0 ms)
[ RUN      ] ParserTest.RecoveryConditionalAndMatchBodies
[       OK ] ParserTest.RecoveryConditionalAndMatchBodies (0 ms)
[ RUN      ] ParserTest.RecoveryControlFlowOwnership
[       OK ] ParserTest.RecoveryControlFlowOwnership (0 ms)
[ RUN      ] ParserTest.RecoverySpeculationRollback
[       OK ] ParserTest.RecoverySpeculationRollback (0 ms)
[ RUN      ] ParserTest.RecoveryDeclarationFamilies
[       OK ] ParserTest.RecoveryDeclarationFamilies (0 ms)
[ RUN      ] ParserTest.RecoveryEndOfFileFamilies
[       OK ] ParserTest.RecoveryEndOfFileFamilies (0 ms)
[ RUN      ] ParserTest.RecoveryDiagnosticStorm
[       OK ] ParserTest.RecoveryDiagnosticStorm (1 ms)
[ RUN      ] ParserTest.RecoveryDepthLimitFamilies
Running main() from D:\github\ink\src\third_party\googletest\googletest\src\gtest_main.cc
Running main() from D:\github\ink\src\third_party\googletest\googletest\src\gtest_main.cc
Running main() from D:\github\ink\src\third_party\googletest\googletest\src\gtest_main.cc
Running main() from D:\github\ink\src\third_party\googletest\googletest\src\gtest_main.cc
Running main() from D:\github\ink\src\third_party\googletest\googletest\src\gtest_main.cc
Running main() from D:\github\ink\src\third_party\googletest\googletest\src\gtest_main.cc
Running main() from D:\github\ink\src\third_party\googletest\googletest\src\gtest_main.cc
Running main() from D:\github\ink\src\third_party\googletest\googletest\src\gtest_main.cc
[       OK ] ParserTest.RecoveryDepthLimitFamilies (246 ms)
[ RUN      ] ParserTest.RecoveryCancellationAndReuse
[       OK ] ParserTest.RecoveryCancellationAndReuse (0 ms)
[ RUN      ] ParserTest.RecoveryBudgetCheckpoints
Running main() from D:\github\ink\src\third_party\googletest\googletest\src\gtest_main.cc
Running main() from D:\github\ink\src\third_party\googletest\googletest\src\gtest_main.cc
Running main() from D:\github\ink\src\third_party\googletest\googletest\src\gtest_main.cc
Running main() from D:\github\ink\src\third_party\googletest\googletest\src\gtest_main.cc
Running main() from D:\github\ink\src\third_party\googletest\googletest\src\gtest_main.cc
Running main() from D:\github\ink\src\third_party\googletest\googletest\src\gtest_main.cc
Running main() from D:\github\ink\src\third_party\googletest\googletest\src\gtest_main.cc
Running main() from D:\github\ink\src\third_party\googletest\googletest\src\gtest_main.cc
Running main() from D:\github\ink\src\third_party\googletest\googletest\src\gtest_main.cc
Running main() from D:\github\ink\src\third_party\googletest\googletest\src\gtest_main.cc
Running main() from D:\github\ink\src\third_party\googletest\googletest\src\gtest_main.cc
Running main() from D:\github\ink\src\third_party\googletest\googletest\src\gtest_main.cc
Running main() from D:\github\ink\src\third_party\googletest\googletest\src\gtest_main.cc
Running main() from D:\github\ink\src\third_party\googletest\googletest\src\gtest_main.cc
Running main() from D:\github\ink\src\third_party\googletest\googletest\src\gtest_main.cc
Running main() from D:\github\ink\src\third_party\googletest\googletest\src\gtest_main.cc
Running main() from D:\github\ink\src\third_party\googletest\googletest\src\gtest_main.cc
Running main() from D:\github\ink\src\third_party\googletest\googletest\src\gtest_main.cc
Running main() from D:\github\ink\src\third_party\googletest\googletest\src\gtest_main.cc
Running main() from D:\github\ink\src\third_party\googletest\googletest\src\gtest_main.cc
Running main() from D:\github\ink\src\third_party\googletest\googletest\src\gtest_main.cc
Running main() from D:\github\ink\src\third_party\googletest\googletest\src\gtest_main.cc
Running main() from D:\github\ink\src\third_party\googletest\googletest\src\gtest_main.cc
Running main() from D:\github\ink\src\third_party\googletest\googletest\src\gtest_main.cc
Running main() from D:\github\ink\src\third_party\googletest\googletest\src\gtest_main.cc
Running main() from D:\github\ink\src\third_party\googletest\googletest\src\gtest_main.cc
Running main() from D:\github\ink\src\third_party\googletest\googletest\src\gtest_main.cc
Running main() from D:\github\ink\src\third_party\googletest\googletest\src\gtest_main.cc
Running main() from D:\github\ink\src\third_party\googletest\googletest\src\gtest_main.cc
Running main() from D:\github\ink\src\third_party\googletest\googletest\src\gtest_main.cc
Running main() from D:\github\ink\src\third_party\googletest\googletest\src\gtest_main.cc
Running main() from D:\github\ink\src\third_party\googletest\googletest\src\gtest_main.cc
Running main() from D:\github\ink\src\third_party\googletest\googletest\src\gtest_main.cc
Running main() from D:\github\ink\src\third_party\googletest\googletest\src\gtest_main.cc
Running main() from D:\github\ink\src\third_party\googletest\googletest\src\gtest_main.cc
Running main() from D:\github\ink\src\third_party\googletest\googletest\src\gtest_main.cc
Running main() from D:\github\ink\src\third_party\googletest\googletest\src\gtest_main.cc
Running main() from D:\github\ink\src\third_party\googletest\googletest\src\gtest_main.cc
Running main() from D:\github\ink\src\third_party\googletest\googletest\src\gtest_main.cc
Running main() from D:\github\ink\src\third_party\googletest\googletest\src\gtest_main.cc
Running main() from D:\github\ink\src\third_party\googletest\googletest\src\gtest_main.cc
Running main() from D:\github\ink\src\third_party\googletest\googletest\src\gtest_main.cc
Running main() from D:\github\ink\src\third_party\googletest\googletest\src\gtest_main.cc
Running main() from D:\github\ink\src\third_party\googletest\googletest\src\gtest_main.cc
Running main() from D:\github\ink\src\third_party\googletest\googletest\src\gtest_main.cc
Running main() from D:\github\ink\src\third_party\googletest\googletest\src\gtest_main.cc
Running main() from D:\github\ink\src\third_party\googletest\googletest\src\gtest_main.cc
Running main() from D:\github\ink\src\third_party\googletest\googletest\src\gtest_main.cc
Running main() from D:\github\ink\src\third_party\googletest\googletest\src\gtest_main.cc
Running main() from D:\github\ink\src\third_party\googletest\googletest\src\gtest_main.cc
Running main() from D:\github\ink\src\third_party\googletest\googletest\src\gtest_main.cc
Running main() from D:\github\ink\src\third_party\googletest\googletest\src\gtest_main.cc
Running main() from D:\github\ink\src\third_party\googletest\googletest\src\gtest_main.cc
Running main() from D:\github\ink\src\third_party\googletest\googletest\src\gtest_main.cc
Running main() from D:\github\ink\src\third_party\googletest\googletest\src\gtest_main.cc
Running main() from D:\github\ink\src\third_party\googletest\googletest\src\gtest_main.cc
Running main() from D:\github\ink\src\third_party\googletest\googletest\src\gtest_main.cc
Running main() from D:\github\ink\src\third_party\googletest\googletest\src\gtest_main.cc
Running main() from D:\github\ink\src\third_party\googletest\googletest\src\gtest_main.cc
Running main() from D:\github\ink\src\third_party\googletest\googletest\src\gtest_main.cc
Running main() from D:\github\ink\src\third_party\googletest\googletest\src\gtest_main.cc
Running main() from D:\github\ink\src\third_party\googletest\googletest\src\gtest_main.cc
Running main() from D:\github\ink\src\third_party\googletest\googletest\src\gtest_main.cc
Running main() from D:\github\ink\src\third_party\googletest\googletest\src\gtest_main.cc
Running main() from D:\github\ink\src\third_party\googletest\googletest\src\gtest_main.cc
Running main() from D:\github\ink\src\third_party\googletest\googletest\src\gtest_main.cc
Running main() from D:\github\ink\src\third_party\googletest\googletest\src\gtest_main.cc
Running main() from D:\github\ink\src\third_party\googletest\googletest\src\gtest_main.cc
Running main() from D:\github\ink\src\third_party\googletest\googletest\src\gtest_main.cc
Running main() from D:\github\ink\src\third_party\googletest\googletest\src\gtest_main.cc
Running main() from D:\github\ink\src\third_party\googletest\googletest\src\gtest_main.cc
Running main() from D:\github\ink\src\third_party\googletest\googletest\src\gtest_main.cc
Running main() from D:\github\ink\src\third_party\googletest\googletest\src\gtest_main.cc
Running main() from D:\github\ink\src\third_party\googletest\googletest\src\gtest_main.cc
Running main() from D:\github\ink\src\third_party\googletest\googletest\src\gtest_main.cc
Running main() from D:\github\ink\src\third_party\googletest\googletest\src\gtest_main.cc
Running main() from D:\github\ink\src\third_party\googletest\googletest\src\gtest_main.cc
Running main() from D:\github\ink\src\third_party\googletest\googletest\src\gtest_main.cc
Running main() from D:\github\ink\src\third_party\googletest\googletest\src\gtest_main.cc
Running main() from D:\github\ink\src\third_party\googletest\googletest\src\gtest_main.cc
Running main() from D:\github\ink\src\third_party\googletest\googletest\src\gtest_main.cc
Running main() from D:\github\ink\src\third_party\googletest\googletest\src\gtest_main.cc
Running main() from D:\github\ink\src\third_party\googletest\googletest\src\gtest_main.cc
Running main() from D:\github\ink\src\third_party\googletest\googletest\src\gtest_main.cc
Running main() from D:\github\ink\src\third_party\googletest\googletest\src\gtest_main.cc
Running main() from D:\github\ink\src\third_party\googletest\googletest\src\gtest_main.cc
Running main() from D:\github\ink\src\third_party\googletest\googletest\src\gtest_main.cc
Running main() from D:\github\ink\src\third_party\googletest\googletest\src\gtest_main.cc
Running main() from D:\github\ink\src\third_party\googletest\googletest\src\gtest_main.cc
Running main() from D:\github\ink\src\third_party\googletest\googletest\src\gtest_main.cc
Running main() from D:\github\ink\src\third_party\googletest\googletest\src\gtest_main.cc
Running main() from D:\github\ink\src\third_party\googletest\googletest\src\gtest_main.cc
Running main() from D:\github\ink\src\third_party\googletest\googletest\src\gtest_main.cc
Running main() from D:\github\ink\src\third_party\googletest\googletest\src\gtest_main.cc
Running main() from D:\github\ink\src\third_party\googletest\googletest\src\gtest_main.cc
Running main() from D:\github\ink\src\third_party\googletest\googletest\src\gtest_main.cc
Running main() from D:\github\ink\src\third_party\googletest\googletest\src\gtest_main.cc
Running main() from D:\github\ink\src\third_party\googletest\googletest\src\gtest_main.cc
Running main() from D:\github\ink\src\third_party\googletest\googletest\src\gtest_main.cc
Running main() from D:\github\ink\src\third_party\googletest\googletest\src\gtest_main.cc
Running main() from D:\github\ink\src\third_party\googletest\googletest\src\gtest_main.cc
Running main() from D:\github\ink\src\third_party\googletest\googletest\src\gtest_main.cc
Running main() from D:\github\ink\src\third_party\googletest\googletest\src\gtest_main.cc
Running main() from D:\github\ink\src\third_party\googletest\googletest\src\gtest_main.cc
Running main() from D:\github\ink\src\third_party\googletest\googletest\src\gtest_main.cc
Running main() from D:\github\ink\src\third_party\googletest\googletest\src\gtest_main.cc
Running main() from D:\github\ink\src\third_party\googletest\googletest\src\gtest_main.cc
Running main() from D:\github\ink\src\third_party\googletest\googletest\src\gtest_main.cc
Running main() from D:\github\ink\src\third_party\googletest\googletest\src\gtest_main.cc
Running main() from D:\github\ink\src\third_party\googletest\googletest\src\gtest_main.cc
Running main() from D:\github\ink\src\third_party\googletest\googletest\src\gtest_main.cc
Running main() from D:\github\ink\src\third_party\googletest\googletest\src\gtest_main.cc
Running main() from D:\github\ink\src\third_party\googletest\googletest\src\gtest_main.cc
Running main() from D:\github\ink\src\third_party\googletest\googletest\src\gtest_main.cc
Running main() from D:\github\ink\src\third_party\googletest\googletest\src\gtest_main.cc
Running main() from D:\github\ink\src\third_party\googletest\googletest\src\gtest_main.cc
Running main() from D:\github\ink\src\third_party\googletest\googletest\src\gtest_main.cc
Running main() from D:\github\ink\src\third_party\googletest\googletest\src\gtest_main.cc
Running main() from D:\github\ink\src\third_party\googletest\googletest\src\gtest_main.cc
Running main() from D:\github\ink\src\third_party\googletest\googletest\src\gtest_main.cc
Running main() from D:\github\ink\src\third_party\googletest\googletest\src\gtest_main.cc
Running main() from D:\github\ink\src\third_party\googletest\googletest\src\gtest_main.cc
Running main() from D:\github\ink\src\third_party\googletest\googletest\src\gtest_main.cc
Running main() from D:\github\ink\src\third_party\googletest\googletest\src\gtest_main.cc
Running main() from D:\github\ink\src\third_party\googletest\googletest\src\gtest_main.cc
Running main() from D:\github\ink\src\third_party\googletest\googletest\src\gtest_main.cc
Running main() from D:\github\ink\src\third_party\googletest\googletest\src\gtest_main.cc
Running main() from D:\github\ink\src\third_party\googletest\googletest\src\gtest_main.cc
Running main() from D:\github\ink\src\third_party\googletest\googletest\src\gtest_main.cc
Running main() from D:\github\ink\src\third_party\googletest\googletest\src\gtest_main.cc
Running main() from D:\github\ink\src\third_party\googletest\googletest\src\gtest_main.cc
Running main() from D:\github\ink\src\third_party\googletest\googletest\src\gtest_main.cc
Running main() from D:\github\ink\src\third_party\googletest\googletest\src\gtest_main.cc
Running main() from D:\github\ink\src\third_party\googletest\googletest\src\gtest_main.cc
Running main() from D:\github\ink\src\third_party\googletest\googletest\src\gtest_main.cc
Running main() from D:\github\ink\src\third_party\googletest\googletest\src\gtest_main.cc
Running main() from D:\github\ink\src\third_party\googletest\googletest\src\gtest_main.cc
Running main() from D:\github\ink\src\third_party\googletest\googletest\src\gtest_main.cc
Running main() from D:\github\ink\src\third_party\googletest\googletest\src\gtest_main.cc
Running main() from D:\github\ink\src\third_party\googletest\googletest\src\gtest_main.cc
Running main() from D:\github\ink\src\third_party\googletest\googletest\src\gtest_main.cc
Running main() from D:\github\ink\src\third_party\googletest\googletest\src\gtest_main.cc
Running main() from D:\github\ink\src\third_party\googletest\googletest\src\gtest_main.cc
Running main() from D:\github\ink\src\third_party\googletest\googletest\src\gtest_main.cc
Running main() from D:\github\ink\src\third_party\googletest\googletest\src\gtest_main.cc
Running main() from D:\github\ink\src\third_party\googletest\googletest\src\gtest_main.cc
Running main() from D:\github\ink\src\third_party\googletest\googletest\src\gtest_main.cc
Running main() from D:\github\ink\src\third_party\googletest\googletest\src\gtest_main.cc
Running main() from D:\github\ink\src\third_party\googletest\googletest\src\gtest_main.cc
Running main() from D:\github\ink\src\third_party\googletest\googletest\src\gtest_main.cc
Running main() from D:\github\ink\src\third_party\googletest\googletest\src\gtest_main.cc
Running main() from D:\github\ink\src\third_party\googletest\googletest\src\gtest_main.cc
Running main() from D:\github\ink\src\third_party\googletest\googletest\src\gtest_main.cc
Running main() from D:\github\ink\src\third_party\googletest\googletest\src\gtest_main.cc
Running main() from D:\github\ink\src\third_party\googletest\googletest\src\gtest_main.cc
Running main() from D:\github\ink\src\third_party\googletest\googletest\src\gtest_main.cc
Running main() from D:\github\ink\src\third_party\googletest\googletest\src\gtest_main.cc
Running main() from D:\github\ink\src\third_party\googletest\googletest\src\gtest_main.cc
Running main() from D:\github\ink\src\third_party\googletest\googletest\src\gtest_main.cc
Running main() from D:\github\ink\src\third_party\googletest\googletest\src\gtest_main.cc
Running main() from D:\github\ink\src\third_party\googletest\googletest\src\gtest_main.cc
Running main() from D:\github\ink\src\third_party\googletest\googletest\src\gtest_main.cc
Running main() from D:\github\ink\src\third_party\googletest\googletest\src\gtest_main.cc
[       OK ] ParserTest.RecoveryBudgetCheckpoints (6393 ms)
[ RUN      ] ParserTest.RecoveryGrammarMutationCorpus
[       OK ] ParserTest.RecoveryGrammarMutationCorpus (23 ms)
[ RUN      ] ParserTest.DesignRecoveryExample
[       OK ] ParserTest.DesignRecoveryExample (0 ms)
[ RUN      ] ParserTest.PreserveFollowingDeclarations
[       OK ] ParserTest.PreserveFollowingDeclarations (0 ms)
[ RUN      ] ParserTest.PreserveElseAndSwitchLabels
[       OK ] ParserTest.PreserveElseAndSwitchLabels (0 ms)
[ RUN      ] ParserTest.DeletedTokenAndFileTerminators
[       OK ] ParserTest.DeletedTokenAndFileTerminators (0 ms)
[ RUN      ] ParserTest.MatchArrowAndListSeparatorRecovery
[       OK ] ParserTest.MatchArrowAndListSeparatorRecovery (0 ms)
[ RUN      ] ParserTest.StatusAndDiagnosticIsolation
[       OK ] ParserTest.StatusAndDiagnosticIsolation (0 ms)
[ RUN      ] ParserTest.ResourceLimits
Running main() from D:\github\ink\src\third_party\googletest\googletest\src\gtest_main.cc
Running main() from D:\github\ink\src\third_party\googletest\googletest\src\gtest_main.cc
Running main() from D:\github\ink\src\third_party\googletest\googletest\src\gtest_main.cc
[       OK ] ParserTest.ResourceLimits (83 ms)
[ RUN      ] ParserTest.DiagnosticBudget
[       OK ] ParserTest.DiagnosticBudget (0 ms)
[ RUN      ] ParserTest.LongChains
[       OK ] ParserTest.LongChains (13 ms)
[ RUN      ] ParserTest.TokenBoundaryMutations
[       OK ] ParserTest.TokenBoundaryMutations (8 ms)
[ RUN      ] ParserTest.TruncatedFieldPayload
[       OK ] ParserTest.TruncatedFieldPayload (0 ms)
[ RUN      ] ParserTest.DamagedAttributeDeclarationRange
[       OK ] ParserTest.DamagedAttributeDeclarationRange (0 ms)
[ RUN      ] ParserTest.DeterministicRandomInputs
[       OK ] ParserTest.DeterministicRandomInputs (19 ms)
[ RUN      ] ParserTest.DanglingElse
[       OK ] ParserTest.DanglingElse (0 ms)
[ RUN      ] ParserTest.ForHeaderDisambiguation
[       OK ] ParserTest.ForHeaderDisambiguation (0 ms)
[ RUN      ] ParserTest.SwitchAndBasicStatements
[       OK ] ParserTest.SwitchAndBasicStatements (0 ms)
[ RUN      ] ParserTest.StatementRestrictions
[       OK ] ParserTest.StatementRestrictions (0 ms)
[ RUN      ] ParserTest.ComptimeStatementFlags
[       OK ] ParserTest.ComptimeStatementFlags (0 ms)
[ RUN      ] ParserTest.ImportForms
[       OK ] ParserTest.ImportForms (0 ms)
[ RUN      ] ParserTest.MatchPathAndConstructorPresence
[       OK ] ParserTest.MatchPathAndConstructorPresence (0 ms)
[ RUN      ] ParserTest.MatchPatternForms
[       OK ] ParserTest.MatchPatternForms (0 ms)
[----------] 108 tests from ParserTest (85741 ms total)

[----------] 1 test from ASTLifetimeTest
[ RUN      ] ASTLifetimeTest.SourceSnapshotOwnership
[       OK ] ASTLifetimeTest.SourceSnapshotOwnership (0 ms)
[----------] 1 test from ASTLifetimeTest (0 ms total)

[----------] 1 test from ASTVerifierTest
[ RUN      ] ASTVerifierTest.InvalidContracts
[       OK ] ASTVerifierTest.InvalidContracts (0 ms)
[----------] 1 test from ASTVerifierTest (0 ms total)

[----------] 2 tests from ASTSerializationTest
[ RUN      ] ASTSerializationTest.IndependentOwnership
[       OK ] ASTSerializationTest.IndependentOwnership (0 ms)
[ RUN      ] ASTSerializationTest.MissingInput
Running main() from D:\github\ink\src\third_party\googletest\googletest\src\gtest_main.cc
[       OK ] ASTSerializationTest.MissingInput (28 ms)
[----------] 2 tests from ASTSerializationTest (28 ms total)

[----------] 2 tests from ConfigLimitsTest
[ RUN      ] ConfigLimitsTest.ParserDefaultsFollowEnvironment
[       OK ] ConfigLimitsTest.ParserDefaultsFollowEnvironment (0 ms)
[ RUN      ] ConfigLimitsTest.ArchiveDefaultsFollowEnvironment
[       OK ] ConfigLimitsTest.ArchiveDefaultsFollowEnvironment (0 ms)
[----------] 2 tests from ConfigLimitsTest (0 ms total)

[----------] 18 tests from ParserUnicodeTest
[ RUN      ] ParserUnicodeTest.MalformedUtf8InEveryRegion
[       OK ] ParserUnicodeTest.MalformedUtf8InEveryRegion (3 ms)
[ RUN      ] ParserUnicodeTest.EveryHighByteAtEndOfFile
[       OK ] ParserUnicodeTest.EveryHighByteAtEndOfFile (5 ms)
[ RUN      ] ParserUnicodeTest.ExhaustiveInvalidContinuationBytes
[       OK ] ParserUnicodeTest.ExhaustiveInvalidContinuationBytes (14 ms)
[ RUN      ] ParserUnicodeTest.ScalarBoundariesAndTruncation
[       OK ] ParserUnicodeTest.ScalarBoundariesAndTruncation (0 ms)
[ RUN      ] ParserUnicodeTest.OverlongSyntaxSmuggling
[       OK ] ParserUnicodeTest.OverlongSyntaxSmuggling (4 ms)
[ RUN      ] ParserUnicodeTest.EmbeddedNullInEveryRegion
[       OK ] ParserUnicodeTest.EmbeddedNullInEveryRegion (0 ms)
[ RUN      ] ParserUnicodeTest.BomAndForeignEncodings
[       OK ] ParserUnicodeTest.BomAndForeignEncodings (0 ms)
[ RUN      ] ParserUnicodeTest.SuspiciousScalarsOutsideContent
[       OK ] ParserUnicodeTest.SuspiciousScalarsOutsideContent (0 ms)
[ RUN      ] ParserUnicodeTest.SuspiciousScalarsInsideContent
[       OK ] ParserUnicodeTest.SuspiciousScalarsInsideContent (2 ms)
[ RUN      ] ParserUnicodeTest.BidiAndConfusableContentCannotInjectSyntax
[       OK ] ParserUnicodeTest.BidiAndConfusableContentCannotInjectSyntax (0 ms)
[ RUN      ] ParserUnicodeTest.ConfusableIdentifiersAndNfc
[       OK ] ParserUnicodeTest.ConfusableIdentifiersAndNfc (0 ms)
[ RUN      ] ParserUnicodeTest.RecoveryUsesOriginalByteOffsets
[       OK ] ParserUnicodeTest.RecoveryUsesOriginalByteOffsets (0 ms)
[ RUN      ] ParserUnicodeTest.LongCombiningIdentifiers
[       OK ] ParserUnicodeTest.LongCombiningIdentifiers (3 ms)
[ RUN      ] ParserUnicodeTest.MaliciousUnicodeEscapes
[       OK ] ParserUnicodeTest.MaliciousUnicodeEscapes (0 ms)
[ RUN      ] ParserUnicodeTest.EscapedSyntaxAndNullAreLiteralData
[       OK ] ParserUnicodeTest.EscapedSyntaxAndNullAreLiteralData (0 ms)
[ RUN      ] ParserUnicodeTest.LexicalFailureAfterSyntaxRecovery
[       OK ] ParserUnicodeTest.LexicalFailureAfterSyntaxRecovery (0 ms)
[ RUN      ] ParserUnicodeTest.UnicodeByteMutationCorpus
[       OK ] ParserUnicodeTest.UnicodeByteMutationCorpus (3 ms)
[ RUN      ] ParserUnicodeTest.DeterministicBinaryAndUnicodeInputs
[       OK ] ParserUnicodeTest.DeterministicBinaryAndUnicodeInputs (2 ms)
[----------] 18 tests from ParserUnicodeTest (41 ms total)

[----------] 1 test from ASTVisitorTest
[ RUN      ] ASTVisitorTest.EveryRegisteredKind
[       OK ] ASTVisitorTest.EveryRegisteredKind (0 ms)
[----------] 1 test from ASTVisitorTest (0 ms total)

[----------] 23 tests from SemanticAddressOfTest
[ RUN      ] SemanticAddressOfTest.ReadsParenthesizedLocalThroughNestedAddressOperators
[       OK ] SemanticAddressOfTest.ReadsParenthesizedLocalThroughNestedAddressOperators (0 ms)
[ RUN      ] SemanticAddressOfTest.WritesCallerLocalThroughPointerParameter
[       OK ] SemanticAddressOfTest.WritesCallerLocalThroughPointerParameter (0 ms)
[ RUN      ] SemanticAddressOfTest.PreservesAliasesOfOneLocal
[       OK ] SemanticAddressOfTest.PreservesAliasesOfOneLocal (0 ms)
[ RUN      ] SemanticAddressOfTest.AllowsPointeeWriteThroughConstantPointerBinding
[       OK ] SemanticAddressOfTest.AllowsPointeeWriteThroughConstantPointerBinding (0 ms)
[ RUN      ] SemanticAddressOfTest.ReassignsPointerLocalThroughItsAddress
[       OK ] SemanticAddressOfTest.ReassignsPointerLocalThroughItsAddress (0 ms)
[ RUN      ] SemanticAddressOfTest.EvaluatesAddressOfDereferenceOperandOnce
[       OK ] SemanticAddressOfTest.EvaluatesAddressOfDereferenceOperandOnce (0 ms)
[ RUN      ] SemanticAddressOfTest.EvaluatesIndirectAssignmentDestinationOnce
[       OK ] SemanticAddressOfTest.EvaluatesIndirectAssignmentDestinationOnce (0 ms)
[ RUN      ] SemanticAddressOfTest.AllowsAddressAfterDefiniteInitialization
[       OK ] SemanticAddressOfTest.AllowsAddressAfterDefiniteInitialization (0 ms)
[ RUN      ] SemanticAddressOfTest.ExecutesAddressOperationsInsideCompileTimeFunction
[       OK ] SemanticAddressOfTest.ExecutesAddressOperationsInsideCompileTimeFunction (0 ms)
[ RUN      ] SemanticAddressOfTest.AllowsReturningAnUnownedLocalAddress
[       OK ] SemanticAddressOfTest.AllowsReturningAnUnownedLocalAddress (0 ms)
[ RUN      ] SemanticAddressOfTest.RejectsAddressesOfTemporaryAndFunctionValues
[       OK ] SemanticAddressOfTest.RejectsAddressesOfTemporaryAndFunctionValues (0 ms)
[ RUN      ] SemanticAddressOfTest.RejectsMutableAddressOfConstantBinding
[       OK ] SemanticAddressOfTest.RejectsMutableAddressOfConstantBinding (0 ms)
[ RUN      ] SemanticAddressOfTest.RejectsDirectAddressOfValueParameter
[       OK ] SemanticAddressOfTest.RejectsDirectAddressOfValueParameter (0 ms)
[ RUN      ] SemanticAddressOfTest.RejectsAddressBeforeDefiniteInitialization
[       OK ] SemanticAddressOfTest.RejectsAddressBeforeDefiniteInitialization (0 ms)
[ RUN      ] SemanticAddressOfTest.RejectsUninitializedPointerUse
[       OK ] SemanticAddressOfTest.RejectsUninitializedPointerUse (0 ms)
[ RUN      ] SemanticAddressOfTest.RejectsDereferenceWithoutTypedPointer
[       OK ] SemanticAddressOfTest.RejectsDereferenceWithoutTypedPointer (0 ms)
[ RUN      ] SemanticAddressOfTest.RejectsMismatchedPointeeValues
[       OK ] SemanticAddressOfTest.RejectsMismatchedPointeeValues (0 ms)
[ RUN      ] SemanticAddressOfTest.RejectsAddressAcrossCompileTimeBoundary
[       OK ] SemanticAddressOfTest.RejectsAddressAcrossCompileTimeBoundary (0 ms)
[ RUN      ] SemanticAddressOfTest.RejectsAddressOfCapturedRuntimeLocal
[       OK ] SemanticAddressOfTest.RejectsAddressOfCapturedRuntimeLocal (0 ms)
[ RUN      ] SemanticAddressOfTest.ObservesNativeWritesWithoutChangingEarlierLoads
[       OK ] SemanticAddressOfTest.ObservesNativeWritesWithoutChangingEarlierLoads (0 ms)
[ RUN      ] SemanticAddressOfTest.PreservesAliasedNativeArguments
[       OK ] SemanticAddressOfTest.PreservesAliasedNativeArguments (0 ms)
[ RUN      ] SemanticAddressOfTest.RecoversManagedAddressReturnedFromNativeCode
[       OK ] SemanticAddressOfTest.RecoversManagedAddressReturnedFromNativeCode (0 ms)
[ RUN      ] SemanticAddressOfTest.AllowsReturningNativeIdentityAddress
[       OK ] SemanticAddressOfTest.AllowsReturningNativeIdentityAddress (0 ms)
[----------] 23 tests from SemanticAddressOfTest (2 ms total)

[----------] 26 tests from SemanticFunctionAnalyzerTest
[ RUN      ] SemanticFunctionAnalyzerTest.SeparatesNativeBindingFromAbiAndVisibility
[       OK ] SemanticFunctionAnalyzerTest.SeparatesNativeBindingFromAbiAndVisibility (0 ms)
[ RUN      ] SemanticFunctionAnalyzerTest.AllowsLocalCAbiOverloads
[       OK ] SemanticFunctionAnalyzerTest.AllowsLocalCAbiOverloads (0 ms)
[ RUN      ] SemanticFunctionAnalyzerTest.RejectsInvalidNativeDeclarationsAndAbiAttributes
[       OK ] SemanticFunctionAnalyzerTest.RejectsInvalidNativeDeclarationsAndAbiAttributes (0 ms)
[ RUN      ] SemanticFunctionAnalyzerTest.AnalyzesNativePrintfImport
[       OK ] SemanticFunctionAnalyzerTest.AnalyzesNativePrintfImport (0 ms)
[ RUN      ] SemanticFunctionAnalyzerTest.BuildsEmptyDefinitionsAndPrototypes
[       OK ] SemanticFunctionAnalyzerTest.BuildsEmptyDefinitionsAndPrototypes (0 ms)
[ RUN      ] SemanticFunctionAnalyzerTest.ResolvesBuiltinScalarSignatures
[       OK ] SemanticFunctionAnalyzerTest.ResolvesBuiltinScalarSignatures (0 ms)
[ RUN      ] SemanticFunctionAnalyzerTest.BindsOrdinaryOverloads
[       OK ] SemanticFunctionAnalyzerTest.BindsOrdinaryOverloads (0 ms)
[ RUN      ] SemanticFunctionAnalyzerTest.PreservesNestedFunctionOwnershipAndScopes
[       OK ] SemanticFunctionAnalyzerTest.PreservesNestedFunctionOwnershipAndScopes (0 ms)
[ RUN      ] SemanticFunctionAnalyzerTest.RejectsInvalidSignatures
[       OK ] SemanticFunctionAnalyzerTest.RejectsInvalidSignatures (0 ms)
[ RUN      ] SemanticFunctionAnalyzerTest.ReportsDuplicateParameterNamesPrecisely
[       OK ] SemanticFunctionAnalyzerTest.ReportsDuplicateParameterNamesPrecisely (0 ms)
[ RUN      ] SemanticFunctionAnalyzerTest.DiagnosesUnsupportedSignatureFeatures
Running main() from D:\github\ink\src\third_party\googletest\googletest\src\gtest_main.cc
Running main() from D:\github\ink\src\third_party\googletest\googletest\src\gtest_main.cc
Running main() from D:\github\ink\src\third_party\googletest\googletest\src\gtest_main.cc
Running main() from D:\github\ink\src\third_party\googletest\googletest\src\gtest_main.cc
Running main() from D:\github\ink\src\third_party\googletest\googletest\src\gtest_main.cc
Running main() from D:\github\ink\src\third_party\googletest\googletest\src\gtest_main.cc
[       OK ] SemanticFunctionAnalyzerTest.DiagnosesUnsupportedSignatureFeatures (180 ms)
[ RUN      ] SemanticFunctionAnalyzerTest.RejectsConflictingFunctions
[       OK ] SemanticFunctionAnalyzerTest.RejectsConflictingFunctions (0 ms)
[ RUN      ] SemanticFunctionAnalyzerTest.RejectsRedeclarationMergingWithUserDiagnostic
[       OK ] SemanticFunctionAnalyzerTest.RejectsRedeclarationMergingWithUserDiagnostic (0 ms)
[ RUN      ] SemanticFunctionAnalyzerTest.DiscardsFailedBodiesAndContinuesSiblings
[       OK ] SemanticFunctionAnalyzerTest.DiscardsFailedBodiesAndContinuesSiblings (0 ms)
[ RUN      ] SemanticFunctionAnalyzerTest.AnalyzesHelloWorldThroughFunctionBodies
[       OK ] SemanticFunctionAnalyzerTest.AnalyzesHelloWorldThroughFunctionBodies (0 ms)
[ RUN      ] SemanticFunctionAnalyzerTest.ChecksIntegerLiteralBoundaries
[       OK ] SemanticFunctionAnalyzerTest.ChecksIntegerLiteralBoundaries (0 ms)
[ RUN      ] SemanticFunctionAnalyzerTest.DiagnosesInvalidExpressionsAndReturns
[       OK ] SemanticFunctionAnalyzerTest.DiagnosesInvalidExpressionsAndReturns (0 ms)
[ RUN      ] SemanticFunctionAnalyzerTest.AnalyzesNestedAndRecursiveCalls
[       OK ] SemanticFunctionAnalyzerTest.AnalyzesNestedAndRecursiveCalls (0 ms)
[ RUN      ] SemanticFunctionAnalyzerTest.SelectsOverloadsWithoutSpeculativeCalls
[       OK ] SemanticFunctionAnalyzerTest.SelectsOverloadsWithoutSpeculativeCalls (0 ms)
[ RUN      ] SemanticFunctionAnalyzerTest.CopiesCStringArgumentsPerCall
[       OK ] SemanticFunctionAnalyzerTest.CopiesCStringArgumentsPerCall (0 ms)
[ RUN      ] SemanticFunctionAnalyzerTest.BoundsExpressionDepth
Running main() from D:\github\ink\src\third_party\googletest\googletest\src\gtest_main.cc
[       OK ] SemanticFunctionAnalyzerTest.BoundsExpressionDepth (28 ms)
[ RUN      ] SemanticFunctionAnalyzerTest.ResolvesNamesBeforeBuiltinFallback
[       OK ] SemanticFunctionAnalyzerTest.ResolvesNamesBeforeBuiltinFallback (0 ms)
[ RUN      ] SemanticFunctionAnalyzerTest.KeepsRepeatedAnalysisIndependent
[       OK ] SemanticFunctionAnalyzerTest.KeepsRepeatedAnalysisIndependent (0 ms)
[ RUN      ] SemanticFunctionAnalyzerTest.BoundsSignatureTypeNesting
[       OK ] SemanticFunctionAnalyzerTest.BoundsSignatureTypeNesting (30 ms)
[ RUN      ] SemanticFunctionAnalyzerTest.UsesConfiguredTypeDepthLimit
Running main() from D:\github\ink\src\third_party\googletest\googletest\src\gtest_main.cc
[       OK ] SemanticFunctionAnalyzerTest.UsesConfiguredTypeDepthLimit (29 ms)
[ RUN      ] SemanticFunctionAnalyzerTest.ZeroTypeDepthLimitRejectsAnyType
Running main() from D:\github\ink\src\third_party\googletest\googletest\src\gtest_main.cc
[       OK ] SemanticFunctionAnalyzerTest.ZeroTypeDepthLimitRejectsAnyType (31 ms)
[----------] 26 tests from SemanticFunctionAnalyzerTest (304 ms total)

[----------] 10 tests from SemanticAnalyzerTest
[ RUN      ] SemanticAnalyzerTest.CreatesModulesAndKeepsCallsIndependent
[       OK ] SemanticAnalyzerTest.CreatesModulesAndKeepsCallsIndependent (0 ms)
[ RUN      ] SemanticAnalyzerTest.RejectsUnusableParseResults
[       OK ] SemanticAnalyzerTest.RejectsUnusableParseResults (0 ms)
[ RUN      ] SemanticAnalyzerTest.RejectsForeignSourceContext
[       OK ] SemanticAnalyzerTest.RejectsForeignSourceContext (0 ms)
[ RUN      ] SemanticAnalyzerTest.DispatchesUnsupportedSyntaxToConcreteHandlers
Running main() from D:\github\ink\src\third_party\googletest\googletest\src\gtest_main.cc
Running main() from D:\github\ink\src\third_party\googletest\googletest\src\gtest_main.cc
Running main() from D:\github\ink\src\third_party\googletest\googletest\src\gtest_main.cc
Running main() from D:\github\ink\src\third_party\googletest\googletest\src\gtest_main.cc
Running main() from D:\github\ink\src\third_party\googletest\googletest\src\gtest_main.cc
Running main() from D:\github\ink\src\third_party\googletest\googletest\src\gtest_main.cc
Running main() from D:\github\ink\src\third_party\googletest\googletest\src\gtest_main.cc
Running main() from D:\github\ink\src\third_party\googletest\googletest\src\gtest_main.cc
Running main() from D:\github\ink\src\third_party\googletest\googletest\src\gtest_main.cc
Running main() from D:\github\ink\src\third_party\googletest\googletest\src\gtest_main.cc
Running main() from D:\github\ink\src\third_party\googletest\googletest\src\gtest_main.cc
Running main() from D:\github\ink\src\third_party\googletest\googletest\src\gtest_main.cc
Running main() from D:\github\ink\src\third_party\googletest\googletest\src\gtest_main.cc
[       OK ] SemanticAnalyzerTest.DispatchesUnsupportedSyntaxToConcreteHandlers (404 ms)
[ RUN      ] SemanticAnalyzerTest.RejectsComptimeBeforeRuntimeLowering
Running main() from D:\github\ink\src\third_party\googletest\googletest\src\gtest_main.cc
Running main() from D:\github\ink\src\third_party\googletest\googletest\src\gtest_main.cc
[       OK ] SemanticAnalyzerTest.RejectsComptimeBeforeRuntimeLowering (62 ms)
[ RUN      ] SemanticAnalyzerTest.ContinuesAfterErrorsAndRestoresBlockState
[       OK ] SemanticAnalyzerTest.ContinuesAfterErrorsAndRestoresBlockState (0 ms)
[ RUN      ] SemanticAnalyzerTest.RestoresGuardsAfterNestedError
[       OK ] SemanticAnalyzerTest.RestoresGuardsAfterNestedError (1 ms)
[ RUN      ] SemanticAnalyzerTest.UsesConfiguredBlockDepthLimit
Running main() from D:\github\ink\src\third_party\googletest\googletest\src\gtest_main.cc
[       OK ] SemanticAnalyzerTest.UsesConfiguredBlockDepthLimit (28 ms)
[ RUN      ] SemanticAnalyzerTest.ZeroBlockDepthLimitRejectsAnyBlock
Running main() from D:\github\ink\src\third_party\googletest\googletest\src\gtest_main.cc
[       OK ] SemanticAnalyzerTest.ZeroBlockDepthLimitRejectsAnyBlock (31 ms)
[ RUN      ] SemanticAnalyzerTest.ReportsInvalidModuleName
Running main() from D:\github\ink\src\third_party\googletest\googletest\src\gtest_main.cc
[       OK ] SemanticAnalyzerTest.ReportsInvalidModuleName (30 ms)
[----------] 10 tests from SemanticAnalyzerTest (558 ms total)

[----------] 29 tests from SemanticArrayTest
[ RUN      ] SemanticArrayTest.InfersIntegerArraysAndReadsLiteralElements
[       OK ] SemanticArrayTest.InfersIntegerArraysAndReadsLiteralElements (0 ms)
[ RUN      ] SemanticArrayTest.ContextuallyTypesArrayElements
[       OK ] SemanticArrayTest.ContextuallyTypesArrayElements (0 ms)
[ RUN      ] SemanticArrayTest.InfersElementTypeFromTypedValue
[       OK ] SemanticArrayTest.InfersElementTypeFromTypedValue (0 ms)
[ RUN      ] SemanticArrayTest.SupportsBooleanElements
[       OK ] SemanticArrayTest.SupportsBooleanElements (0 ms)
[ RUN      ] SemanticArrayTest.BuildsRepeatedArraysWithCompileTimeLength
[       OK ] SemanticArrayTest.BuildsRepeatedArraysWithCompileTimeLength (0 ms)
[ RUN      ] SemanticArrayTest.SupportsZeroLengthArrays
[       OK ] SemanticArrayTest.SupportsZeroLengthArrays (0 ms)
[ RUN      ] SemanticArrayTest.EvaluatesRepeatedValueExactlyOnce
[       OK ] SemanticArrayTest.EvaluatesRepeatedValueExactlyOnce (0 ms)
[ RUN      ] SemanticArrayTest.EvaluatesLiteralElementsInOrder
[       OK ] SemanticArrayTest.EvaluatesLiteralElementsInOrder (0 ms)
[ RUN      ] SemanticArrayTest.MutatesElementsThroughIndexAndAddress
[       OK ] SemanticArrayTest.MutatesElementsThroughIndexAndAddress (0 ms)
[ RUN      ] SemanticArrayTest.EvaluatesAssignmentIndexBeforeRightOperand
[       OK ] SemanticArrayTest.EvaluatesAssignmentIndexBeforeRightOperand (0 ms)
[ RUN      ] SemanticArrayTest.LoadsElementAfterEvaluatingIndex
[       OK ] SemanticArrayTest.LoadsElementAfterEvaluatingIndex (0 ms)
[ RUN      ] SemanticArrayTest.PreservesIndependentArrayCopies
[       OK ] SemanticArrayTest.PreservesIndependentArrayCopies (0 ms)
[ RUN      ] SemanticArrayTest.PreservesElementAliasAcrossWholeArrayAssignment
[       OK ] SemanticArrayTest.PreservesElementAliasAcrossWholeArrayAssignment (0 ms)
[ RUN      ] SemanticArrayTest.PassesAndReturnsArraysByValue
[       OK ] SemanticArrayTest.PassesAndReturnsArraysByValue (0 ms)
[ RUN      ] SemanticArrayTest.PredeclaresArraySignaturesInModulePipeline
[       OK ] SemanticArrayTest.PredeclaresArraySignaturesInModulePipeline (0 ms)
[ RUN      ] SemanticArrayTest.DiagnosesModuleBindingInPredeclaredArrayLength
[       OK ] SemanticArrayTest.DiagnosesModuleBindingInPredeclaredArrayLength (0 ms)
[ RUN      ] SemanticArrayTest.IndexesDereferencedArrayPointer
[       OK ] SemanticArrayTest.IndexesDereferencedArrayPointer (0 ms)
[ RUN      ] SemanticArrayTest.EvaluatesCompileTimeArrayBindings
[       OK ] SemanticArrayTest.EvaluatesCompileTimeArrayBindings (0 ms)
[ RUN      ] SemanticArrayTest.FreezesCompileTimeRepeatedArrays
[       OK ] SemanticArrayTest.FreezesCompileTimeRepeatedArrays (0 ms)
[ RUN      ] SemanticArrayTest.AcceptsAllIntegerIndexWidths
[       OK ] SemanticArrayTest.AcceptsAllIntegerIndexWidths (0 ms)
[ RUN      ] SemanticArrayTest.EnforcesConstantElementAccess
[       OK ] SemanticArrayTest.EnforcesConstantElementAccess (0 ms)
[ RUN      ] SemanticArrayTest.RequiresInitializedArrayBeforeElementAccess
[       OK ] SemanticArrayTest.RequiresInitializedArrayBeforeElementAccess (0 ms)
[ RUN      ] SemanticArrayTest.RejectsUninferrableAndMismatchedArrayTypes
[       OK ] SemanticArrayTest.RejectsUninferrableAndMismatchedArrayTypes (0 ms)
[ RUN      ] SemanticArrayTest.RejectsInvalidArrayLengths
[       OK ] SemanticArrayTest.RejectsInvalidArrayLengths (0 ms)
[ RUN      ] SemanticArrayTest.RejectsOversizedMaterializationBeforeAllocation
[       OK ] SemanticArrayTest.RejectsOversizedMaterializationBeforeAllocation (0 ms)
[ RUN      ] SemanticArrayTest.RejectsNonarrayAndNonintegerIndexOperands
[       OK ] SemanticArrayTest.RejectsNonarrayAndNonintegerIndexOperands (0 ms)
[ RUN      ] SemanticArrayTest.RejectsConstantOutOfBoundsIndices
[       OK ] SemanticArrayTest.RejectsConstantOutOfBoundsIndices (0 ms)
[ RUN      ] SemanticArrayTest.ChecksDynamicBoundsForReadsWritesAndAddresses
[       OK ] SemanticArrayTest.ChecksDynamicBoundsForReadsWritesAndAddresses (0 ms)
[ RUN      ] SemanticArrayTest.AllowsDiscardingEscapedArrayElementAddress
[       OK ] SemanticArrayTest.AllowsDiscardingEscapedArrayElementAddress (0 ms)
[----------] 29 tests from SemanticArrayTest (7 ms total)

[----------] 26 tests from SemanticClassTest
[ RUN      ] SemanticClassTest.ConstructsDefaultsAndReadsWritesFields
[       OK ] SemanticClassTest.ConstructsDefaultsAndReadsWritesFields (0 ms)
[ RUN      ] SemanticClassTest.MutatesThisAndCallsOtherMethods
[       OK ] SemanticClassTest.MutatesThisAndCallsOtherMethods (0 ms)
[ RUN      ] SemanticClassTest.CopiesParametersReturnsAndConstReads
[       OK ] SemanticClassTest.CopiesParametersReturnsAndConstReads (0 ms)
[ RUN      ] SemanticClassTest.PreservesNestedFieldAddresses
[       OK ] SemanticClassTest.PreservesNestedFieldAddresses (0 ms)
[ RUN      ] SemanticClassTest.CallsMethodsOnTemporaryValues
[       OK ] SemanticClassTest.CallsMethodsOnTemporaryValues (0 ms)
[ RUN      ] SemanticClassTest.DispatchesDunderOperatorsOnSnapshots
[       OK ] SemanticClassTest.DispatchesDunderOperatorsOnSnapshots (0 ms)
[ RUN      ] SemanticClassTest.EvaluatesCompileTimeClassesAndMethods
[       OK ] SemanticClassTest.EvaluatesCompileTimeClassesAndMethods (1 ms)
[ RUN      ] SemanticClassTest.PredeclaresTypesAndSupportsPointerRecursion
[       OK ] SemanticClassTest.PredeclaresTypesAndSupportsPointerRecursion (0 ms)
[ RUN      ] SemanticClassTest.EnforcesPrivateMembers
[       OK ] SemanticClassTest.EnforcesPrivateMembers (0 ms)
[ RUN      ] SemanticClassTest.RejectsReadonlyReceiversAndThisShadowing
[       OK ] SemanticClassTest.RejectsReadonlyReceiversAndThisShadowing (0 ms)
[ RUN      ] SemanticClassTest.RejectsInvalidLayoutsAndConstruction
[       OK ] SemanticClassTest.RejectsInvalidLayoutsAndConstruction (0 ms)
[ RUN      ] SemanticClassTest.RequiresCompleteRuntimeTypeGraphs
[       OK ] SemanticClassTest.RequiresCompleteRuntimeTypeGraphs (1 ms)
[ RUN      ] SemanticClassTest.DefinesStableOperatorMethodMapping
[       OK ] SemanticClassTest.DefinesStableOperatorMethodMapping (0 ms)
[ RUN      ] SemanticClassTest.PreservesMethodEvaluationOrderAndOverloads
[       OK ] SemanticClassTest.PreservesMethodEvaluationOrderAndOverloads (0 ms)
[ RUN      ] SemanticClassTest.ImportsClassTypesAcrossModules
[       OK ] SemanticClassTest.ImportsClassTypesAcrossModules (0 ms)
[ RUN      ] SemanticClassTest.LifecycleConstructorSignatures
[       OK ] SemanticClassTest.LifecycleConstructorSignatures (0 ms)
[ RUN      ] SemanticClassTest.LifecycleDefiniteFieldInitialization
[       OK ] SemanticClassTest.LifecycleDefiniteFieldInitialization (0 ms)
[ RUN      ] SemanticClassTest.LifecycleDestroysLocalsAndConstObjects
[       OK ] SemanticClassTest.LifecycleDestroysLocalsAndConstObjects (0 ms)
[ RUN      ] SemanticClassTest.LifecycleCleansEarlyReturnAndConditionalInitialization
[       OK ] SemanticClassTest.LifecycleCleansEarlyReturnAndConditionalInitialization (0 ms)
[ RUN      ] SemanticClassTest.LifecycleTemporaryAndShortCircuit
[       OK ] SemanticClassTest.LifecycleTemporaryAndShortCircuit (0 ms)
[ RUN      ] SemanticClassTest.LifecycleTransfersReturnedTemporary
[       OK ] SemanticClassTest.LifecycleTransfersReturnedTemporary (0 ms)
[ RUN      ] SemanticClassTest.LifecycleOwnsValueParameters
[       OK ] SemanticClassTest.LifecycleOwnsValueParameters (0 ms)
[ RUN      ] SemanticClassTest.LifecycleDestroysReplacedValue
[       OK ] SemanticClassTest.LifecycleDestroysReplacedValue (0 ms)
[ RUN      ] SemanticClassTest.LifecycleDestroysNestedArrays
[       OK ] SemanticClassTest.LifecycleDestroysNestedArrays (0 ms)
[ RUN      ] SemanticClassTest.LifecycleRunsAtCompileTime
[       OK ] SemanticClassTest.LifecycleRunsAtCompileTime (0 ms)
[ RUN      ] SemanticClassTest.LifecycleRejectsInvalidHooks
[       OK ] SemanticClassTest.LifecycleRejectsInvalidHooks (0 ms)
[----------] 26 tests from SemanticClassTest (13 ms total)

[----------] 19 tests from SemanticComptimeCallTest
[ RUN      ] SemanticComptimeCallTest.EvaluatesNestedOrdinaryCallsWithIndependentLocals
[       OK ] SemanticComptimeCallTest.EvaluatesNestedOrdinaryCallsWithIndependentLocals (0 ms)
[ RUN      ] SemanticComptimeCallTest.ExecutesStoredIrAfterModuleStateChanges
[       OK ] SemanticComptimeCallTest.ExecutesStoredIrAfterModuleStateChanges (0 ms)
[ RUN      ] SemanticComptimeCallTest.LowersCompileTimeFunctionBeforeAnyCall
[       OK ] SemanticComptimeCallTest.LowersCompileTimeFunctionBeforeAnyCall (0 ms)
[ RUN      ] SemanticComptimeCallTest.IsolatesLocalStorageAcrossCompileTimeCalls
[       OK ] SemanticComptimeCallTest.IsolatesLocalStorageAcrossCompileTimeCalls (0 ms)
[ RUN      ] SemanticComptimeCallTest.EvaluatesArgumentsOnceInSourceOrder
[       OK ] SemanticComptimeCallTest.EvaluatesArgumentsOnceInSourceOrder (0 ms)
[ RUN      ] SemanticComptimeCallTest.RejectsUnsupportedArithmeticInRecursiveBody
Running main() from D:\github\ink\src\third_party\googletest\googletest\src\gtest_main.cc
[       OK ] SemanticComptimeCallTest.RejectsUnsupportedArithmeticInRecursiveBody (25 ms)
[ RUN      ] SemanticComptimeCallTest.RejectsOperatorsWithoutIrSupportAtDefinition
Running main() from D:\github\ink\src\third_party\googletest\googletest\src\gtest_main.cc
Running main() from D:\github\ink\src\third_party\googletest\googletest\src\gtest_main.cc
[       OK ] SemanticComptimeCallTest.RejectsOperatorsWithoutIrSupportAtDefinition (66 ms)
[ RUN      ] SemanticComptimeCallTest.RejectsParameterAndModuleWritesAtDefinition
[       OK ] SemanticComptimeCallTest.RejectsParameterAndModuleWritesAtDefinition (0 ms)
[ RUN      ] SemanticComptimeCallTest.ExecutesNestedVoidCallsAndExplicitReturns
[       OK ] SemanticComptimeCallTest.ExecutesNestedVoidCallsAndExplicitReturns (0 ms)
[ RUN      ] SemanticComptimeCallTest.PreservesParameterWidthAndBooleanReturnType
[       OK ] SemanticComptimeCallTest.PreservesParameterWidthAndBooleanReturnType (0 ms)
[ RUN      ] SemanticComptimeCallTest.RejectsInvalidArgumentsWithoutDuplicateDiagnostics
[       OK ] SemanticComptimeCallTest.RejectsInvalidArgumentsWithoutDuplicateDiagnostics (0 ms)
[ RUN      ] SemanticComptimeCallTest.RejectsUnusedInvalidReturnsWithoutDuplicateDiagnostics
[       OK ] SemanticComptimeCallTest.RejectsUnusedInvalidReturnsWithoutDuplicateDiagnostics (0 ms)
[ RUN      ] SemanticComptimeCallTest.RejectsMissingExternalSymbolsAndInkBodies
[       OK ] SemanticComptimeCallTest.RejectsMissingExternalSymbolsAndInkBodies (0 ms)
[ RUN      ] SemanticComptimeCallTest.RejectsRuntimeUseOfCompileTimeFunctions
[       OK ] SemanticComptimeCallTest.RejectsRuntimeUseOfCompileTimeFunctions (0 ms)
[ RUN      ] SemanticComptimeCallTest.RejectsDuplicateCompileTimeFunctionDefinitions
[       OK ] SemanticComptimeCallTest.RejectsDuplicateCompileTimeFunctionDefinitions (0 ms)
[ RUN      ] SemanticComptimeCallTest.ExpandsExplicitCompileTimeBranchBeforeIrExecution
[       OK ] SemanticComptimeCallTest.ExpandsExplicitCompileTimeBranchBeforeIrExecution (0 ms)
[ RUN      ] SemanticComptimeCallTest.ChecksUnusedNonGenericFunctionBodies
[       OK ] SemanticComptimeCallTest.ChecksUnusedNonGenericFunctionBodies (0 ms)
[ RUN      ] SemanticComptimeCallTest.NestedCallsReportExecutionFailureOnce
[       OK ] SemanticComptimeCallTest.NestedCallsReportExecutionFailureOnce (0 ms)
[ RUN      ] SemanticComptimeCallTest.StopsRecursiveCallsAtConfiguredDepth
Running main() from D:\github\ink\src\third_party\googletest\googletest\src\gtest_main.cc
[       OK ] SemanticComptimeCallTest.StopsRecursiveCallsAtConfiguredDepth (32 ms)
[----------] 19 tests from SemanticComptimeCallTest (126 ms total)

[----------] 27 tests from SemanticComptimeTest
[ RUN      ] SemanticComptimeTest.ExecutesInitializerSideEffectsOnce
[       OK ] SemanticComptimeTest.ExecutesInitializerSideEffectsOnce (0 ms)
[ RUN      ] SemanticComptimeTest.PreservesSnapshotsAcrossModuleWrites
[       OK ] SemanticComptimeTest.PreservesSnapshotsAcrossModuleWrites (0 ms)
[ RUN      ] SemanticComptimeTest.RetainsCompileTimeLocalsAcrossStatements
[       OK ] SemanticComptimeTest.RetainsCompileTimeLocalsAcrossStatements (0 ms)
[ RUN      ] SemanticComptimeTest.LowersCompileTimeInitializerIntoRuntimeStorage
[       OK ] SemanticComptimeTest.LowersCompileTimeInitializerIntoRuntimeStorage (0 ms)
[ RUN      ] SemanticComptimeTest.RejectsRuntimeLocalInCompileTimeExpression
[       OK ] SemanticComptimeTest.RejectsRuntimeLocalInCompileTimeExpression (0 ms)
[ RUN      ] SemanticComptimeTest.ReportsSpecificArithmeticFailuresOnce
[       OK ] SemanticComptimeTest.ReportsSpecificArithmeticFailuresOnce (0 ms)
[ RUN      ] SemanticComptimeTest.CancellationStopsAnalysisWithoutDiagnostic
[       OK ] SemanticComptimeTest.CancellationStopsAnalysisWithoutDiagnostic (0 ms)
[ RUN      ] SemanticComptimeTest.SeparatesActualFunctionCallFrames
[       OK ] SemanticComptimeTest.SeparatesActualFunctionCallFrames (0 ms)
[ RUN      ] SemanticComptimeTest.ReexecutesWhileBodyWithContinueAndBreak
[       OK ] SemanticComptimeTest.ReexecutesWhileBodyWithContinueAndBreak (0 ms)
[ RUN      ] SemanticComptimeTest.ReexecutesForStepAndBody
[       OK ] SemanticComptimeTest.ReexecutesForStepAndBody (0 ms)
[ RUN      ] SemanticComptimeTest.SeparatesShadowedCompileTimeBindings
[       OK ] SemanticComptimeTest.SeparatesShadowedCompileTimeBindings (0 ms)
[ RUN      ] SemanticComptimeTest.RejectsWritingCompileTimeConstant
[       OK ] SemanticComptimeTest.RejectsWritingCompileTimeConstant (0 ms)
[ RUN      ] SemanticComptimeTest.RejectsReadingUninitializedCompileTimeObject
[       OK ] SemanticComptimeTest.RejectsReadingUninitializedCompileTimeObject (0 ms)
[ RUN      ] SemanticComptimeTest.SkipsUnselectedBranchNames
[       OK ] SemanticComptimeTest.SkipsUnselectedBranchNames (0 ms)
[ RUN      ] SemanticComptimeTest.ShortCircuitsBooleanSideEffects
[       OK ] SemanticComptimeTest.ShortCircuitsBooleanSideEffects (0 ms)
[ RUN      ] SemanticComptimeTest.SkipsSideEffectsAfterStaticForControlTransfer
[       OK ] SemanticComptimeTest.SkipsSideEffectsAfterStaticForControlTransfer (0 ms)
[ RUN      ] SemanticComptimeTest.SkipsSideEffectsAfterStaticWhileControlTransfer
[       OK ] SemanticComptimeTest.SkipsSideEffectsAfterStaticWhileControlTransfer (0 ms)
[ RUN      ] SemanticComptimeTest.PreservesExpectedIntegerWidthDuringEvaluation
[       OK ] SemanticComptimeTest.PreservesExpectedIntegerWidthDuringEvaluation (0 ms)
[ RUN      ] SemanticComptimeTest.SelectsOverloadBeforeMaterializingIntegerLiteral
[       OK ] SemanticComptimeTest.SelectsOverloadBeforeMaterializingIntegerLiteral (0 ms)
[ RUN      ] SemanticComptimeTest.RejectsVoidCompileTimeResultsInValuePositions
[       OK ] SemanticComptimeTest.RejectsVoidCompileTimeResultsInValuePositions (0 ms)
[ RUN      ] SemanticComptimeTest.RejectsReturningFromCompileTimeBlockIntoRuntimeFunction
[       OK ] SemanticComptimeTest.RejectsReturningFromCompileTimeBlockIntoRuntimeFunction (0 ms)
[ RUN      ] SemanticComptimeTest.ExecutesComptimeExpressionForEachIteration
[       OK ] SemanticComptimeTest.ExecutesComptimeExpressionForEachIteration (0 ms)
[ RUN      ] SemanticComptimeTest.StopsUnboundedCompileTimeRecursionAtBudget
Running main() from D:\github\ink\src\third_party\googletest\googletest\src\gtest_main.cc
[       OK ] SemanticComptimeTest.StopsUnboundedCompileTimeRecursionAtBudget (29 ms)
[ RUN      ] SemanticComptimeTest.StopsLongCompileTimeAssignmentChainAtBudget
Running main() from D:\github\ink\src\third_party\googletest\googletest\src\gtest_main.cc
[       OK ] SemanticComptimeTest.StopsLongCompileTimeAssignmentChainAtBudget (27 ms)
[ RUN      ] SemanticComptimeTest.BoundsRuntimeAssignmentChainsByExpressionDepth
Running main() from D:\github\ink\src\third_party\googletest\googletest\src\gtest_main.cc
[       OK ] SemanticComptimeTest.BoundsRuntimeAssignmentChainsByExpressionDepth (26 ms)
[ RUN      ] SemanticComptimeTest.PreservesDefinitionTimeOverloadSet
[       OK ] SemanticComptimeTest.PreservesDefinitionTimeOverloadSet (0 ms)
[ RUN      ] SemanticComptimeTest.PreservesDefinitionTimeOuterBinding
[       OK ] SemanticComptimeTest.PreservesDefinitionTimeOuterBinding (0 ms)
[----------] 27 tests from SemanticComptimeTest (86 ms total)

[----------] 8 tests from SemanticEntryExecutionTest
[ RUN      ] SemanticEntryExecutionTest.ExecutesNestedCallsAndIsolatesLocalStorage
[       OK ] SemanticEntryExecutionTest.ExecutesNestedCallsAndIsolatesLocalStorage (0 ms)
[ RUN      ] SemanticEntryExecutionTest.ExecutesFunctionDeclaredInsideEntry
[       OK ] SemanticEntryExecutionTest.ExecutesFunctionDeclaredInsideEntry (0 ms)
[ RUN      ] SemanticEntryExecutionTest.PreservesBooleanAndFloatingRuntimePayloads
[       OK ] SemanticEntryExecutionTest.PreservesBooleanAndFloatingRuntimePayloads (0 ms)
[ RUN      ] SemanticEntryExecutionTest.ExecutesVoidEntryWithoutAResultPayload
[       OK ] SemanticEntryExecutionTest.ExecutesVoidEntryWithoutAResultPayload (0 ms)
[ RUN      ] SemanticEntryExecutionTest.WritesRealBytesThroughRuntimeParametersAndNestedCalls
[       OK ] SemanticEntryExecutionTest.WritesRealBytesThroughRuntimeParametersAndNestedCalls (0 ms)
[ RUN      ] SemanticEntryExecutionTest.ExecutesEachRuntimeCallExactlyOncePerInvocation
[       OK ] SemanticEntryExecutionTest.ExecutesEachRuntimeCallExactlyOncePerInvocation (0 ms)
[ RUN      ] SemanticEntryExecutionTest.PassesNativePointerReturnsThroughRuntimeLocalStorage
[       OK ] SemanticEntryExecutionTest.PassesNativePointerReturnsThroughRuntimeLocalStorage (0 ms)
[ RUN      ] SemanticEntryExecutionTest.AllowsDiscardingEscapedCStringPointer
[       OK ] SemanticEntryExecutionTest.AllowsDiscardingEscapedCStringPointer (0 ms)
[----------] 8 tests from SemanticEntryExecutionTest (1 ms total)

[----------] 11 tests from GenericNameResolverTest
[ RUN      ] GenericNameResolverTest.CollectsGenericOverloads
[       OK ] GenericNameResolverTest.CollectsGenericOverloads (0 ms)
[ RUN      ] GenericNameResolverTest.CollectsMixedFunctionCandidates
[       OK ] GenericNameResolverTest.CollectsMixedFunctionCandidates (0 ms)
[ RUN      ] GenericNameResolverTest.RejectsClassAndValueCollisions
[       OK ] GenericNameResolverTest.RejectsClassAndValueCollisions (0 ms)
[ RUN      ] GenericNameResolverTest.ShadowsAcrossTargetCategories
[       OK ] GenericNameResolverTest.ShadowsAcrossTargetCategories (0 ms)
[ RUN      ] GenericNameResolverTest.RejectsInvalidDeclarationBindings
[       OK ] GenericNameResolverTest.RejectsInvalidDeclarationBindings (0 ms)
[ RUN      ] GenericNameResolverTest.ResolvesGenericMembers
[       OK ] GenericNameResolverTest.ResolvesGenericMembers (0 ms)
[ RUN      ] GenericNameResolverTest.PreservesDefinitionsAcrossResolvers
[       OK ] GenericNameResolverTest.PreservesDefinitionsAcrossResolvers (0 ms)
[ RUN      ] GenericNameResolverTest.RemovesDestroyedModuleDeclarations
[       OK ] GenericNameResolverTest.RemovesDestroyedModuleDeclarations (0 ms)
[ RUN      ] GenericNameResolverTest.PreservesDefinitionScopeAndBindingIdentity
[       OK ] GenericNameResolverTest.PreservesDefinitionScopeAndBindingIdentity (0 ms)
[ RUN      ] GenericNameResolverTest.SnapshotsPreserveMixedBindingsAndCrossCategoryShadowing
[       OK ] GenericNameResolverTest.SnapshotsPreserveMixedBindingsAndCrossCategoryShadowing (0 ms)
[ RUN      ] GenericNameResolverTest.SnapshotUnregistersDestroyedDeclarations
[       OK ] GenericNameResolverTest.SnapshotUnregistersDestroyedDeclarations (0 ms)
[----------] 11 tests from GenericNameResolverTest (0 ms total)

[----------] 12 tests from SemanticIfTest
[ RUN      ] SemanticIfTest.LowersReturningBranchesWithoutEmptyMergeBlocks
[       OK ] SemanticIfTest.LowersReturningBranchesWithoutEmptyMergeBlocks (0 ms)
[ RUN      ] SemanticIfTest.PreservesVoidFallthroughForEveryReturnCombination
[       OK ] SemanticIfTest.PreservesVoidFallthroughForEveryReturnCombination (0 ms)
[ RUN      ] SemanticIfTest.MergesInitializationFromContinuingPathsOnly
[       OK ] SemanticIfTest.MergesInitializationFromContinuingPathsOnly (0 ms)
[ RUN      ] SemanticIfTest.RejectsReadsMissingInitializationOnAnyContinuingPath
[       OK ] SemanticIfTest.RejectsReadsMissingInitializationOnAnyContinuingPath (0 ms)
[ RUN      ] SemanticIfTest.GivesBareDeclarationsIndependentBranchScopes
[       OK ] SemanticIfTest.GivesBareDeclarationsIndependentBranchScopes (0 ms)
[ RUN      ] SemanticIfTest.RejectsEscapingBranchLocals
[       OK ] SemanticIfTest.RejectsEscapingBranchLocals (0 ms)
[ RUN      ] SemanticIfTest.RequiresBooleanConditions
[       OK ] SemanticIfTest.RequiresBooleanConditions (0 ms)
[ RUN      ] SemanticIfTest.ChecksBothRuntimeArmsAndOnlySelectedComptimeArm
[       OK ] SemanticIfTest.ChecksBothRuntimeArmsAndOnlySelectedComptimeArm (0 ms)
[ RUN      ] SemanticIfTest.DiagnosesMissingReturnsAndUnreachableContinuations
[       OK ] SemanticIfTest.DiagnosesMissingReturnsAndUnreachableContinuations (0 ms)
[ RUN      ] SemanticIfTest.ExecutesOrdinaryAndComptimeFunctionsThroughConditionalIr
[       OK ] SemanticIfTest.ExecutesOrdinaryAndComptimeFunctionsThroughConditionalIr (0 ms)
[ RUN      ] SemanticIfTest.PreservesComptimeLoopControlInsideAndAfterRuntimeBranches
[       OK ] SemanticIfTest.PreservesComptimeLoopControlInsideAndAfterRuntimeBranches (0 ms)
[ RUN      ] SemanticIfTest.RejectsRuntimeBranchesControllingComptimeLoops
[       OK ] SemanticIfTest.RejectsRuntimeBranchesControllingComptimeLoops (0 ms)
[----------] 12 tests from SemanticIfTest (2 ms total)

[----------] 12 tests from SemanticLogicalTest
[ RUN      ] SemanticLogicalTest.ExecutesNestedLogicWithSourcePrecedence
[       OK ] SemanticLogicalTest.ExecutesNestedLogicWithSourcePrecedence (0 ms)
[ RUN      ] SemanticLogicalTest.SkipsMissingNativeCallsOnlyOnShortCircuitEdges
[       OK ] SemanticLogicalTest.SkipsMissingNativeCallsOnlyOnShortCircuitEdges (0 ms)
[ RUN      ] SemanticLogicalTest.RequiresBooleanOperandsOnBothRuntimePaths
[       OK ] SemanticLogicalTest.RequiresBooleanOperandsOnBothRuntimePaths (0 ms)
[ RUN      ] SemanticLogicalTest.ExecutesEveryIntegerComparisonPredicate
[       OK ] SemanticLogicalTest.ExecutesEveryIntegerComparisonPredicate (0 ms)
[ RUN      ] SemanticLogicalTest.RestrictsComparisonsToMatchingIntegersOrBoolEquality
[       OK ] SemanticLogicalTest.RestrictsComparisonsToMatchingIntegersOrBoolEquality (0 ms)
[ RUN      ] SemanticLogicalTest.SeparatesBooleanResultsFromIntegerOperandInference
[       OK ] SemanticLogicalTest.SeparatesBooleanResultsFromIntegerOperandInference (0 ms)
[ RUN      ] SemanticLogicalTest.PreservesSignednessAndWideLiteralOperands
[       OK ] SemanticLogicalTest.PreservesSignednessAndWideLiteralOperands (0 ms)
[ RUN      ] SemanticLogicalTest.MaterializesParenthesizedSignedMinimaAtTheTargetWidth
[       OK ] SemanticLogicalTest.MaterializesParenthesizedSignedMinimaAtTheTargetWidth (0 ms)
[ RUN      ] SemanticLogicalTest.RejectsOutOfRangeParenthesizedSignedLiterals
[       OK ] SemanticLogicalTest.RejectsOutOfRangeParenthesizedSignedLiterals (0 ms)
[ RUN      ] SemanticLogicalTest.PreservesComptimeShortCircuitAndSharedFunctionExecution
[       OK ] SemanticLogicalTest.PreservesComptimeShortCircuitAndSharedFunctionExecution (0 ms)
[ RUN      ] SemanticLogicalTest.ChecksDeferredLiteralBudgetsBeforeRightOperandEffects
Running main() from D:\github\ink\src\third_party\googletest\googletest\src\gtest_main.cc
Running main() from D:\github\ink\src\third_party\googletest\googletest\src\gtest_main.cc
[       OK ] SemanticLogicalTest.ChecksDeferredLiteralBudgetsBeforeRightOperandEffects (55 ms)
[ RUN      ] SemanticLogicalTest.ExecutesOperandSideEffectsExactlyOnce
[       OK ] SemanticLogicalTest.ExecutesOperandSideEffectsExactlyOnce (0 ms)
[----------] 12 tests from SemanticLogicalTest (59 ms total)

[----------] 26 tests from SemanticLoopTest
[ RUN      ] SemanticLoopTest.WhileZeroOneAndManyIterations
[       OK ] SemanticLoopTest.WhileZeroOneAndManyIterations (0 ms)
[ RUN      ] SemanticLoopTest.WhileBreakContinueAndEarlyReturn
[       OK ] SemanticLoopTest.WhileBreakContinueAndEarlyReturn (0 ms)
[ RUN      ] SemanticLoopTest.ClassicForHeaderForms
[       OK ] SemanticLoopTest.ClassicForHeaderForms (0 ms)
[ RUN      ] SemanticLoopTest.ClassicForStepOrdering
[       OK ] SemanticLoopTest.ClassicForStepOrdering (0 ms)
[ RUN      ] SemanticLoopTest.UpdatesHaveValueAndSingleEvaluation
[       OK ] SemanticLoopTest.UpdatesHaveValueAndSingleEvaluation (0 ms)
[ RUN      ] SemanticLoopTest.NestedLoopsKeepIndependentTargets
[       OK ] SemanticLoopTest.NestedLoopsKeepIndependentTargets (0 ms)
[ RUN      ] SemanticLoopTest.ConditionEffectsAndShortCircuit
[       OK ] SemanticLoopTest.ConditionEffectsAndShortCircuit (0 ms)
[ RUN      ] SemanticLoopTest.ForInSnapshotsArraysAndScopesBindings
[       OK ] SemanticLoopTest.ForInSnapshotsArraysAndScopesBindings (0 ms)
[ RUN      ] SemanticLoopTest.ForInCallAndNestedArrays
[       OK ] SemanticLoopTest.ForInCallAndNestedArrays (0 ms)
[ RUN      ] SemanticLoopTest.ForInArrayDestructuring
[       OK ] SemanticLoopTest.ForInArrayDestructuring (0 ms)
[ RUN      ] SemanticLoopTest.ExecutesAllLoopFormsInComptimeCalls
[       OK ] SemanticLoopTest.ExecutesAllLoopFormsInComptimeCalls (0 ms)
[ RUN      ] SemanticLoopTest.ExpandsAndEvaluatesComptimeForIn
[       OK ] SemanticLoopTest.ExpandsAndEvaluatesComptimeForIn (0 ms)
[ RUN      ] SemanticLoopTest.MixesStaticAndRuntimeLoops
[       OK ] SemanticLoopTest.MixesStaticAndRuntimeLoops (0 ms)
[ RUN      ] SemanticLoopTest.MergesInitializationAtLoopExits
[       OK ] SemanticLoopTest.MergesInitializationAtLoopExits (0 ms)
[ RUN      ] SemanticLoopTest.RejectsConditionalOrSkippedInitialization
[       OK ] SemanticLoopTest.RejectsConditionalOrSkippedInitialization (0 ms)
[ RUN      ] SemanticLoopTest.EnforcesLoopScopes
[       OK ] SemanticLoopTest.EnforcesLoopScopes (0 ms)
[ RUN      ] SemanticLoopTest.RejectsInvalidConditionsAndIterables
[       OK ] SemanticLoopTest.RejectsInvalidConditionsAndIterables (0 ms)
[ RUN      ] SemanticLoopTest.RejectsInvalidUpdateOperands
[       OK ] SemanticLoopTest.RejectsInvalidUpdateOperands (0 ms)
[ RUN      ] SemanticLoopTest.TracksConstructorFieldsThroughLoops
[       OK ] SemanticLoopTest.TracksConstructorFieldsThroughLoops (0 ms)
[ RUN      ] SemanticLoopTest.RejectsInvalidLoopTransfers
[       OK ] SemanticLoopTest.RejectsInvalidLoopTransfers (0 ms)
[ RUN      ] SemanticLoopTest.RejectsInvalidIterationPatterns
[       OK ] SemanticLoopTest.RejectsInvalidIterationPatterns (0 ms)
[ RUN      ] SemanticLoopTest.ChecksReachabilityAndMissingReturns
[       OK ] SemanticLoopTest.ChecksReachabilityAndMissingReturns (0 ms)
[ RUN      ] SemanticLoopTest.DestroysIterationAndHeaderObjectsExactlyOnce
[       OK ] SemanticLoopTest.DestroysIterationAndHeaderObjectsExactlyOnce (0 ms)
[ RUN      ] SemanticLoopTest.DestroysIterableAndElementCopies
[       OK ] SemanticLoopTest.DestroysIterableAndElementCopies (0 ms)
[ RUN      ] SemanticLoopTest.DestroysConditionAndStepTemporaries
[       OK ] SemanticLoopTest.DestroysConditionAndStepTemporaries (0 ms)
[ RUN      ] SemanticLoopTest.BoundsInfiniteRuntimeExecution
[       OK ] SemanticLoopTest.BoundsInfiniteRuntimeExecution (0 ms)
[----------] 26 tests from SemanticLoopTest (8 ms total)

[----------] 3 tests from SemanticModuleDeclTest
[ RUN      ] SemanticModuleDeclTest.ModuleOwnsIndependentDeclarationTree
[       OK ] SemanticModuleDeclTest.ModuleOwnsIndependentDeclarationTree (0 ms)
[ RUN      ] SemanticModuleDeclTest.RejectsDuplicateRootsAndForeignOwners
[       OK ] SemanticModuleDeclTest.RejectsDuplicateRootsAndForeignOwners (0 ms)
[ RUN      ] SemanticModuleDeclTest.DeclarationTreeFollowsModuleOwnership
[       OK ] SemanticModuleDeclTest.DeclarationTreeFollowsModuleOwnership (0 ms)
[----------] 3 tests from SemanticModuleDeclTest (0 ms total)

[----------] 26 tests from SemanticModuleImportTest
[ RUN      ] SemanticModuleImportTest.ImportsRealFunctionsWithAliases
[       OK ] SemanticModuleImportTest.ImportsRealFunctionsWithAliases (0 ms)
[ RUN      ] SemanticModuleImportTest.ResolvesQualifiedModuleCalls
[       OK ] SemanticModuleImportTest.ResolvesQualifiedModuleCalls (0 ms)
[ RUN      ] SemanticModuleImportTest.ResolvesMutualRecursionRegardlessOfInputOrder
[       OK ] SemanticModuleImportTest.ResolvesMutualRecursionRegardlessOfInputOrder (0 ms)
[ RUN      ] SemanticModuleImportTest.PreparesImportedComptimeDependenciesBeforeExecution
[       OK ] SemanticModuleImportTest.PreparesImportedComptimeDependenciesBeforeExecution (0 ms)
[ RUN      ] SemanticModuleImportTest.PreservesDefinitionSnapshotsAcrossModuleOrder
[       OK ] SemanticModuleImportTest.PreservesDefinitionSnapshotsAcrossModuleOrder (0 ms)
[ RUN      ] SemanticModuleImportTest.SupportsForwardDefinitionsWithoutImports
[       OK ] SemanticModuleImportTest.SupportsForwardDefinitionsWithoutImports (0 ms)
[ RUN      ] SemanticModuleImportTest.ExecutesComptimeAcrossRecursiveModuleGraph
[       OK ] SemanticModuleImportTest.ExecutesComptimeAcrossRecursiveModuleGraph (0 ms)
[ RUN      ] SemanticModuleImportTest.RejectsCyclicComptimeBodyDependency
[       OK ] SemanticModuleImportTest.RejectsCyclicComptimeBodyDependency (0 ms)
[ RUN      ] SemanticModuleImportTest.RejectsExecutingIncompleteLocalFunction
[       OK ] SemanticModuleImportTest.RejectsExecutingIncompleteLocalFunction (0 ms)
[ RUN      ] SemanticModuleImportTest.RejectsAdvancingInitializationPastActiveDefinition
[       OK ] SemanticModuleImportTest.RejectsAdvancingInitializationPastActiveDefinition (0 ms)
[ RUN      ] SemanticModuleImportTest.PreservesScopeDuringTopLevelComptimeReentry
[       OK ] SemanticModuleImportTest.PreservesScopeDuringTopLevelComptimeReentry (0 ms)
[ RUN      ] SemanticModuleImportTest.RejectsAdvancingInitializationPastActiveStatement
[       OK ] SemanticModuleImportTest.RejectsAdvancingInitializationPastActiveStatement (0 ms)
[ RUN      ] SemanticModuleImportTest.AllowsPrivateAliasesWithinDefiningModule
[       OK ] SemanticModuleImportTest.AllowsPrivateAliasesWithinDefiningModule (0 ms)
[ RUN      ] SemanticModuleImportTest.ResolvesRelativeImportsWithinSourceRoot
[       OK ] SemanticModuleImportTest.ResolvesRelativeImportsWithinSourceRoot (0 ms)
[ RUN      ] SemanticModuleImportTest.FiltersPrivateOverloadsBeforeResolution
[       OK ] SemanticModuleImportTest.FiltersPrivateOverloadsBeforeResolution (0 ms)
[ RUN      ] SemanticModuleImportTest.ReportsInvalidImportsAsUserErrors
[       OK ] SemanticModuleImportTest.ReportsInvalidImportsAsUserErrors (0 ms)
[ RUN      ] SemanticModuleImportTest.PreservesClassDefaultDefinitionSnapshot
[       OK ] SemanticModuleImportTest.PreservesClassDefaultDefinitionSnapshot (0 ms)
[ RUN      ] SemanticModuleImportTest.RejectsDuplicateModuleIdentities
[       OK ] SemanticModuleImportTest.RejectsDuplicateModuleIdentities (0 ms)
[ RUN      ] SemanticModuleImportTest.StoresFunctionVisibilityInIr
[       OK ] SemanticModuleImportTest.StoresFunctionVisibilityInIr (0 ms)
[ RUN      ] SemanticModuleImportTest.ImportsPublicCAbiDefinitionsAndKeepsPrivateExportsHidden
[       OK ] SemanticModuleImportTest.ImportsPublicCAbiDefinitionsAndKeepsPrivateExportsHidden (0 ms)
[ RUN      ] SemanticModuleImportTest.ImportsPublicNativeDeclarations
[       OK ] SemanticModuleImportTest.ImportsPublicNativeDeclarations (0 ms)
[ RUN      ] SemanticModuleImportTest.NativeImportsResolveExportedDefinitions
[       OK ] SemanticModuleImportTest.NativeImportsResolveExportedDefinitions (0 ms)
[ RUN      ] SemanticModuleImportTest.ConvertsComptimeStringsForCAbiDefinitions
[       OK ] SemanticModuleImportTest.ConvertsComptimeStringsForCAbiDefinitions (0 ms)
[ RUN      ] SemanticModuleImportTest.RejectsNativeImportExportSignatureMismatch
[       OK ] SemanticModuleImportTest.RejectsNativeImportExportSignatureMismatch (0 ms)
[ RUN      ] SemanticModuleImportTest.RejectsDuplicatePrivateNativeExportsAcrossModules
[       OK ] SemanticModuleImportTest.RejectsDuplicatePrivateNativeExportsAcrossModules (0 ms)
[ RUN      ] SemanticModuleImportTest.RejectsPrototypesAndPublicLocals
[       OK ] SemanticModuleImportTest.RejectsPrototypesAndPublicLocals (0 ms)
[----------] 26 tests from SemanticModuleImportTest (4 ms total)

[----------] 11 tests from SemanticNameResolverTest
[ RUN      ] SemanticNameResolverTest.ScopeGuardsRestoreLookupOnEarlyReturn
[       OK ] SemanticNameResolverTest.ScopeGuardsRestoreLookupOnEarlyReturn (0 ms)
[ RUN      ] SemanticNameResolverTest.MemberScopeGuardsHandleFailedEntry
[       OK ] SemanticNameResolverTest.MemberScopeGuardsHandleFailedEntry (0 ms)
[ RUN      ] SemanticNameResolverTest.ResolvesNearestLexicalBinding
[       OK ] SemanticNameResolverTest.ResolvesNearestLexicalBinding (0 ms)
[ RUN      ] SemanticNameResolverTest.CollectsOverloadsWithoutSelectingOrMergingEntities
[       OK ] SemanticNameResolverTest.CollectsOverloadsWithoutSelectingOrMergingEntities (0 ms)
[ RUN      ] SemanticNameResolverTest.RejectsNonFunctionCollisionsWithoutReplacingBindings
[       OK ] SemanticNameResolverTest.RejectsNonFunctionCollisionsWithoutReplacingBindings (0 ms)
[ RUN      ] SemanticNameResolverTest.HidesOuterOverloadSetsAsAWhole
[       OK ] SemanticNameResolverTest.HidesOuterOverloadSetsAsAWhole (0 ms)
[ RUN      ] SemanticNameResolverTest.RejectsForeignInputsAndLeavesMissesUnchanged
[       OK ] SemanticNameResolverTest.RejectsForeignInputsAndLeavesMissesUnchanged (0 ms)
[ RUN      ] SemanticNameResolverTest.QualifiedAndRelativePathsShareMemberBindings
[       OK ] SemanticNameResolverTest.QualifiedAndRelativePathsShareMemberBindings (0 ms)
[ RUN      ] SemanticNameResolverTest.MemberLookupStaysWithinOwnerScope
[       OK ] SemanticNameResolverTest.MemberLookupStaysWithinOwnerScope (0 ms)
[ RUN      ] SemanticNameResolverTest.MemberScopesUseEntityIdentityAndRejectInvalidRequests
[       OK ] SemanticNameResolverTest.MemberScopesUseEntityIdentityAndRejectInvalidRequests (0 ms)
[ RUN      ] SemanticNameResolverTest.PreservesScopesAndBindingsAcrossGrowth
[       OK ] SemanticNameResolverTest.PreservesScopesAndBindingsAcrossGrowth (2 ms)
[----------] 11 tests from SemanticNameResolverTest (2 ms total)

[----------] 8 tests from SemanticScopeStoreTest
[ RUN      ] SemanticScopeStoreTest.PreservesBindingsAfterResolverDestruction
[       OK ] SemanticScopeStoreTest.PreservesBindingsAfterResolverDestruction (0 ms)
[ RUN      ] SemanticScopeStoreTest.KeepsModuleCursorsAndLocalsIndependent
[       OK ] SemanticScopeStoreTest.KeepsModuleCursorsAndLocalsIndependent (0 ms)
[ RUN      ] SemanticScopeStoreTest.ResumesWithTheStartingScopesContext
[       OK ] SemanticScopeStoreTest.ResumesWithTheStartingScopesContext (0 ms)
[ RUN      ] SemanticScopeStoreTest.RemovesDestroyedValueBindingsAndMemberScope
[       OK ] SemanticScopeStoreTest.RemovesDestroyedValueBindingsAndMemberScope (0 ms)
[ RUN      ] SemanticScopeStoreTest.RemovesOnlyDestroyedOverloadCandidates
[       OK ] SemanticScopeStoreTest.RemovesOnlyDestroyedOverloadCandidates (0 ms)
[ RUN      ] SemanticScopeStoreTest.SnapshotFreezesVisibleNamesAcrossLaterShadowing
[       OK ] SemanticScopeStoreTest.SnapshotFreezesVisibleNamesAcrossLaterShadowing (0 ms)
[ RUN      ] SemanticScopeStoreTest.SnapshotFreezesOverloadsAndTracksTargetDestruction
[       OK ] SemanticScopeStoreTest.SnapshotFreezesOverloadsAndTracksTargetDestruction (0 ms)
[ RUN      ] SemanticScopeStoreTest.SnapshotRejectsForeignScopes
[       OK ] SemanticScopeStoreTest.SnapshotRejectsForeignScopes (0 ms)
[----------] 8 tests from SemanticScopeStoreTest (0 ms total)

[----------] 5 tests from ArrayArtifactTest
[ RUN      ] ArrayArtifactTest.RoundTripsNestedAndEmptyArrayConstants
[       OK ] ArrayArtifactTest.RoundTripsNestedAndEmptyArrayConstants (0 ms)
[ RUN      ] ArrayArtifactTest.LinksArraysAcrossIndependentTypeTables
[       OK ] ArrayArtifactTest.LinksArraysAcrossIndependentTypeTables (0 ms)
[ RUN      ] ArrayArtifactTest.RejectsArrayLengthSignatureMismatch
[       OK ] ArrayArtifactTest.RejectsArrayLengthSignatureMismatch (0 ms)
[ RUN      ] ArrayArtifactTest.RejectsCorruptArrayConstantPayloads
[       OK ] ArrayArtifactTest.RejectsCorruptArrayConstantPayloads (0 ms)
[ RUN      ] ArrayArtifactTest.RejectsTruncatedNestedArrayArchive
[       OK ] ArrayArtifactTest.RejectsTruncatedNestedArrayArchive (3 ms)
[----------] 5 tests from ArrayArtifactTest (4 ms total)

[----------] 12 tests from BytecodeArchiveTest
[ RUN      ] BytecodeArchiveTest.ProducesDeterministicBytesAcrossHashLayoutsAndRoundTrips
[       OK ] BytecodeArchiveTest.ProducesDeterministicBytesAcrossHashLayoutsAndRoundTrips (0 ms)
[ RUN      ] BytecodeArchiveTest.PreservesLocalCAbiAndPrivateNativeExportBodies
[       OK ] BytecodeArchiveTest.PreservesLocalCAbiAndPrivateNativeExportBodies (0 ms)
[ RUN      ] BytecodeArchiveTest.RejectsTruncationAtEveryByteBoundary
[       OK ] BytecodeArchiveTest.RejectsTruncationAtEveryByteBoundary (1 ms)
[ RUN      ] BytecodeArchiveTest.RejectsBadMagicAndTrailingData
[       OK ] BytecodeArchiveTest.RejectsBadMagicAndTrailingData (0 ms)
[ RUN      ] BytecodeArchiveTest.RejectsUnknownContainerAndInstructionVersions
[       OK ] BytecodeArchiveTest.RejectsUnknownContainerAndInstructionVersions (0 ms)
[ RUN      ] BytecodeArchiveTest.RejectsIncompatibleTarget
[       OK ] BytecodeArchiveTest.RejectsIncompatibleTarget (0 ms)
[ RUN      ] BytecodeArchiveTest.EnforcesResourceBudgetsWithoutReturningPartialArtifacts
[       OK ] BytecodeArchiveTest.EnforcesResourceBudgetsWithoutReturningPartialArtifacts (0 ms)
[ RUN      ] BytecodeArchiveTest.RejectsEmbeddedHostPointers
[       OK ] BytecodeArchiveTest.RejectsEmbeddedHostPointers (0 ms)
[ RUN      ] BytecodeArchiveTest.RejectsInvalidExecutableInstructions
[       OK ] BytecodeArchiveTest.RejectsInvalidExecutableInstructions (0 ms)
[ RUN      ] BytecodeArchiveTest.ReportsMissingFilesAsIoErrors
[       OK ] BytecodeArchiveTest.ReportsMissingFilesAsIoErrors (0 ms)
[ RUN      ] BytecodeArchiveTest.PreservesWideIntegerConstantsWithoutSourceIR
[       OK ] BytecodeArchiveTest.PreservesWideIntegerConstantsWithoutSourceIR (0 ms)
[ RUN      ] BytecodeArchiveTest.ReloadsCStringBytesAndNativeImportsForFreshCalls
[       OK ] BytecodeArchiveTest.ReloadsCStringBytesAndNativeImportsForFreshCalls (0 ms)
[----------] 12 tests from BytecodeArchiveTest (3 ms total)

[----------] 10 tests from BytecodeBuilderTest
[ RUN      ] BytecodeBuilderTest.PreservesUppercaseGenericConstantBits
[       OK ] BytecodeBuilderTest.PreservesUppercaseGenericConstantBits (0 ms)
[ RUN      ] BytecodeBuilderTest.ImportsAnalyzedDefinitionsWithoutEmittingTheirBodies
[       OK ] BytecodeBuilderTest.ImportsAnalyzedDefinitionsWithoutEmittingTheirBodies (0 ms)
[ RUN      ] BytecodeBuilderTest.ImportsLocalAndExportedCAbiDefinitionsAsModuleReferences
[       OK ] BytecodeBuilderTest.ImportsLocalAndExportedCAbiDefinitionsAsModuleReferences (0 ms)
[ RUN      ] BytecodeBuilderTest.RejectsUnsupportedCAbiDefinitionSignatures
[       OK ] BytecodeBuilderTest.RejectsUnsupportedCAbiDefinitionSignatures (0 ms)
[ RUN      ] BytecodeBuilderTest.TemporarilyDisablesRuntimeNativeResolution
[       OK ] BytecodeBuilderTest.TemporarilyDisablesRuntimeNativeResolution (0 ms)
[ RUN      ] BytecodeBuilderTest.RejectsReferencedFunctionsWithoutMetadata
[       OK ] BytecodeBuilderTest.RejectsReferencedFunctionsWithoutMetadata (0 ms)
[ RUN      ] BytecodeBuilderTest.RejectsMetadataWithAnotherFunctionSignature
[       OK ] BytecodeBuilderTest.RejectsMetadataWithAnotherFunctionSignature (0 ms)
[ RUN      ] BytecodeBuilderTest.PreservesTypeDepthLimitStatusDuringObjectConstruction
[       OK ] BytecodeBuilderTest.PreservesTypeDepthLimitStatusDuringObjectConstruction (0 ms)
[ RUN      ] BytecodeBuilderTest.CompilesUncalledDefinitionsForLaterEntrySelection
[       OK ] BytecodeBuilderTest.CompilesUncalledDefinitionsForLaterEntrySelection (0 ms)
[ RUN      ] BytecodeBuilderTest.FreezesTypeTableBeforeReturningObject
[       OK ] BytecodeBuilderTest.FreezesTypeTableBeforeReturningObject (0 ms)
[----------] 10 tests from BytecodeBuilderTest (0 ms total)

[----------] 15 tests from BytecodeLinkerTest
[ RUN      ] BytecodeLinkerTest.LinksIndependentFilesAndRunsFunctionValuesWithoutSourceIR
[       OK ] BytecodeLinkerTest.LinksIndependentFilesAndRunsFunctionValuesWithoutSourceIR (4 ms)
[ RUN      ] BytecodeLinkerTest.DistinguishesEqualNamesFromDifferentModules
[       OK ] BytecodeLinkerTest.DistinguishesEqualNamesFromDifferentModules (0 ms)
[ RUN      ] BytecodeLinkerTest.BindsNativeImportsToPrivateExportBodies
[       OK ] BytecodeLinkerTest.BindsNativeImportsToPrivateExportBodies (0 ms)
[ RUN      ] BytecodeLinkerTest.RejectsNativeImportExportSignatureMismatch
[       OK ] BytecodeLinkerTest.RejectsNativeImportExportSignatureMismatch (0 ms)
[ RUN      ] BytecodeLinkerTest.DoesNotBindNativeImportsToUnexportedCAbiDefinitions
[       OK ] BytecodeLinkerTest.DoesNotBindNativeImportsToUnexportedCAbiDefinitions (0 ms)
[ RUN      ] BytecodeLinkerTest.RejectsDuplicatePrivateNativeExportsAcrossModules
[       OK ] BytecodeLinkerTest.RejectsDuplicatePrivateNativeExportsAcrossModules (0 ms)
[ RUN      ] BytecodeLinkerTest.AllowsRepeatedNamesForLocalCAbiDefinitions
[       OK ] BytecodeLinkerTest.AllowsRepeatedNamesForLocalCAbiDefinitions (0 ms)
[ RUN      ] BytecodeLinkerTest.RejectsModuleImportAbiMismatches
[       OK ] BytecodeLinkerTest.RejectsModuleImportAbiMismatches (0 ms)
[ RUN      ] BytecodeLinkerTest.RestrictsModuleSymbolsToTheirModule
[       OK ] BytecodeLinkerTest.RestrictsModuleSymbolsToTheirModule (0 ms)
[ RUN      ] BytecodeLinkerTest.KeepsPrivateBindingsWithinTheirObject
[       OK ] BytecodeLinkerTest.KeepsPrivateBindingsWithinTheirObject (0 ms)
[ RUN      ] BytecodeLinkerTest.RejectsDuplicateAndMissingSymbols
[       OK ] BytecodeLinkerTest.RejectsDuplicateAndMissingSymbols (0 ms)
[ RUN      ] BytecodeLinkerTest.RejectsMismatchedImportedSignature
[       OK ] BytecodeLinkerTest.RejectsMismatchedImportedSignature (0 ms)
[ RUN      ] BytecodeLinkerTest.IsolatesSameNamedPrivateDefinitionsAcrossObjects
[       OK ] BytecodeLinkerTest.IsolatesSameNamedPrivateDefinitionsAcrossObjects (0 ms)
[ RUN      ] BytecodeLinkerTest.ResolvesOverloadedSignaturesIndependently
[       OK ] BytecodeLinkerTest.ResolvesOverloadedSignaturesIndependently (0 ms)
[ RUN      ] BytecodeLinkerTest.DistinguishesGenericArgumentKindsTypesAndValues
[       OK ] BytecodeLinkerTest.DistinguishesGenericArgumentKindsTypesAndValues (0 ms)
[----------] 15 tests from BytecodeLinkerTest (7 ms total)

[----------] 7 tests from BytecodeValidationTest
[ RUN      ] BytecodeValidationTest.RejectsInconsistentNativeBoundaryMetadata
[       OK ] BytecodeValidationTest.RejectsInconsistentNativeBoundaryMetadata (0 ms)
[ RUN      ] BytecodeValidationTest.RejectsMalformedAndOversizedUnusedLayouts
[       OK ] BytecodeValidationTest.RejectsMalformedAndOversizedUnusedLayouts (0 ms)
[ RUN      ] BytecodeValidationTest.RejectsMissingAndCyclicTypeReferences
[       OK ] BytecodeValidationTest.RejectsMissingAndCyclicTypeReferences (0 ms)
[ RUN      ] BytecodeValidationTest.EnforcesTypeDepthOnUnusedLayouts
[       OK ] BytecodeValidationTest.EnforcesTypeDepthOnUnusedLayouts (0 ms)
[ RUN      ] BytecodeValidationTest.RejectsForgedFunctionConstantsInUnusedSlots
[       OK ] BytecodeValidationTest.RejectsForgedFunctionConstantsInUnusedSlots (0 ms)
[ RUN      ] BytecodeValidationTest.RejectsInvalidUnreferencedCallRecords
[       OK ] BytecodeValidationTest.RejectsInvalidUnreferencedCallRecords (0 ms)
[ RUN      ] BytecodeValidationTest.RejectsNoncanonicalGenericArguments
[       OK ] BytecodeValidationTest.RejectsNoncanonicalGenericArguments (0 ms)
[----------] 7 tests from BytecodeValidationTest (0 ms total)

[----------] 5 tests from ClassArtifactTest
[ RUN      ] ClassArtifactTest.RoundTripsClassConstantsAndRejectsTruncation
[       OK ] ClassArtifactTest.RoundTripsClassConstantsAndRejectsTruncation (1 ms)
[ RUN      ] ClassArtifactTest.LinksClassValuesAcrossIndependentContexts
[       OK ] ClassArtifactTest.LinksClassValuesAcrossIndependentContexts (0 ms)
[ RUN      ] ClassArtifactTest.PreservesNominalIdentityAndRejectsConflictingDefinitions
[       OK ] ClassArtifactTest.PreservesNominalIdentityAndRejectsConflictingDefinitions (0 ms)
[ RUN      ] ClassArtifactTest.RoundTripsRecursiveClassPointers
[       OK ] ClassArtifactTest.RoundTripsRecursiveClassPointers (0 ms)
[ RUN      ] ClassArtifactTest.RejectsCorruptClassFieldOffsets
[       OK ] ClassArtifactTest.RejectsCorruptClassFieldOffsets (0 ms)
[----------] 5 tests from ClassArtifactTest (2 ms total)

[----------] 6 tests from ArrayBytecodeTest
[ RUN      ] ArrayBytecodeTest.LowersArrayOperationsAndEscapingElementAddresses
[       OK ] ArrayBytecodeTest.LowersArrayOperationsAndEscapingElementAddresses (0 ms)
[ RUN      ] ArrayBytecodeTest.VerifierRejectsInvalidArraySlotsTypesAndSourceTables
[       OK ] ArrayBytecodeTest.VerifierRejectsInvalidArraySlotsTypesAndSourceTables (0 ms)
[ RUN      ] ArrayBytecodeTest.ChecksNegativeWideAndOutOfRangeIndices
[       OK ] ArrayBytecodeTest.ChecksNegativeWideAndOutOfRangeIndices (0 ms)
[ RUN      ] ArrayBytecodeTest.ArrayCopiesRemainIndependentOfIndexedMutation
[       OK ] ArrayBytecodeTest.ArrayCopiesRemainIndependentOfIndexedMutation (0 ms)
[ RUN      ] ArrayBytecodeTest.CopiesRawPointerInsideReturnedArray
[       OK ] ArrayBytecodeTest.CopiesRawPointerInsideReturnedArray (0 ms)
[ RUN      ] ArrayBytecodeTest.EmptyRepeatEvaluatesInitializerExactlyOnce
[       OK ] ArrayBytecodeTest.EmptyRepeatEvaluatesInitializerExactlyOnce (0 ms)
[----------] 6 tests from ArrayBytecodeTest (0 ms total)

[----------] 6 tests from ClassBytecodeTest
[ RUN      ] ClassBytecodeTest.LowersAndVerifiesClassOperations
[       OK ] ClassBytecodeTest.LowersAndVerifiesClassOperations (0 ms)
[ RUN      ] ClassBytecodeTest.CopiesAreIndependentAndFieldAddressesSurviveAssignment
[       OK ] ClassBytecodeTest.CopiesAreIndependentAndFieldAddressesSurviveAssignment (0 ms)
[ RUN      ] ClassBytecodeTest.FreezesNestedClassesContainingArrays
[       OK ] ClassBytecodeTest.FreezesNestedClassesContainingArrays (0 ms)
[ RUN      ] ClassBytecodeTest.CopiesRawPointerInsideReturnedClass
[       OK ] ClassBytecodeTest.CopiesRawPointerInsideReturnedClass (0 ms)
[ RUN      ] ClassBytecodeTest.RejectsUninitializedProjectionAndReadonlyMutation
[       OK ] ClassBytecodeTest.RejectsUninitializedProjectionAndReadonlyMutation (0 ms)
[ RUN      ] ClassBytecodeTest.RejectsByValueClassesAtTheNativeBoundary
[       OK ] ClassBytecodeTest.RejectsByValueClassesAtTheNativeBoundary (0 ms)
[----------] 6 tests from ClassBytecodeTest (0 ms total)

[----------] 19 tests from ExecutionCompilerTest
[ RUN      ] ExecutionCompilerTest.AssignsParameterSlotsAndDeduplicatesConstants
[       OK ] ExecutionCompilerTest.AssignsParameterSlotsAndDeduplicatesConstants (0 ms)
[ RUN      ] ExecutionCompilerTest.SelectsIntegerWidthsAndComparisonSignedness
[       OK ] ExecutionCompilerTest.SelectsIntegerWidthsAndComparisonSignedness (0 ms)
[ RUN      ] ExecutionCompilerTest.FixesBranchOffsetsAndPreservesMissingTerminators
[       OK ] ExecutionCompilerTest.FixesBranchOffsetsAndPreservesMissingTerminators (0 ms)
[ RUN      ] ExecutionCompilerTest.ResolvesDirectAndIndirectCallSites
[       OK ] ExecutionCompilerTest.ResolvesDirectAndIndirectCallSites (0 ms)
[ RUN      ] ExecutionCompilerTest.UsesLocalMemoryInstructionsOnlyForUnobservedAddresses
[       OK ] ExecutionCompilerTest.UsesLocalMemoryInstructionsOnlyForUnobservedAddresses (0 ms)
[ RUN      ] ExecutionCompilerTest.PreservesEscapingAllocationIdentities
[       OK ] ExecutionCompilerTest.PreservesEscapingAllocationIdentities (0 ms)
[ RUN      ] ExecutionCompilerTest.DetectsAddressReferencesInsideNestedFunctions
[       OK ] ExecutionCompilerTest.DetectsAddressReferencesInsideNestedFunctions (0 ms)
[ RUN      ] ExecutionCompilerTest.ScansDeepFunctionTreesWithoutRecursiveTraversal
[       OK ] ExecutionCompilerTest.ScansDeepFunctionTreesWithoutRecursiveTraversal (34 ms)
[ RUN      ] ExecutionCompilerTest.LeavesUnavailableOperandsUninitialized
[       OK ] ExecutionCompilerTest.LeavesUnavailableOperandsUninitialized (0 ms)
[ RUN      ] ExecutionCompilerTest.RetainsCStringAllocationAsAnInstruction
[       OK ] ExecutionCompilerTest.RetainsCStringAllocationAsAnInstruction (0 ms)
[ RUN      ] ExecutionCompilerTest.RejectsMalformedOperandsAndSpecializations
[       OK ] ExecutionCompilerTest.RejectsMalformedOperandsAndSpecializations (0 ms)
[ RUN      ] ExecutionCompilerTest.RejectsInvalidLocalMemoryProvenance
[       OK ] ExecutionCompilerTest.RejectsInvalidLocalMemoryProvenance (0 ms)
[ RUN      ] ExecutionCompilerTest.RejectsMismatchedInitializersAndInvalidCallArguments
[       OK ] ExecutionCompilerTest.RejectsMismatchedInitializersAndInvalidCallArguments (0 ms)
[ RUN      ] ExecutionCompilerTest.OwnsRuntimeDataBeyondIRLifetime
[       OK ] ExecutionCompilerTest.OwnsRuntimeDataBeyondIRLifetime (0 ms)
[ RUN      ] ExecutionCompilerTest.SpecializesManagedIntegerMemoryAccesses
[       OK ] ExecutionCompilerTest.SpecializesManagedIntegerMemoryAccesses (0 ms)
[ RUN      ] ExecutionCompilerTest.AssignsDistinctLocalFrameCells
[       OK ] ExecutionCompilerTest.AssignsDistinctLocalFrameCells (0 ms)
[ RUN      ] ExecutionCompilerTest.PreservesTypeIdentitySeparatelyFromStorageSize
[       OK ] ExecutionCompilerTest.PreservesTypeIdentitySeparatelyFromStorageSize (0 ms)
[ RUN      ] ExecutionCompilerTest.RejectsCorruptedConstantByteRanges
[       OK ] ExecutionCompilerTest.RejectsCorruptedConstantByteRanges (0 ms)
[ RUN      ] ExecutionCompilerTest.RejectsMismatchedIndirectCallSignatures
[       OK ] ExecutionCompilerTest.RejectsMismatchedIndirectCallSignatures (0 ms)
[----------] 19 tests from ExecutionCompilerTest (35 ms total)

[----------] 10 tests from BytecodeExecutionTest
[ RUN      ] BytecodeExecutionTest.ResolvesNativeExportsAndInvalidatesTheirBinding
[       OK ] BytecodeExecutionTest.ResolvesNativeExportsAndInvalidatesTheirBinding (1 ms)
[ RUN      ] BytecodeExecutionTest.CopiesCAbiStringArgumentsAndReclaimsTemporaryBuffers
[       OK ] BytecodeExecutionTest.CopiesCAbiStringArgumentsAndReclaimsTemporaryBuffers (0 ms)
[ RUN      ] BytecodeExecutionTest.PreservesReturnedCAbiStringAlias
[       OK ] BytecodeExecutionTest.PreservesReturnedCAbiStringAlias (0 ms)
[ RUN      ] BytecodeExecutionTest.ReclaimsCAbiStringBuffersWhenArgumentPreparationFails
[       OK ] BytecodeExecutionTest.ReclaimsCAbiStringBuffersWhenArgumentPreparationFails (0 ms)
[ RUN      ] BytecodeExecutionTest.RecompilesAfterReturnReplacement
[       OK ] BytecodeExecutionTest.RecompilesAfterReturnReplacement (0 ms)
[ RUN      ] BytecodeExecutionTest.ExecutesBodyAddedAfterMissingBodyFailure
[       OK ] BytecodeExecutionTest.ExecutesBodyAddedAfterMissingBodyFailure (0 ms)
[ RUN      ] BytecodeExecutionTest.DiscardsCodeForDestroyedFunctions
[       OK ] BytecodeExecutionTest.DiscardsCodeForDestroyedFunctions (0 ms)
[ RUN      ] BytecodeExecutionTest.IndirectCallsReadCurrentFunctionParameters
[       OK ] BytecodeExecutionTest.IndirectCallsReadCurrentFunctionParameters (0 ms)
[ RUN      ] BytecodeExecutionTest.SignedComparisonsRespectEveryNativeWidthBoundary
[       OK ] BytecodeExecutionTest.SignedComparisonsRespectEveryNativeWidthBoundary (0 ms)
[ RUN      ] BytecodeExecutionTest.DeepCallChainUsesExplicitFramesAndUnwindsStorage
[       OK ] BytecodeExecutionTest.DeepCallChainUsesExplicitFramesAndUnwindsStorage (5 ms)
[----------] 10 tests from BytecodeExecutionTest (7 ms total)

[----------] 5 tests from BytecodeStorageTest
[ RUN      ] BytecodeStorageTest.LoopAllocationResetsLocalInitialization
[       OK ] BytecodeStorageTest.LoopAllocationResetsLocalInitialization (0 ms)
[ RUN      ] BytecodeStorageTest.LocalFloatSnapshotsPreserveExactBits
[       OK ] BytecodeStorageTest.LocalFloatSnapshotsPreserveExactBits (0 ms)
[ RUN      ] BytecodeStorageTest.FrameLocalsAvoidManagedStorageObjects
[       OK ] BytecodeStorageTest.FrameLocalsAvoidManagedStorageObjects (0 ms)
[ RUN      ] BytecodeStorageTest.ScalarInstructionResultsRemainUnboxedAcrossNativeCalls
[       OK ] BytecodeStorageTest.ScalarInstructionResultsRemainUnboxedAcrossNativeCalls (0 ms)
[ RUN      ] BytecodeStorageTest.NativeCallbacksCanClearPlansAndResumeTheMachine
[       OK ] BytecodeStorageTest.NativeCallbacksCanClearPlansAndResumeTheMachine (0 ms)
[----------] 5 tests from BytecodeStorageTest (0 ms total)

[----------] 4 tests from ExecutionCallTest
[ RUN      ] ExecutionCallTest.CreatesFreshLocalStorageAndPreservesReturnedSnapshots
[       OK ] ExecutionCallTest.CreatesFreshLocalStorageAndPreservesReturnedSnapshots (0 ms)
[ RUN      ] ExecutionCallTest.ClosesNestedCallFramesWithoutOverwritingBodyFailure
[       OK ] ExecutionCallTest.ClosesNestedCallFramesWithoutOverwritingBodyFailure (0 ms)
[ RUN      ] ExecutionCallTest.ReturnsVoidValuesAndRejectsMissingReturns
[       OK ] ExecutionCallTest.ReturnsVoidValuesAndRejectsMissingReturns (0 ms)
[ RUN      ] ExecutionCallTest.RecursionSharesDepthBudgetAndUnwindsFrames
[       OK ] ExecutionCallTest.RecursionSharesDepthBudgetAndUnwindsFrames (0 ms)
[----------] 4 tests from ExecutionCallTest (0 ms total)

[----------] 6 tests from ExecutionConfigTest
[ RUN      ] ExecutionConfigTest.UsesRegisteredDefaultsWhenOverridesAreAbsent
[       OK ] ExecutionConfigTest.UsesRegisteredDefaultsWhenOverridesAreAbsent (0 ms)
[ RUN      ] ExecutionConfigTest.RefreshesEachLimitFromTheEnvironment
[       OK ] ExecutionConfigTest.RefreshesEachLimitFromTheEnvironment (0 ms)
[ RUN      ] ExecutionConfigTest.InvalidOverridesFallBackToRegisteredDefaults
[       OK ] ExecutionConfigTest.InvalidOverridesFallBackToRegisteredDefaults (0 ms)
[ RUN      ] ExecutionConfigTest.PreservesZeroLimitsAndStopsExecution
[       OK ] ExecutionConfigTest.PreservesZeroLimitsAndStopsExecution (0 ms)
[ RUN      ] ExecutionConfigTest.ZeroStorageByteBudgetRejectsCellAllocation
[       OK ] ExecutionConfigTest.ZeroStorageByteBudgetRejectsCellAllocation (0 ms)
[ RUN      ] ExecutionConfigTest.CapturesEngineDefaultsAndAcceptsExplicitOverrides
[       OK ] ExecutionConfigTest.CapturesEngineDefaultsAndAcceptsExplicitOverrides (0 ms)
[----------] 6 tests from ExecutionConfigTest (0 ms total)

[----------] 23 tests from ExecutionEngineTest
[ RUN      ] ExecutionEngineTest.ModuleWritesAreVisibleInOrderAndPreserveSnapshots
[       OK ] ExecutionEngineTest.ModuleWritesAreVisibleInOrderAndPreserveSnapshots (0 ms)
[ RUN      ] ExecutionEngineTest.UnboundInstructionCannotBeResolvedAsACompileTimeValue
[       OK ] ExecutionEngineTest.UnboundInstructionCannotBeResolvedAsACompileTimeValue (0 ms)
[ RUN      ] ExecutionEngineTest.EndingLocalFramePreservesModuleStorage
[       OK ] ExecutionEngineTest.EndingLocalFramePreservesModuleStorage (0 ms)
[ RUN      ] ExecutionEngineTest.EndingParentExpiresNestedLocalStorage
[       OK ] ExecutionEngineTest.EndingParentExpiresNestedLocalStorage (0 ms)
[ RUN      ] ExecutionEngineTest.LookupFollowsTheDefinitionEnvironment
[       OK ] ExecutionEngineTest.LookupFollowsTheDefinitionEnvironment (0 ms)
[ RUN      ] ExecutionEngineTest.UninitializedObjectBecomesReadableAfterStore
[       OK ] ExecutionEngineTest.UninitializedObjectBecomesReadableAfterStore (0 ms)
[ RUN      ] ExecutionEngineTest.ReadOnlyObjectRejectsMutation
[       OK ] ExecutionEngineTest.ReadOnlyObjectRejectsMutation (0 ms)
[ RUN      ] ExecutionEngineTest.ReadOnlyObjectAllowsItsFirstInitialization
[       OK ] ExecutionEngineTest.ReadOnlyObjectAllowsItsFirstInitialization (0 ms)
[ RUN      ] ExecutionEngineTest.InvalidAndDuplicateBindingsDoNotReplaceObjects
[       OK ] ExecutionEngineTest.InvalidAndDuplicateBindingsDoNotReplaceObjects (0 ms)
[ RUN      ] ExecutionEngineTest.RejectsForeignContextsFramesAndPlaces
[       OK ] ExecutionEngineTest.RejectsForeignContextsFramesAndPlaces (0 ms)
[ RUN      ] ExecutionEngineTest.TypeMismatchPreservesThePreviousValue
[       OK ] ExecutionEngineTest.TypeMismatchPreservesThePreviousValue (0 ms)
[ RUN      ] ExecutionEngineTest.StepBudgetStopsFurtherExecution
[       OK ] ExecutionEngineTest.StepBudgetStopsFurtherExecution (0 ms)
[ RUN      ] ExecutionEngineTest.EvaluationDepthIsReleasedAfterLeaving
[       OK ] ExecutionEngineTest.EvaluationDepthIsReleasedAfterLeaving (0 ms)
[ RUN      ] ExecutionEngineTest.EvaluationDepthLimitRemainsTerminalAfterCleanup
[       OK ] ExecutionEngineTest.EvaluationDepthLimitRemainsTerminalAfterCleanup (0 ms)
[ RUN      ] ExecutionEngineTest.CancellationPreventsCallExecution
[       OK ] ExecutionEngineTest.CancellationPreventsCallExecution (0 ms)
[ RUN      ] ExecutionEngineTest.CallDepthBudgetBoundsRecursion
[       OK ] ExecutionEngineTest.CallDepthBudgetBoundsRecursion (0 ms)
[ RUN      ] ExecutionEngineTest.ObjectBudgetStopsExecutionAndAllowsCleanup
[       OK ] ExecutionEngineTest.ObjectBudgetStopsExecutionAndAllowsCleanup (0 ms)
[ RUN      ] ExecutionEngineTest.ExhaustedStepBudgetStopsBodyAndReleasesStorage
[       OK ] ExecutionEngineTest.ExhaustedStepBudgetStopsBodyAndReleasesStorage (0 ms)
[ RUN      ] ExecutionEngineTest.BooleanOperationsPreserveBooleanType
[       OK ] ExecutionEngineTest.BooleanOperationsPreserveBooleanType (0 ms)
[ RUN      ] ExecutionEngineTest.SignedIntegerArithmeticUsesTargetWidth
[       OK ] ExecutionEngineTest.SignedIntegerArithmeticUsesTargetWidth (0 ms)
[ RUN      ] ExecutionEngineTest.WideIntegerArithmeticPreservesUpperWords
[       OK ] ExecutionEngineTest.WideIntegerArithmeticPreservesUpperWords (0 ms)
[ RUN      ] ExecutionEngineTest.DivisionAndShiftErrorsReturnExplicitStatus
[       OK ] ExecutionEngineTest.DivisionAndShiftErrorsReturnExplicitStatus (0 ms)
[ RUN      ] ExecutionEngineTest.ArithmeticRejectsForeignAndMismatchedOperands
[       OK ] ExecutionEngineTest.ArithmeticRejectsForeignAndMismatchedOperands (0 ms)
[----------] 23 tests from ExecutionEngineTest (0 ms total)

[----------] 5 tests from ExecutionImageTest
[ RUN      ] ExecutionImageTest.RejectsMissingLayoutTable
[       OK ] ExecutionImageTest.RejectsMissingLayoutTable (0 ms)
[ RUN      ] ExecutionImageTest.RejectsMalformedEntryPayloads
[       OK ] ExecutionImageTest.RejectsMalformedEntryPayloads (0 ms)
[ RUN      ] ExecutionImageTest.RejectsMismatchedFunctionTableIdentity
[       OK ] ExecutionImageTest.RejectsMismatchedFunctionTableIdentity (0 ms)
[ RUN      ] ExecutionImageTest.ExecutesOwnedFunctionsAfterSemanticContextDestruction
[       OK ] ExecutionImageTest.ExecutesOwnedFunctionsAfterSemanticContextDestruction (0 ms)
[ RUN      ] ExecutionImageTest.ExecutesOwnedCStringAndNativePlanAfterSemanticContextDestruction
[       OK ] ExecutionImageTest.ExecutesOwnedCStringAndNativePlanAfterSemanticContextDestruction (0 ms)
[----------] 5 tests from ExecutionImageTest (0 ms total)

[----------] 20 tests from IRExecutionTest
[ RUN      ] IRExecutionTest.ExecutesMemoryInstructionsAndKeepsReturnedValuesIndependent
[       OK ] IRExecutionTest.ExecutesMemoryInstructionsAndKeepsReturnedValuesIndependent (0 ms)
[ RUN      ] IRExecutionTest.LoadResultsRemainSnapshotsAfterLaterStores
[       OK ] IRExecutionTest.LoadResultsRemainSnapshotsAfterLaterStores (0 ms)
[ RUN      ] IRExecutionTest.RejectsUninitializedLoad
[       OK ] IRExecutionTest.RejectsUninitializedLoad (0 ms)
[ RUN      ] IRExecutionTest.ReturnsRawStackAddressWithoutExtendingItsLifetime
[       OK ] IRExecutionTest.ReturnsRawStackAddressWithoutExtendingItsLifetime (0 ms)
[ RUN      ] IRExecutionTest.RejectsInvalidEntryBoundaries
[       OK ] IRExecutionTest.RejectsInvalidEntryBoundaries (0 ms)
[ RUN      ] IRExecutionTest.RecursiveIRCallsRespectTheSharedDepthBudget
[       OK ] IRExecutionTest.RecursiveIRCallsRespectTheSharedDepthBudget (0 ms)
[ RUN      ] IRExecutionTest.CancellationPreventsEntryEvaluation
[       OK ] IRExecutionTest.CancellationPreventsEntryEvaluation (0 ms)
[ RUN      ] IRExecutionTest.BranchesOnCallResultsAndExecutesOnlyTheSelectedArm
[       OK ] IRExecutionTest.BranchesOnCallResultsAndExecutesOnlyTheSelectedArm (0 ms)
[ RUN      ] IRExecutionTest.DoesNotExecuteCallsInUnselectedBlocks
[       OK ] IRExecutionTest.DoesNotExecuteCallsInUnselectedBlocks (0 ms)
[ RUN      ] IRExecutionTest.BackEdgesRefreshInstructionResultsAndAllocations
[       OK ] IRExecutionTest.BackEdgesRefreshInstructionResultsAndAllocations (0 ms)
[ RUN      ] IRExecutionTest.BranchCyclesRespectTheStepBudget
[       OK ] IRExecutionTest.BranchCyclesRespectTheStepBudget (0 ms)
[ RUN      ] IRExecutionTest.DoesNotFallThroughAnUnterminatedBranchTarget
[       OK ] IRExecutionTest.DoesNotFallThroughAnUnterminatedBranchTarget (0 ms)
[ RUN      ] IRExecutionTest.VoidCallAndStoreResultsDoNotReturnFromTheCaller
[       OK ] IRExecutionTest.VoidCallAndStoreResultsDoNotReturnFromTheCaller (0 ms)
[ RUN      ] IRExecutionTest.BranchConditionFailuresKeepTheirStatusAndSkipUnreachedCalls
[       OK ] IRExecutionTest.BranchConditionFailuresKeepTheirStatusAndSkipUnreachedCalls (0 ms)
[ RUN      ] IRExecutionTest.FrameExitImmediatelyReclaimsLocalStorage
[       OK ] IRExecutionTest.FrameExitImmediatelyReclaimsLocalStorage (0 ms)
[ RUN      ] IRExecutionTest.RejectsPlacesFromAnEngineRebuiltAtTheSameAddress
[       OK ] IRExecutionTest.RejectsPlacesFromAnEngineRebuiltAtTheSameAddress (0 ms)
[ RUN      ] IRExecutionTest.ReturnedScalarOutlivesItsEngine
[       OK ] IRExecutionTest.ReturnedScalarOutlivesItsEngine (0 ms)
[ RUN      ] IRExecutionTest.ExternalBufferBudgetExhaustionPermanentlyStopsExecution
[       OK ] IRExecutionTest.ExternalBufferBudgetExhaustionPermanentlyStopsExecution (0 ms)
[ RUN      ] IRExecutionTest.IndirectCallResultIsExecutedOnceAndReusedByIdentity
[       OK ] IRExecutionTest.IndirectCallResultIsExecutedOnceAndReusedByIdentity (0 ms)
[ RUN      ] IRExecutionTest.LoadsNativeCStringMutationsWithoutChangingConstants
[       OK ] IRExecutionTest.LoadsNativeCStringMutationsWithoutChangingConstants (0 ms)
[----------] 20 tests from IRExecutionTest (0 ms total)

[----------] 5 tests from LogicalExecutionTest
[ RUN      ] LogicalExecutionTest.ExecutesBooleanTruthTables
[       OK ] LogicalExecutionTest.ExecutesBooleanTruthTables (0 ms)
[ RUN      ] LogicalExecutionTest.ComparesSignedUnsignedAndWideIntegers
[       OK ] LogicalExecutionTest.ComparesSignedUnsignedAndWideIntegers (0 ms)
[ RUN      ] LogicalExecutionTest.PropagatesUnavailableOperandsWithoutShortCircuitingIr
[       OK ] LogicalExecutionTest.PropagatesUnavailableOperandsWithoutShortCircuitingIr (0 ms)
[ RUN      ] LogicalExecutionTest.HonorsStepBudgetsAndReleasesTemporaryValues
[       OK ] LogicalExecutionTest.HonorsStepBudgetsAndReleasesTemporaryValues (0 ms)
[ RUN      ] LogicalExecutionTest.ReturnedBooleanOutlivesTheEngine
[       OK ] LogicalExecutionTest.ReturnedBooleanOutlivesTheEngine (0 ms)
[----------] 5 tests from LogicalExecutionTest (0 ms total)

[----------] 3 tests from NativeLayoutExecutionTest
[ RUN      ] NativeLayoutExecutionTest.PreservesNestedStringsAndSnapshotsAcrossCalls
[       OK ] NativeLayoutExecutionTest.PreservesNestedStringsAndSnapshotsAcrossCalls (0 ms)
[ RUN      ] NativeLayoutExecutionTest.RetainsStringStoredThroughAnExternalAddress
[       OK ] NativeLayoutExecutionTest.RetainsStringStoredThroughAnExternalAddress (0 ms)
[ RUN      ] NativeLayoutExecutionTest.BoundsActiveFrameBytesAndUnwindsCalls
[       OK ] NativeLayoutExecutionTest.BoundsActiveFrameBytesAndUnwindsCalls (0 ms)
[----------] 3 tests from NativeLayoutExecutionTest (0 ms total)

[----------] 1 test from ExecutionArrayReadTest
[ RUN      ] ExecutionArrayReadTest.ReadsBinaryPipeIntoManagedArrayAndPreservesSnapshots
[       OK ] ExecutionArrayReadTest.ReadsBinaryPipeIntoManagedArrayAndPreservesSnapshots (0 ms)
[----------] 1 test from ExecutionArrayReadTest (0 ms total)

[----------] 8 tests from FfiArgumentTest
[ RUN      ] FfiArgumentTest.PreparesScalarConstantThroughValueReference
[       OK ] FfiArgumentTest.PreparesScalarConstantThroughValueReference (0 ms)
[ RUN      ] FfiArgumentTest.RejectsUnevaluatedMismatchedAndForeignValues
[       OK ] FfiArgumentTest.RejectsUnevaluatedMismatchedAndForeignValues (0 ms)
[ RUN      ] FfiArgumentTest.FailedPreparationClearsPreviousAddressAndAllowsReuse
[       OK ] FfiArgumentTest.FailedPreparationClearsPreviousAddressAndAllowsReuse (0 ms)
[ RUN      ] FfiArgumentTest.OwnsIndependentWritableStringBuffers
[       OK ] FfiArgumentTest.OwnsIndependentWritableStringBuffers (0 ms)
[ RUN      ] FfiArgumentTest.ReclaimsTemporaryStringBuffersOnResetAndDestruction
[       OK ] FfiArgumentTest.ReclaimsTemporaryStringBuffersOnResetAndDestruction (0 ms)
[ RUN      ] FfiArgumentTest.NativeInteriorReturnPromotesTemporaryBuffer
[       OK ] FfiArgumentTest.NativeInteriorReturnPromotesTemporaryBuffer (0 ms)
[ RUN      ] FfiArgumentTest.NativeScalarReturnReclaimsUnescapedTemporaryBuffer
[       OK ] FfiArgumentTest.NativeScalarReturnReclaimsUnescapedTemporaryBuffer (0 ms)
[ RUN      ] FfiArgumentTest.NativeInteriorReturnPreservesExistingBufferLifetime
[       OK ] FfiArgumentTest.NativeInteriorReturnPreservesExistingBufferLifetime (0 ms)
[----------] 8 tests from FfiArgumentTest (0 ms total)

[----------] 8 tests from NativeCallCacheTest
[ RUN      ] NativeCallCacheTest.ReusesPlanWithoutCachingValuesOrEffects
[       OK ] NativeCallCacheTest.ReusesPlanWithoutCachingValuesOrEffects (0 ms)
[ RUN      ] NativeCallCacheTest.ClearDiscardsThePreparedBinding
[       OK ] NativeCallCacheTest.ClearDiscardsThePreparedBinding (0 ms)
[ RUN      ] NativeCallCacheTest.RetriesMissingSymbolsAtTheNextInvocation
[       OK ] NativeCallCacheTest.RetriesMissingSymbolsAtTheNextInvocation (0 ms)
[ RUN      ] NativeCallCacheTest.ValidatesArgumentsOnEveryInvocation
[       OK ] NativeCallCacheTest.ValidatesArgumentsOnEveryInvocation (0 ms)
[ RUN      ] NativeCallCacheTest.RejectsUnsupportedSignaturesWithoutCachingPlans
[       OK ] NativeCallCacheTest.RejectsUnsupportedSignaturesWithoutCachingPlans (0 ms)
[ RUN      ] NativeCallCacheTest.RejectsNonNativeTargetsBeforeResolution
[       OK ] NativeCallCacheTest.RejectsNonNativeTargetsBeforeResolution (0 ms)
[ RUN      ] NativeCallCacheTest.ReentrantCallsKeepTheirOwnArgumentStorage
[       OK ] NativeCallCacheTest.ReentrantCallsKeepTheirOwnArgumentStorage (0 ms)
[ RUN      ] NativeCallCacheTest.ReentrantClearKeepsActiveCallPlansAlive
[       OK ] NativeCallCacheTest.ReentrantClearKeepsActiveCallPlansAlive (0 ms)
[----------] 8 tests from NativeCallCacheTest (0 ms total)

[----------] 6 tests from ExecutionNativeOffsetTest
[ RUN      ] ExecutionNativeOffsetTest.ReturnedInteriorByteAddressReadsAndWritesSelectedByte
[       OK ] ExecutionNativeOffsetTest.ReturnedInteriorByteAddressReadsAndWritesSelectedByte (0 ms)
[ RUN      ] ExecutionNativeOffsetTest.RejectsTypedDereferenceOfReturnedInteriorAddress
[       OK ] ExecutionNativeOffsetTest.RejectsTypedDereferenceOfReturnedInteriorAddress (0 ms)
[ RUN      ] ExecutionNativeOffsetTest.RejectsDereferenceOfReturnedOnePastAddress
[       OK ] ExecutionNativeOffsetTest.RejectsDereferenceOfReturnedOnePastAddress (0 ms)
[ RUN      ] ExecutionNativeOffsetTest.ReturnedInteriorAddressPreservesCellReadOnlyProtection
[       OK ] ExecutionNativeOffsetTest.ReturnedInteriorAddressPreservesCellReadOnlyProtection (0 ms)
[ RUN      ] ExecutionNativeOffsetTest.TypedOnePastPointerCanCrossNativeCallWithoutDereference
[       OK ] ExecutionNativeOffsetTest.TypedOnePastPointerCanCrossNativeCallWithoutDereference (0 ms)
[ RUN      ] ExecutionNativeOffsetTest.MarshalsRawAddressesWithoutInferringBufferElementTypes
[       OK ] ExecutionNativeOffsetTest.MarshalsRawAddressesWithoutInferringBufferElementTypes (0 ms)
[----------] 6 tests from ExecutionNativeOffsetTest (0 ms total)

[----------] 12 tests from ExecutionNativeStorageTest
[ RUN      ] ExecutionNativeStorageTest.NativeWritesUpdateCellWithoutChangingEarlierSnapshots
[       OK ] ExecutionNativeStorageTest.NativeWritesUpdateCellWithoutChangingEarlierSnapshots (0 ms)
[ RUN      ] ExecutionNativeStorageTest.NativeWriteToInteriorArrayElementPreservesOtherElements
[       OK ] ExecutionNativeStorageTest.NativeWriteToInteriorArrayElementPreservesOtherElements (0 ms)
[ RUN      ] ExecutionNativeStorageTest.InkStoresAreVisibleToNativeReadsAtStableAddress
[       OK ] ExecutionNativeStorageTest.InkStoresAreVisibleToNativeReadsAtStableAddress (0 ms)
[ RUN      ] ExecutionNativeStorageTest.RepeatedAddressArgumentsShareNativeIdentityAndWrites
[       OK ] ExecutionNativeStorageTest.RepeatedAddressArgumentsShareNativeIdentityAndWrites (0 ms)
[ RUN      ] ExecutionNativeStorageTest.NativeReturnedCellAddressRemainsAnUnownedAddress
[       OK ] ExecutionNativeStorageTest.NativeReturnedCellAddressRemainsAnUnownedAddress (0 ms)
[ RUN      ] ExecutionNativeStorageTest.NativeIntegerWidthsRoundTripThroughSharedCells
[       OK ] ExecutionNativeStorageTest.NativeIntegerWidthsRoundTripThroughSharedCells (0 ms)
[ RUN      ] ExecutionNativeStorageTest.NativeFloatingAndBooleanPointersUpdateCells
[       OK ] ExecutionNativeStorageTest.NativeFloatingAndBooleanPointersUpdateCells (0 ms)
[ RUN      ] ExecutionNativeStorageTest.ReadOnlyCellAllowsNativeReadsAndRejectsWritableArgument
[       OK ] ExecutionNativeStorageTest.ReadOnlyCellAllowsNativeReadsAndRejectsWritableArgument (0 ms)
[ RUN      ] ExecutionNativeStorageTest.RejectsUninitializedCellArguments
[       OK ] ExecutionNativeStorageTest.RejectsUninitializedCellArguments (0 ms)
[ RUN      ] ExecutionNativeStorageTest.AcceptsRawAddressesFromAnotherHeap
[       OK ] ExecutionNativeStorageTest.AcceptsRawAddressesFromAnotherHeap (0 ms)
[ RUN      ] ExecutionNativeStorageTest.PassesAlignedWideIntegerAddresses
[       OK ] ExecutionNativeStorageTest.PassesAlignedWideIntegerAddresses (0 ms)
[ RUN      ] ExecutionNativeStorageTest.NonNativeTargetCannotPassCellAddressToHostFunction
[       OK ] ExecutionNativeStorageTest.NonNativeTargetCannotPassCellAddressToHostFunction (0 ms)
[----------] 12 tests from ExecutionNativeStorageTest (0 ms total)

[----------] 10 tests from NativeSymbolCacheTest
[ RUN      ] NativeSymbolCacheTest.ReusesSuccessfulResolution
[       OK ] NativeSymbolCacheTest.ReusesSuccessfulResolution (0 ms)
[ RUN      ] NativeSymbolCacheTest.RetriesFailuresUntilResolutionSucceeds
[       OK ] NativeSymbolCacheTest.RetriesFailuresUntilResolutionSucceeds (0 ms)
[ RUN      ] NativeSymbolCacheTest.ClearAllowsSuccessfulBindingToChange
[       OK ] NativeSymbolCacheTest.ClearAllowsSuccessfulBindingToChange (0 ms)
[ RUN      ] NativeSymbolCacheTest.OwnsNamesPassedAsStringViews
[       OK ] NativeSymbolCacheTest.OwnsNamesPassedAsStringViews (0 ms)
[ RUN      ] NativeSymbolCacheTest.KeepsCaseSensitiveNamesSeparate
[       OK ] NativeSymbolCacheTest.KeepsCaseSensitiveNamesSeparate (0 ms)
[ RUN      ] NativeSymbolCacheTest.KeepsInstancesIndependent
[       OK ] NativeSymbolCacheTest.KeepsInstancesIndependent (0 ms)
[ RUN      ] NativeSymbolCacheTest.RejectsInvalidNamesBeforeResolution
[       OK ] NativeSymbolCacheTest.RejectsInvalidNamesBeforeResolution (0 ms)
[ RUN      ] NativeSymbolCacheTest.HandlesEmptyResolver
[       OK ] NativeSymbolCacheTest.HandlesEmptyResolver (0 ms)
[ RUN      ] NativeSymbolCacheTest.ResolvesExportedFunctionByDefault
[       OK ] NativeSymbolCacheTest.ResolvesExportedFunctionByDefault (0 ms)
[ RUN      ] NativeSymbolCacheTest.ExternalCallsReuseResolutionAndExecuteEveryTime
[       OK ] NativeSymbolCacheTest.ExternalCallsReuseResolutionAndExecuteEveryTime (0 ms)
[----------] 10 tests from NativeSymbolCacheTest (0 ms total)

[----------] 9 tests from RuntimeFfiTest
[ RUN      ] RuntimeFfiTest.ExecutesPreparedScalarsWithoutSemanticObjects
[       OK ] RuntimeFfiTest.ExecutesPreparedScalarsWithoutSemanticObjects (0 ms)
[ RUN      ] RuntimeFfiTest.RejectsSameSizeTypeConfusionAfterPreparingPlan
[       OK ] RuntimeFfiTest.RejectsSameSizeTypeConfusionAfterPreparingPlan (0 ms)
[ RUN      ] RuntimeFfiTest.PromotesReturnedStringAliasWithoutMutatingItsSource
[       OK ] RuntimeFfiTest.PromotesReturnedStringAliasWithoutMutatingItsSource (0 ms)
[ RUN      ] RuntimeFfiTest.RejectsIncompatibleManagedPointeeIdentity
[       OK ] RuntimeFfiTest.RejectsIncompatibleManagedPointeeIdentity (0 ms)
[ RUN      ] RuntimeFfiTest.SeparatesFunctionIdsFromIndependentImages
[       OK ] RuntimeFfiTest.SeparatesFunctionIdsFromIndependentImages (0 ms)
[ RUN      ] RuntimeFfiTest.RejectsChangedSignatureForCachedFunctionId
[       OK ] RuntimeFfiTest.RejectsChangedSignatureForCachedFunctionId (0 ms)
[ RUN      ] RuntimeFfiTest.RejectsManagedCellsFromAnotherTypeDomain
[       OK ] RuntimeFfiTest.RejectsManagedCellsFromAnotherTypeDomain (0 ms)
[ RUN      ] RuntimeFfiTest.RejectsStringPayloadWithNonStringTypeIdentity
[       OK ] RuntimeFfiTest.RejectsStringPayloadWithNonStringTypeIdentity (0 ms)
[ RUN      ] RuntimeFfiTest.DoesNotReusePlansWhenTypeTableAddressIsRecycled
[       OK ] RuntimeFfiTest.DoesNotReusePlansWhenTypeTableAddressIsRecycled (0 ms)
[----------] 9 tests from RuntimeFfiTest (0 ms total)

[----------] 4 tests from ExecutionArrayStorageTest
[ RUN      ] ExecutionArrayStorageTest.NativeNestedElementsPreserveSnapshotsAndManagedLifetimes
[       OK ] ExecutionArrayStorageTest.NativeNestedElementsPreserveSnapshotsAndManagedLifetimes (0 ms)
[ RUN      ] ExecutionArrayStorageTest.PartiallyInitializesNonnativeArrayElements
[       OK ] ExecutionArrayStorageTest.PartiallyInitializesNonnativeArrayElements (0 ms)
[ RUN      ] ExecutionArrayStorageTest.RoundTripsNestedConstantsAndRejectsMalformedValues
[       OK ] ExecutionArrayStorageTest.RoundTripsNestedConstantsAndRejectsMalformedValues (0 ms)
[ RUN      ] ExecutionArrayStorageTest.HandlesEmptyArraysAndChargesStorageBudget
[       OK ] ExecutionArrayStorageTest.HandlesEmptyArraysAndChargesStorageBudget (0 ms)
[----------] 4 tests from ExecutionArrayStorageTest (0 ms total)

[----------] 10 tests from ClassStorageTest
[ RUN      ] ClassStorageTest.UsesTargetOffsetsAndIndependentSnapshots
[       OK ] ClassStorageTest.UsesTargetOffsetsAndIndependentSnapshots (0 ms)
[ RUN      ] ClassStorageTest.RegistersRecursivePointersBeforeFollowingFields
[       OK ] ClassStorageTest.RegistersRecursivePointersBeforeFollowingFields (0 ms)
[ RUN      ] ClassStorageTest.CompletesReservedSignatureTypesOnDemand
[       OK ] ClassStorageTest.CompletesReservedSignatureTypesOnDemand (0 ms)
[ RUN      ] ClassStorageTest.PointerFieldsAliasExplicitlyAndCannotFreeze
[       OK ] ClassStorageTest.PointerFieldsAliasExplicitlyAndCannotFreeze (0 ms)
[ RUN      ] ClassStorageTest.EmptyClassesHaveAddressableExtent
[       OK ] ClassStorageTest.EmptyClassesHaveAddressableExtent (0 ms)
[ RUN      ] ClassStorageTest.PaddedIntegersUseTargetStrideWithoutChangingTheirValue
[       OK ] ClassStorageTest.PaddedIntegersUseTargetStrideWithoutChangingTheirValue (0 ms)
[ RUN      ] ClassStorageTest.StoresWideAndPointerFieldsInOneAlignedObject
[       OK ] ClassStorageTest.StoresWideAndPointerFieldsInOneAlignedObject (0 ms)
[ RUN      ] ClassStorageTest.RetainsStringBytesAcrossFieldStores
[       OK ] ClassStorageTest.RetainsStringBytesAcrossFieldStores (0 ms)
[ RUN      ] ClassStorageTest.SharesClassDescriptionAcrossInstancesAndArrayLayouts
[       OK ] ClassStorageTest.SharesClassDescriptionAcrossInstancesAndArrayLayouts (0 ms)
[ RUN      ] ClassStorageTest.RejectsStringBudgetWithoutPartialAggregateStore
[       OK ] ClassStorageTest.RejectsStringBudgetWithoutPartialAggregateStore (0 ms)
[----------] 10 tests from ClassStorageTest (0 ms total)

[----------] 12 tests from ExecutionMemoryManagerTest
[ RUN      ] ExecutionMemoryManagerTest.SharesNativeIntegerStorageWithoutChangingSnapshots
[       OK ] ExecutionMemoryManagerTest.SharesNativeIntegerStorageWithoutChangingSnapshots (0 ms)
[ RUN      ] ExecutionMemoryManagerTest.PreservesNativeFloatingPointObjectBits
[       OK ] ExecutionMemoryManagerTest.PreservesNativeFloatingPointObjectBits (0 ms)
[ RUN      ] ExecutionMemoryManagerTest.RejectsInvalidBooleanBytesAndAcceptsNativeBooleanWrites
[       OK ] ExecutionMemoryManagerTest.RejectsInvalidBooleanBytesAndAcceptsNativeBooleanWrites (0 ms)
[ RUN      ] ExecutionMemoryManagerTest.PreservesCellValidationWithNativeStorage
[       OK ] ExecutionMemoryManagerTest.PreservesCellValidationWithNativeStorage (0 ms)
[ RUN      ] ExecutionMemoryManagerTest.StoresWideIntegersAndStringsInContiguousMemory
[       OK ] ExecutionMemoryManagerTest.StoresWideIntegersAndStringsInContiguousMemory (0 ms)
[ RUN      ] ExecutionMemoryManagerTest.ExposesScalarStorageForHostShapedTargets
[       OK ] ExecutionMemoryManagerTest.ExposesScalarStorageForHostShapedTargets (0 ms)
[ RUN      ] ExecutionMemoryManagerTest.PreservesRawAddressesWithoutOwningTheirStorage
[       OK ] ExecutionMemoryManagerTest.PreservesRawAddressesWithoutOwningTheirStorage (0 ms)
[ RUN      ] ExecutionMemoryManagerTest.AllocatesZeroFilledBuffersWithinCumulativeBudgets
[       OK ] ExecutionMemoryManagerTest.AllocatesZeroFilledBuffersWithinCumulativeBudgets (0 ms)
[ RUN      ] ExecutionMemoryManagerTest.ChargesWideAndPointerBackingStorage
[       OK ] ExecutionMemoryManagerTest.ChargesWideAndPointerBackingStorage (0 ms)
[ RUN      ] ExecutionMemoryManagerTest.RejectsBufferSizeOverflowBeforeAllocation
[       OK ] ExecutionMemoryManagerTest.RejectsBufferSizeOverflowBeforeAllocation (0 ms)
[ RUN      ] ExecutionMemoryManagerTest.AcceptsLiveRawBuffersAcrossHeapOwners
[       OK ] ExecutionMemoryManagerTest.AcceptsLiveRawBuffersAcrossHeapOwners (0 ms)
[ RUN      ] ExecutionMemoryManagerTest.ExecutesCheckedByteAliasesIntoScalarStorage
[       OK ] ExecutionMemoryManagerTest.ExecutesCheckedByteAliasesIntoScalarStorage (0 ms)
[----------] 12 tests from ExecutionMemoryManagerTest (0 ms total)

[----------] 6 tests from RuntimeStorageTest
[ RUN      ] RuntimeStorageTest.RetainsOwnedValuesAndLayoutsAfterSemanticContextDestruction
[       OK ] RuntimeStorageTest.RetainsOwnedValuesAndLayoutsAfterSemanticContextDestruction (0 ms)
[ RUN      ] RuntimeStorageTest.RejectsEqualSizedValuesWithDifferentTypeIdentities
[       OK ] RuntimeStorageTest.RejectsEqualSizedValuesWithDifferentTypeIdentities (0 ms)
[ RUN      ] RuntimeStorageTest.ChargesFrameLocalsWithoutManagedAllocation
[       OK ] RuntimeStorageTest.ChargesFrameLocalsWithoutManagedAllocation (0 ms)
[ RUN      ] RuntimeStorageTest.CopiesRawAddressesWithoutOwnershipChecks
[       OK ] RuntimeStorageTest.CopiesRawAddressesWithoutOwnershipChecks (0 ms)
[ RUN      ] RuntimeStorageTest.TransportsRawPointerBitsWithoutAccessingPointees
[       OK ] RuntimeStorageTest.TransportsRawPointerBitsWithoutAccessingPointees (0 ms)
[ RUN      ] RuntimeStorageTest.RejectsForeignLayoutDomainsAtSemanticBoundary
[       OK ] RuntimeStorageTest.RejectsForeignLayoutDomainsAtSemanticBoundary (0 ms)
[----------] 6 tests from RuntimeStorageTest (0 ms total)

[----------] 11 tests from ReflectionTest
[ RUN      ] ReflectionTest.ConstructsAndInvokesWithCheckedFieldAccess
[       OK ] ReflectionTest.ConstructsAndInvokesWithCheckedFieldAccess (0 ms)
[ RUN      ] ReflectionTest.RetainsCallableMetadataThroughArchiveAndLink
[       OK ] ReflectionTest.RetainsCallableMetadataThroughArchiveAndLink (0 ms)
[ RUN      ] ReflectionTest.RejectsCorruptCallableMetadata
[       OK ] ReflectionTest.RejectsCorruptCallableMetadata (0 ms)
[ RUN      ] ReflectionTest.RoundTripsIRMemberAssociations
[       OK ] ReflectionTest.RoundTripsIRMemberAssociations (0 ms)
[ RUN      ] ReflectionTest.RetainsUnreferencedClassRoots
[       OK ] ReflectionTest.RetainsUnreferencedClassRoots (0 ms)
[ RUN      ] ReflectionTest.ProjectsArrayAndStringFields
[       OK ] ReflectionTest.ProjectsArrayAndStringFields (0 ms)
[ RUN      ] ReflectionTest.ResolvesMethodOverloads
[       OK ] ReflectionTest.ResolvesMethodOverloads (0 ms)
[ RUN      ] ReflectionTest.RejectsConflictingReflectedVisibility
[       OK ] ReflectionTest.RejectsConflictingReflectedVisibility (0 ms)
[ RUN      ] ReflectionTest.RemovesDestroyedMemberAssociations
[       OK ] ReflectionTest.RemovesDestroyedMemberAssociations (0 ms)
[ RUN      ] ReflectionTest.InvokesSourceLifecycleHooks
[       OK ] ReflectionTest.InvokesSourceLifecycleHooks (0 ms)
[ RUN      ] ReflectionTest.CleansCompileTimeObjectLifetimes
[       OK ] ReflectionTest.CleansCompileTimeObjectLifetimes (2 ms)
[----------] 11 tests from ReflectionTest (4 ms total)

[----------] 4 tests from ExecutionDiagnosticTest
[ RUN      ] ExecutionDiagnosticTest.SuccessAndCancellationAreSilent
[       OK ] ExecutionDiagnosticTest.SuccessAndCancellationAreSilent (0 ms)
[ RUN      ] ExecutionDiagnosticTest.MapsFailuresToDistinctKindsAndClassifications
[       OK ] ExecutionDiagnosticTest.MapsFailuresToDistinctKindsAndClassifications (0 ms)
[ RUN      ] ExecutionDiagnosticTest.PreservesSourceSpanAndOwnedContextWhenReported
[       OK ] ExecutionDiagnosticTest.PreservesSourceSpanAndOwnedContextWhenReported (0 ms)
[ RUN      ] ExecutionDiagnosticTest.UnknownStatusProducesAnInvariantDiagnostic
[       OK ] ExecutionDiagnosticTest.UnknownStatusProducesAnInvariantDiagnostic (0 ms)
[----------] 4 tests from ExecutionDiagnosticTest (0 ms total)

[----------] 6 tests from ExecutionInstructionResultTest
[ RUN      ] ExecutionInstructionResultTest.RejectsMissingValuesAndSuccessFailures
[       OK ] ExecutionInstructionResultTest.RejectsMissingValuesAndSuccessFailures (0 ms)
[ RUN      ] ExecutionInstructionResultTest.DistinguishesContinueAndReturnForScalarAndVoidValues
[       OK ] ExecutionInstructionResultTest.DistinguishesContinueAndReturnForScalarAndVoidValues (0 ms)
[ RUN      ] ExecutionInstructionResultTest.PropagatesFailuresWithoutValuesOrTargets
[       OK ] ExecutionInstructionResultTest.PropagatesFailuresWithoutValuesOrTargets (0 ms)
[ RUN      ] ExecutionInstructionResultTest.BorrowsJumpTargetsWithoutAllocatingValues
[       OK ] ExecutionInstructionResultTest.BorrowsJumpTargetsWithoutAllocatingValues (0 ms)
[ RUN      ] ExecutionInstructionResultTest.MovesPreserveActionsAndResetSources
[       OK ] ExecutionInstructionResultTest.MovesPreserveActionsAndResetSources (0 ms)
[ RUN      ] ExecutionInstructionResultTest.CopiesSharePayloadsAndAssignmentReleasesOldValues
[       OK ] ExecutionInstructionResultTest.CopiesSharePayloadsAndAssignmentReleasesOldValues (0 ms)
[----------] 6 tests from ExecutionInstructionResultTest (0 ms total)

[----------] 11 tests from ExecutionIntegerTest
[ RUN      ] ExecutionIntegerTest.RejectsMalformedInputsWithoutChangingOutputs
[       OK ] ExecutionIntegerTest.RejectsMalformedInputsWithoutChangingOutputs (0 ms)
[ RUN      ] ExecutionIntegerTest.PropagatesCarryAndBorrowAcrossWords
[       OK ] ExecutionIntegerTest.PropagatesCarryAndBorrowAcrossWords (0 ms)
[ RUN      ] ExecutionIntegerTest.MultipliesAcrossLimbAndWordBoundaries
[       OK ] ExecutionIntegerTest.MultipliesAcrossLimbAndWordBoundaries (0 ms)
[ RUN      ] ExecutionIntegerTest.DividesWideUnsignedValuesWithoutLosingHighBits
[       OK ] ExecutionIntegerTest.DividesWideUnsignedValuesWithoutLosingHighBits (0 ms)
[ RUN      ] ExecutionIntegerTest.PreservesSignedDivisionAndRemainderRules
[       OK ] ExecutionIntegerTest.PreservesSignedDivisionAndRemainderRules (0 ms)
[ RUN      ] ExecutionIntegerTest.RejectsInvalidDivisionWithoutChangingResult
[       OK ] ExecutionIntegerTest.RejectsInvalidDivisionWithoutChangingResult (0 ms)
[ RUN      ] ExecutionIntegerTest.ShiftsAcrossWordsAndExtendsPartialWidthSigns
[       OK ] ExecutionIntegerTest.ShiftsAcrossWordsAndExtendsPartialWidthSigns (0 ms)
[ RUN      ] ExecutionIntegerTest.RejectsOutOfRangeShiftCounts
[       OK ] ExecutionIntegerTest.RejectsOutOfRangeShiftCounts (0 ms)
[ RUN      ] ExecutionIntegerTest.MasksUnaryAndBitwiseResultsToTheirWidth
[       OK ] ExecutionIntegerTest.MasksUnaryAndBitwiseResultsToTheirWidth (0 ms)
[ RUN      ] ExecutionIntegerTest.ComparesSignedAndUnsignedWideValues
[       OK ] ExecutionIntegerTest.ComparesSignedAndUnsignedWideValues (0 ms)
[ RUN      ] ExecutionIntegerTest.MatchesExhaustiveEightBitArithmetic
[       OK ] ExecutionIntegerTest.MatchesExhaustiveEightBitArithmetic (94 ms)
[----------] 11 tests from ExecutionIntegerTest (94 ms total)

[----------] 9 tests from ExecutionValueTest
[ RUN      ] ExecutionValueTest.OwnsWideIntegerPayloadAndPreservesExactBits
[       OK ] ExecutionValueTest.OwnsWideIntegerPayloadAndPreservesExactBits (0 ms)
[ RUN      ] ExecutionValueTest.PreservesFloatingPointEncodingsWithoutConversion
[       OK ] ExecutionValueTest.PreservesFloatingPointEncodingsWithoutConversion (0 ms)
[ RUN      ] ExecutionValueTest.OwnsStringBytesAndSharesImmutableCopies
[       OK ] ExecutionValueTest.OwnsStringBytesAndSharesImmutableCopies (0 ms)
[ RUN      ] ExecutionValueTest.FreezesSafeLocalValuesAndRejectsExecutionOnlyPayloads
[       OK ] ExecutionValueTest.FreezesSafeLocalValuesAndRejectsExecutionOnlyPayloads (0 ms)
[ RUN      ] ExecutionValueTest.RejectsMismatchedTypesAndMalformedPayloads
[       OK ] ExecutionValueTest.RejectsMismatchedTypesAndMalformedPayloads (0 ms)
[ RUN      ] ExecutionValueTest.RawPointersShareAddressesWithoutOwningStorage
[       OK ] ExecutionValueTest.RawPointersShareAddressesWithoutOwningStorage (0 ms)
[ RUN      ] ExecutionValueTest.RepresentsOnePastAddressesAndOptionalTerminators
[       OK ] ExecutionValueTest.RepresentsOnePastAddressesAndOptionalTerminators (0 ms)
[ RUN      ] ExecutionValueTest.RepresentsNullAndNativePointers
[       OK ] ExecutionValueTest.RepresentsNullAndNativePointers (0 ms)
[ RUN      ] ExecutionValueTest.RequiresAnOwnedValueForSuccessfulResults
[       OK ] ExecutionValueTest.RequiresAnOwnedValueForSuccessfulResults (0 ms)
[----------] 9 tests from ExecutionValueTest (0 ms total)

[----------] 7 tests from ExecutionHeapTest
[ RUN      ] ExecutionHeapTest.ReleasesImmutableValuesAfterTheirLastHandle
[       OK ] ExecutionHeapTest.ReleasesImmutableValuesAfterTheirLastHandle (0 ms)
[ RUN      ] ExecutionHeapTest.ReclaimsCellsWithoutDiscardingLoadedSnapshots
[       OK ] ExecutionHeapTest.ReclaimsCellsWithoutDiscardingLoadedSnapshots (0 ms)
[ RUN      ] ExecutionHeapTest.RejectsForeignAndReusedStorageIdentities
[       OK ] ExecutionHeapTest.RejectsForeignAndReusedStorageIdentities (0 ms)
[ RUN      ] ExecutionHeapTest.CountsReleasedAllocationsTowardTheStorageBudget
[       OK ] ExecutionHeapTest.CountsReleasedAllocationsTowardTheStorageBudget (0 ms)
[ RUN      ] ExecutionHeapTest.ReleasesMutuallyReferencingCellsWithoutTracing
[       OK ] ExecutionHeapTest.ReleasesMutuallyReferencingCellsWithoutTracing (0 ms)
[ RUN      ] ExecutionHeapTest.KeepsScalarOwnersAndExpiresStorageAfterHeapDestruction
[       OK ] ExecutionHeapTest.KeepsScalarOwnersAndExpiresStorageAfterHeapDestruction (0 ms)
[ RUN      ] ExecutionHeapTest.ReportsFactoryFailuresWithoutCreatingObjects
[       OK ] ExecutionHeapTest.ReportsFactoryFailuresWithoutCreatingObjects (0 ms)
[----------] 7 tests from ExecutionHeapTest (0 ms total)

[----------] 4 tests from LLVMBackendTest
[ RUN      ] LLVMBackendTest.LowersNativeEntryAtBothOptimizationLevels
[       OK ] LLVMBackendTest.LowersNativeEntryAtBothOptimizationLevels (5 ms)
[ RUN      ] LLVMBackendTest.ClassFieldPointersUseExplicitLayoutAndRawAddresses
[       OK ] LLVMBackendTest.ClassFieldPointersUseExplicitLayoutAndRawAddresses (0 ms)
[ RUN      ] LLVMBackendTest.RejectsCrossTargetAndInvalidOptimizationLevel
[       OK ] LLVMBackendTest.RejectsCrossTargetAndInvalidOptimizationLevel (0 ms)
[ RUN      ] LLVMBackendTest.RejectsIncompleteClassStorage
[       OK ] LLVMBackendTest.RejectsIncompleteClassStorage (0 ms)
[----------] 4 tests from LLVMBackendTest (5 ms total)

[----------] 8 tests from SymbolIntegrationTest
[ RUN      ] SymbolIntegrationTest.StableAcrossOrderTriviaAndBodyChanges
[       OK ] SymbolIntegrationTest.StableAcrossOrderTriviaAndBodyChanges (0 ms)
[ RUN      ] SymbolIntegrationTest.SeparatesLexicalScopesAndParentOverloads
[       OK ] SymbolIntegrationTest.SeparatesLexicalScopesAndParentOverloads (0 ms)
[ RUN      ] SymbolIntegrationTest.SharesSymbolsAcrossLLVMBytecodeAndReflection
[       OK ] SymbolIntegrationTest.SharesSymbolsAcrossLLVMBytecodeAndReflection (1 ms)
[ RUN      ] SymbolIntegrationTest.InitializerUsesFieldName
[       OK ] SymbolIntegrationTest.InitializerUsesFieldName (0 ms)
[ RUN      ] SymbolIntegrationTest.BytecodeSeparatesPackageRevisions
[       OK ] SymbolIntegrationTest.BytecodeSeparatesPackageRevisions (0 ms)
[ RUN      ] SymbolIntegrationTest.IRArchivesPreserveIdentities
[       OK ] SymbolIntegrationTest.IRArchivesPreserveIdentities (0 ms)
[ RUN      ] SymbolIntegrationTest.RejectsConflictingNativeClassContracts
[       OK ] SymbolIntegrationTest.RejectsConflictingNativeClassContracts (0 ms)
[ RUN      ] SymbolIntegrationTest.RejectsForgedLogicalSignature
[       OK ] SymbolIntegrationTest.RejectsForgedLogicalSignature (0 ms)
[----------] 8 tests from SymbolIntegrationTest (4 ms total)

[----------] 15 tests from SemanticExternalCallTest
[ RUN      ] SemanticExternalCallTest.WritesUtf8AndEmbeddedNullBytesFromInkSource
[       OK ] SemanticExternalCallTest.WritesUtf8AndEmbeddedNullBytesFromInkSource (0 ms)
[ RUN      ] SemanticExternalCallTest.SupportsZeroLengthWriteThroughVoidPointer
[       OK ] SemanticExternalCallTest.SupportsZeroLengthWriteThroughVoidPointer (0 ms)
[ RUN      ] SemanticExternalCallTest.DiagnosesMissingProcessSymbol
[       OK ] SemanticExternalCallTest.DiagnosesMissingProcessSymbol (0 ms)
[ RUN      ] SemanticExternalCallTest.ExecutesNativeWritesInsideNestedCompileTimeFunctions
[       OK ] SemanticExternalCallTest.ExecutesNativeWritesInsideNestedCompileTimeFunctions (0 ms)
[ RUN      ] SemanticExternalCallTest.DoesNotReplayNativeInitializerWhenItsResultIsReused
[       OK ] SemanticExternalCallTest.DoesNotReplayNativeInitializerWhenItsResultIsReused (0 ms)
[ RUN      ] SemanticExternalCallTest.SkipsNativeWriteInUnselectedCompileTimeBranch
[       OK ] SemanticExternalCallTest.SkipsNativeWriteInUnselectedCompileTimeBranch (0 ms)
[ RUN      ] SemanticExternalCallTest.RejectsHostCallsForNonNativeCompilationTargets
Running main() from D:\github\ink\src\third_party\googletest\googletest\src\gtest_main.cc
[       OK ] SemanticExternalCallTest.RejectsHostCallsForNonNativeCompilationTargets (33 ms)
[ RUN      ] SemanticExternalCallTest.CallsAbsStrlenAndStrcmpFromSource
[       OK ] SemanticExternalCallTest.CallsAbsStrlenAndStrcmpFromSource (0 ms)
[ RUN      ] SemanticExternalCallTest.CallsExportedZeroArgumentAndVoidFunctions
[       OK ] SemanticExternalCallTest.CallsExportedZeroArgumentAndVoidFunctions (0 ms)
[ RUN      ] SemanticExternalCallTest.PreservesMixedIntegerWidthsAcrossNativeCalls
[       OK ] SemanticExternalCallTest.PreservesMixedIntegerWidthsAcrossNativeCalls (0 ms)
[ RUN      ] SemanticExternalCallTest.PreservesArgumentsBeyondNativeRegisterCapacity
[       OK ] SemanticExternalCallTest.PreservesArgumentsBeyondNativeRegisterCapacity (0 ms)
[ RUN      ] SemanticExternalCallTest.PreservesBooleanNativeReturnType
[       OK ] SemanticExternalCallTest.PreservesBooleanNativeReturnType (0 ms)
[ RUN      ] SemanticExternalCallTest.PreservesFloatingValuesAcrossNestedNativeCalls
[       OK ] SemanticExternalCallTest.PreservesFloatingValuesAcrossNestedNativeCalls (0 ms)
[ RUN      ] SemanticExternalCallTest.IsolatesNativeStringMutationAndPreservesEmbeddedNulls
[       OK ] SemanticExternalCallTest.IsolatesNativeStringMutationAndPreservesEmbeddedNulls (0 ms)
[ RUN      ] SemanticExternalCallTest.RejectsUnsupportedAbiTypesBeforeNativeExecution
[       OK ] SemanticExternalCallTest.RejectsUnsupportedAbiTypesBeforeNativeExecution (0 ms)
[----------] 15 tests from SemanticExternalCallTest (37 ms total)

[----------] 15 tests from ExecutionExternalCallTest
[ RUN      ] ExecutionExternalCallTest.WritesExactBytesThroughTheNativeSymbol
[       OK ] ExecutionExternalCallTest.WritesExactBytesThroughTheNativeSymbol (0 ms)
[ RUN      ] ExecutionExternalCallTest.SupportsVoidPointerAndZeroByteWrites
[       OK ] ExecutionExternalCallTest.SupportsVoidPointerAndZeroByteWrites (0 ms)
[ RUN      ] ExecutionExternalCallTest.CallsZeroArgumentAndVoidFunctionsByTheirActualNames
[       OK ] ExecutionExternalCallTest.CallsZeroArgumentAndVoidFunctionsByTheirActualNames (0 ms)
[ RUN      ] ExecutionExternalCallTest.MarshalsAllSupportedIntegerWidths
[       OK ] ExecutionExternalCallTest.MarshalsAllSupportedIntegerWidths (0 ms)
[ RUN      ] ExecutionExternalCallTest.PreservesSignedAndUnsignedNarrowReturnBits
[       OK ] ExecutionExternalCallTest.PreservesSignedAndUnsignedNarrowReturnBits (0 ms)
[ RUN      ] ExecutionExternalCallTest.CallsFunctionsWithMoreArgumentsThanRegisters
[       OK ] ExecutionExternalCallTest.CallsFunctionsWithMoreArgumentsThanRegisters (0 ms)
[ RUN      ] ExecutionExternalCallTest.MarshalsFloatingArgumentsAndReturns
[       OK ] ExecutionExternalCallTest.MarshalsFloatingArgumentsAndReturns (0 ms)
[ RUN      ] ExecutionExternalCallTest.MarshalsBooleanArgumentsAndReturns
[       OK ] ExecutionExternalCallTest.MarshalsBooleanArgumentsAndReturns (0 ms)
[ RUN      ] ExecutionExternalCallTest.CopiesStringBuffersBeforeNativeMutation
[       OK ] ExecutionExternalCallTest.CopiesStringBuffersBeforeNativeMutation (0 ms)
[ RUN      ] ExecutionExternalCallTest.RejectsMissingSymbolsAndUnsupportedTypes
[       OK ] ExecutionExternalCallTest.RejectsMissingSymbolsAndUnsupportedTypes (0 ms)
[ RUN      ] ExecutionExternalCallTest.RejectsInvalidNativeArgumentsBeforeCalling
[       OK ] ExecutionExternalCallTest.RejectsInvalidNativeArgumentsBeforeCalling (0 ms)
[ RUN      ] ExecutionExternalCallTest.RejectsInvalidHandlesWithoutChangingNativeState
[       OK ] ExecutionExternalCallTest.RejectsInvalidHandlesWithoutChangingNativeState (0 ms)
[ RUN      ] ExecutionExternalCallTest.RejectsNonNativeTargetBeforeCallingHostCode
[       OK ] ExecutionExternalCallTest.RejectsNonNativeTargetBeforeCallingHostCode (0 ms)
[ RUN      ] ExecutionExternalCallTest.RepeatedCallsRepeatNativeSideEffects
[       OK ] ExecutionExternalCallTest.RepeatedCallsRepeatNativeSideEffects (0 ms)
[ RUN      ] ExecutionExternalCallTest.CancellationPreventsNativeSideEffects
[       OK ] ExecutionExternalCallTest.CancellationPreventsNativeSideEffects (0 ms)
[----------] 15 tests from ExecutionExternalCallTest (1 ms total)

[----------] 40 tests from TokenizerTest
[ RUN      ] TokenizerTest.EmptyInputWhitespaceAndPhysicalNewlines
[       OK ] TokenizerTest.EmptyInputWhitespaceAndPhysicalNewlines (0 ms)
[ RUN      ] TokenizerTest.InvalidCharactersOutsideLiterals
[       OK ] TokenizerTest.InvalidCharactersOutsideLiterals (0 ms)
[ RUN      ] TokenizerTest.StrictUtf8InEveryRegion
[       OK ] TokenizerTest.StrictUtf8InEveryRegion (0 ms)
[ RUN      ] TokenizerTest.GlobalNullAndBomRestrictions
[       OK ] TokenizerTest.GlobalNullAndBomRestrictions (0 ms)
[ RUN      ] TokenizerTest.UnicodeContentHasNoExtraInvisibleCharacterBan
[       OK ] TokenizerTest.UnicodeContentHasNoExtraInvisibleCharacterBan (0 ms)
[ RUN      ] TokenizerTest.CommentsAreSkippedWithoutJoiningNeighbors
[       OK ] TokenizerTest.CommentsAreSkippedWithoutJoiningNeighbors (0 ms)
[ RUN      ] TokenizerTest.BlockCommentsNeverNest
[       OK ] TokenizerTest.BlockCommentsNeverNest (0 ms)
[ RUN      ] TokenizerTest.LiteralContentsDoNotStartComments
[       OK ] TokenizerTest.LiteralContentsDoNotStartComments (0 ms)
[ RUN      ] TokenizerTest.EscapeValuesAndExactDigitCounts
[       OK ] TokenizerTest.EscapeValuesAndExactDigitCounts (0 ms)
[ RUN      ] TokenizerTest.UnknownAndIncompleteEscapesFail
[       OK ] TokenizerTest.UnknownAndIncompleteEscapesFail (0 ms)
[ RUN      ] TokenizerTest.EscapeScalarAndOctalLimits
[       OK ] TokenizerTest.EscapeScalarAndOctalLimits (0 ms)
[ RUN      ] TokenizerTest.NamedUnicodeEscapes
[       OK ] TokenizerTest.NamedUnicodeEscapes (0 ms)
[ RUN      ] TokenizerTest.NamedEscapeSyntaxAndExactSeparators
[       OK ] TokenizerTest.NamedEscapeSyntaxAndExactSeparators (0 ms)
[ RUN      ] TokenizerTest.VisibilityKeywordsAndIdentifierBoundaries
[       OK ] TokenizerTest.VisibilityKeywordsAndIdentifierBoundaries (0 ms)
[ RUN      ] TokenizerTest.NativeSymbolKeywordsAndIdentifierBoundaries
[       OK ] TokenizerTest.NativeSymbolKeywordsAndIdentifierBoundaries (0 ms)
[ RUN      ] TokenizerTest.UnicodeIdentifierBoundaries
[       OK ] TokenizerTest.UnicodeIdentifierBoundaries (0 ms)
[ RUN      ] TokenizerTest.IdentifierNormalizationAndCase
[       OK ] TokenizerTest.IdentifierNormalizationAndCase (0 ms)
[ RUN      ] TokenizerTest.OnlyCompleteNewKeywordsAreReserved
[       OK ] TokenizerTest.OnlyCompleteNewKeywordsAreReserved (0 ms)
[ RUN      ] TokenizerTest.SpellingsMatchLexicalDocument
[       OK ] TokenizerTest.SpellingsMatchLexicalDocument (0 ms)
[ RUN      ] TokenizerTest.LongestOperatorMatch
[       OK ] TokenizerTest.LongestOperatorMatch (0 ms)
[ RUN      ] TokenizerTest.LiteralPrefixBoundaries
[       OK ] TokenizerTest.LiteralPrefixBoundaries (0 ms)
[ RUN      ] TokenizerTest.AdjacentStringsNeverMerge
[       OK ] TokenizerTest.AdjacentStringsNeverMerge (0 ms)
[ RUN      ] TokenizerTest.TripleQuotesAndFirstMatchingDelimiter
[       OK ] TokenizerTest.TripleQuotesAndFirstMatchingDelimiter (0 ms)
[ RUN      ] TokenizerTest.UnterminatedLiteralsDoNotBacktrack
[       OK ] TokenizerTest.UnterminatedLiteralsDoNotBacktrack (0 ms)
[ RUN      ] TokenizerTest.RawBackslashesDoNotAffectDelimiters
[       OK ] TokenizerTest.RawBackslashesDoNotAffectDelimiters (0 ms)
[ RUN      ] TokenizerTest.PhysicalNewlinesNormalizeBeforeEscapeProcessing
[       OK ] TokenizerTest.PhysicalNewlinesNormalizeBeforeEscapeProcessing (0 ms)
[ RUN      ] TokenizerTest.ShortLiteralNewlineRestrictions
[       OK ] TokenizerTest.ShortLiteralNewlineRestrictions (0 ms)
[ RUN      ] TokenizerTest.CharacterLiteralsContainOneScalar
[       OK ] TokenizerTest.CharacterLiteralsContainOneScalar (0 ms)
[ RUN      ] TokenizerTest.LiteralValuesAreNeitherNormalizedNorRelexed
[       OK ] TokenizerTest.LiteralValuesAreNeitherNormalizedNorRelexed (0 ms)
[ RUN      ] TokenizerTest.IntegerFormsAndBases
[       OK ] TokenizerTest.IntegerFormsAndBases (0 ms)
[ RUN      ] TokenizerTest.DecimalFloatForms
[       OK ] TokenizerTest.DecimalFloatForms (0 ms)
[ RUN      ] TokenizerTest.DecimalPointBoundaries
[       OK ] TokenizerTest.DecimalPointBoundaries (0 ms)
[ RUN      ] TokenizerTest.ArbitrarilyLargeNumbersAreLexicallyValid
[       OK ] TokenizerTest.ArbitrarilyLargeNumbersAreLexicallyValid (0 ms)
[ RUN      ] TokenizerTest.BaseErrorsDoNotSplitIntoValidTokens
[       OK ] TokenizerTest.BaseErrorsDoNotSplitIntoValidTokens (0 ms)
[ RUN      ] TokenizerTest.IncompleteExponentsFail
[       OK ] TokenizerTest.IncompleteExponentsFail (0 ms)
[ RUN      ] TokenizerTest.NumericSeparatorsAndSuffixesFail
[       OK ] TokenizerTest.NumericSeparatorsAndSuffixesFail (0 ms)
[ RUN      ] TokenizerTest.NumericFailurePreservesOnlyCompletedTokens
[       OK ] TokenizerTest.NumericFailurePreservesOnlyCompletedTokens (0 ms)
[ RUN      ] TokenizerTest.OriginalByteRangesSurviveAllTransformations
[       OK ] TokenizerTest.OriginalByteRangesSurviveAllTransformations (0 ms)
[ RUN      ] TokenizerTest.RegisteredBuffersAndLineNumbers
[       OK ] TokenizerTest.RegisteredBuffersAndLineNumbers (0 ms)
[ RUN      ] TokenizerTest.UnregisteredSourceReportsFailure
Running main() from D:\github\ink\src\third_party\googletest\googletest\src\gtest_main.cc
[       OK ] TokenizerTest.UnregisteredSourceReportsFailure (26 ms)
[----------] 40 tests from TokenizerTest (28 ms total)

[----------] 4 tests from TokenizerSourceLocationTest
[ RUN      ] TokenizerSourceLocationTest.InvalidAndZeroOffsetAreDistinct
[       OK ] TokenizerSourceLocationTest.InvalidAndZeroOffsetAreDistinct (0 ms)
[ RUN      ] TokenizerSourceLocationTest.CheckedOffsetArithmetic
[       OK ] TokenizerSourceLocationTest.CheckedOffsetArithmetic (0 ms)
[ RUN      ] TokenizerSourceLocationTest.RangeValidityAndContainment
[       OK ] TokenizerSourceLocationTest.RangeValidityAndContainment (0 ms)
[ RUN      ] TokenizerSourceLocationTest.BufferOutlivesContext
[       OK ] TokenizerSourceLocationTest.BufferOutlivesContext (0 ms)
[----------] 4 tests from TokenizerSourceLocationTest (0 ms total)

[----------] 4 tests from IRInstructionTest
[ RUN      ] IRInstructionTest.DeepAdditionChainsKeepCanonicalResultTypes
[       OK ] IRInstructionTest.DeepAdditionChainsKeepCanonicalResultTypes (2 ms)
[ RUN      ] IRInstructionTest.ChecksIntegerAdditionOperands
[       OK ] IRInstructionTest.ChecksIntegerAdditionOperands (0 ms)
[ RUN      ] IRInstructionTest.ChecksReturnOperandsAndAttachedSignature
[       OK ] IRInstructionTest.ChecksReturnOperandsAndAttachedSignature (0 ms)
[ RUN      ] IRInstructionTest.ReturnFunctionFollowsRemovalAndReattachment
[       OK ] IRInstructionTest.ReturnFunctionFollowsRemovalAndReattachment (0 ms)
[----------] 4 tests from IRInstructionTest (2 ms total)

[----------] 10 tests from IRFunctionTest
[ RUN      ] IRFunctionTest.OwnsIndexedParameterValues
[       OK ] IRFunctionTest.OwnsIndexedParameterValues (0 ms)
[ RUN      ] IRFunctionTest.ClosedFunctionsHaveIndependentValueIdentity
[       OK ] IRFunctionTest.ClosedFunctionsHaveIndependentValueIdentity (0 ms)
[ RUN      ] IRFunctionTest.CallingConventionAndLanguageLinkageSurviveDefinition
[       OK ] IRFunctionTest.CallingConventionAndLanguageLinkageSurviveDefinition (0 ms)
[ RUN      ] IRFunctionTest.NativeBindingsAreIndependentOfVisibilityAndLocalCABI
[       OK ] IRFunctionTest.NativeBindingsAreIndependentOfVisibilityAndLocalCABI (0 ms)
[ RUN      ] IRFunctionTest.BindingEditsValidateMetadataAndAdvanceRevision
[       OK ] IRFunctionTest.BindingEditsValidateMetadataAndAdvanceRevision (0 ms)
[ RUN      ] IRFunctionTest.BodyPreservesFunctionReferencesAndOwnsOrderedValues
[       OK ] IRFunctionTest.BodyPreservesFunctionReferencesAndOwnsOrderedValues (0 ms)
[ RUN      ] IRFunctionTest.BlocksPreserveEntryAndOrderDuringGrowth
[       OK ] IRFunctionTest.BlocksPreserveEntryAndOrderDuringGrowth (0 ms)
[ RUN      ] IRFunctionTest.ForeignAndRepeatedBodyCreationAreRejected
[       OK ] IRFunctionTest.ForeignAndRepeatedBodyCreationAreRejected (0 ms)
[ RUN      ] IRFunctionTest.BodyParentLinksPreventCyclesAndEntryReparenting
[       OK ] IRFunctionTest.BodyParentLinksPreventCyclesAndEntryReparenting (0 ms)
[ RUN      ] IRFunctionTest.InvalidNamesSignaturesAndFunctionMetadataAreRejected
[       OK ] IRFunctionTest.InvalidNamesSignaturesAndFunctionMetadataAreRejected (0 ms)
[----------] 10 tests from IRFunctionTest (0 ms total)

[----------] 2 tests from IRArrayConstantTest
[ RUN      ] IRArrayConstantTest.CanonicalizesOrderedNestedAndEmptyValues
[       OK ] IRArrayConstantTest.CanonicalizesOrderedNestedAndEmptyValues (0 ms)
[ RUN      ] IRArrayConstantTest.RejectsMalformedOrForeignElements
[       OK ] IRArrayConstantTest.RejectsMalformedOrForeignElements (0 ms)
[----------] 2 tests from IRArrayConstantTest (0 ms total)

[----------] 3 tests from IRArrayInstructionTest
[ RUN      ] IRArrayInstructionTest.ConstructsAndExtractsValuesAtInsertionPoint
[       OK ] IRArrayInstructionTest.ConstructsAndExtractsValuesAtInsertionPoint (0 ms)
[ RUN      ] IRArrayInstructionTest.ElementPointersPreserveAccessAndNestedType
[       OK ] IRArrayInstructionTest.ElementPointersPreserveAccessAndNestedType (0 ms)
[ RUN      ] IRArrayInstructionTest.RejectsInvalidOperandsWithoutMutatingBlock
[       OK ] IRArrayInstructionTest.RejectsInvalidOperandsWithoutMutatingBlock (0 ms)
[----------] 3 tests from IRArrayInstructionTest (0 ms total)

[----------] 39 tests from IRModuleSerializationTest
[ RUN      ] IRModuleSerializationTest.ArrayInstructionsAndConstantsRoundTrip
[       OK ] IRModuleSerializationTest.ArrayInstructionsAndConstantsRoundTrip (0 ms)
[ RUN      ] IRModuleSerializationTest.ArraysUseAppendedStableWireTags
[       OK ] IRModuleSerializationTest.ArraysUseAppendedStableWireTags (0 ms)
[ RUN      ] IRModuleSerializationTest.RejectsMalformedArrayText
[       OK ] IRModuleSerializationTest.RejectsMalformedArrayText (0 ms)
[ RUN      ] IRModuleSerializationTest.RejectsMalformedArrayBinary
[       OK ] IRModuleSerializationTest.RejectsMalformedArrayBinary (2 ms)
[ RUN      ] IRModuleSerializationTest.ArrayConstantsRespectArchiveLimits
[       OK ] IRModuleSerializationTest.ArrayConstantsRespectArchiveLimits (0 ms)
[ RUN      ] IRModuleSerializationTest.BranchesRoundTripWithForwardTargetsAndBackEdges
[       OK ] IRModuleSerializationTest.BranchesRoundTripWithForwardTargetsAndBackEdges (0 ms)
[ RUN      ] IRModuleSerializationTest.BranchesPreserveSelfLoopsAndIdenticalTargets
[       OK ] IRModuleSerializationTest.BranchesPreserveSelfLoopsAndIdenticalTargets (0 ms)
[ RUN      ] IRModuleSerializationTest.RejectsMalformedTextBranches
[       OK ] IRModuleSerializationTest.RejectsMalformedTextBranches (0 ms)
[ RUN      ] IRModuleSerializationTest.RejectsMalformedBinaryBranches
[       OK ] IRModuleSerializationTest.RejectsMalformedBinaryBranches (0 ms)
[ RUN      ] IRModuleSerializationTest.LogicalAndComparisonInstructionsRoundTrip
[       OK ] IRModuleSerializationTest.LogicalAndComparisonInstructionsRoundTrip (0 ms)
[ RUN      ] IRModuleSerializationTest.LogicalInstructionsUseStableWireIdsAndPredicateValues
[       OK ] IRModuleSerializationTest.LogicalInstructionsUseStableWireIdsAndPredicateValues (0 ms)
[ RUN      ] IRModuleSerializationTest.LogicalInstructionsResolveForwardOperands
[       OK ] IRModuleSerializationTest.LogicalInstructionsResolveForwardOperands (0 ms)
[ RUN      ] IRModuleSerializationTest.RejectsMalformedLogicalAndComparisonText
[       OK ] IRModuleSerializationTest.RejectsMalformedLogicalAndComparisonText (0 ms)
[ RUN      ] IRModuleSerializationTest.RejectsMalformedLogicalAndComparisonBinary
[       OK ] IRModuleSerializationTest.RejectsMalformedLogicalAndComparisonBinary (3 ms)
[ RUN      ] IRModuleSerializationTest.CompleteGraphRoundTripsThroughFreshContexts
[       OK ] IRModuleSerializationTest.CompleteGraphRoundTripsThroughFreshContexts (0 ms)
[ RUN      ] IRModuleSerializationTest.ReadsHandwrittenTextAndPreservesEditedNames
[       OK ] IRModuleSerializationTest.ReadsHandwrittenTextAndPreservesEditedNames (0 ms)
[ RUN      ] IRModuleSerializationTest.SerializesDocumentedFunctionExample
[       OK ] IRModuleSerializationTest.SerializesDocumentedFunctionExample (0 ms)
[ RUN      ] IRModuleSerializationTest.PreservesFunctionVisibility
[       OK ] IRModuleSerializationTest.PreservesFunctionVisibility (0 ms)
[ RUN      ] IRModuleSerializationTest.RejectsMalformedVisibilityAndLegacyVersions
[       OK ] IRModuleSerializationTest.RejectsMalformedVisibilityAndLegacyVersions (0 ms)
[ RUN      ] IRModuleSerializationTest.PreservesNativeBindingsAndPrivateExports
[       OK ] IRModuleSerializationTest.PreservesNativeBindingsAndPrivateExports (0 ms)
[ RUN      ] IRModuleSerializationTest.RejectsInvalidNativeBindingMetadata
[       OK ] IRModuleSerializationTest.RejectsInvalidNativeBindingMetadata (0 ms)
[ RUN      ] IRModuleSerializationTest.RejectsIncompleteNativeExport
[       OK ] IRModuleSerializationTest.RejectsIncompleteNativeExport (0 ms)
[ RUN      ] IRModuleSerializationTest.ReadsForwardReferencesAndComments
[       OK ] IRModuleSerializationTest.ReadsForwardReferencesAndComments (5 ms)
[ RUN      ] IRModuleSerializationTest.PreservesDuplicateAndUnnamedSymbols
[       OK ] IRModuleSerializationTest.PreservesDuplicateAndUnnamedSymbols (0 ms)
[ RUN      ] IRModuleSerializationTest.ResolvesEquivalentTypeAliases
[       OK ] IRModuleSerializationTest.ResolvesEquivalentTypeAliases (0 ms)
[ RUN      ] IRModuleSerializationTest.ChargesRepeatedTypeAliasFields
[       OK ] IRModuleSerializationTest.ChargesRepeatedTypeAliasFields (0 ms)
[ RUN      ] IRModuleSerializationTest.RestoresLongOperandChainsInBothFormats
[       OK ] IRModuleSerializationTest.RestoresLongOperandChainsInBothFormats (17 ms)
[ RUN      ] IRModuleSerializationTest.SerializationIsIndependentOfPoolHistory
[       OK ] IRModuleSerializationTest.SerializationIsIndependentOfPoolHistory (0 ms)
[ RUN      ] IRModuleSerializationTest.RestorationDoesNotBorrowSourceStorage
[       OK ] IRModuleSerializationTest.RestorationDoesNotBorrowSourceStorage (0 ms)
[ RUN      ] IRModuleSerializationTest.RejectsOperandsOutsideTheModuleTree
[       OK ] IRModuleSerializationTest.RejectsOperandsOutsideTheModuleTree (0 ms)
[ RUN      ] IRModuleSerializationTest.RejectsEveryBinaryTruncation
[       OK ] IRModuleSerializationTest.RejectsEveryBinaryTruncation (3 ms)
[ RUN      ] IRModuleSerializationTest.RejectsMalformedBinaryRecords
[       OK ] IRModuleSerializationTest.RejectsMalformedBinaryRecords (0 ms)
[ RUN      ] IRModuleSerializationTest.RejectsMalformedTextWithoutChangingExistingModules
[       OK ] IRModuleSerializationTest.RejectsMalformedTextWithoutChangingExistingModules (0 ms)
[ RUN      ] IRModuleSerializationTest.EnforcesResourceBudgets
[       OK ] IRModuleSerializationTest.EnforcesResourceBudgets (0 ms)
[ RUN      ] IRModuleSerializationTest.ValidatesGraphAndInstructionSemantics
[       OK ] IRModuleSerializationTest.ValidatesGraphAndInstructionSemantics (0 ms)
[ RUN      ] IRModuleSerializationTest.RollsBackAfterLateAttachmentFailure
[       OK ] IRModuleSerializationTest.RollsBackAfterLateAttachmentFailure (0 ms)
[ RUN      ] IRModuleSerializationTest.GenericDeclarationsAndASTsSurviveSourceDestruction
[       OK ] IRModuleSerializationTest.GenericDeclarationsAndASTsSurviveSourceDestruction (1 ms)
[ RUN      ] IRModuleSerializationTest.ValidatesDeclarationSourcesAndEmbeddedASTArchives
[       OK ] IRModuleSerializationTest.ValidatesDeclarationSourcesAndEmbeddedASTArchives (0 ms)
[ RUN      ] IRModuleSerializationTest.EmbeddedASTUsesNonfatalErrorsAndPreservesParseState
[       OK ] IRModuleSerializationTest.EmbeddedASTUsesNonfatalErrorsAndPreservesParseState (4 ms)
[----------] 39 tests from IRModuleSerializationTest (46 ms total)

[----------] 5 tests from IRBasicBlockTest
[ RUN      ] IRBasicBlockTest.AppendRejectsExistingParentsAndForeignValues
[       OK ] IRBasicBlockTest.AppendRejectsExistingParentsAndForeignValues (0 ms)
[ RUN      ] IRBasicBlockTest.CyclesAndModuleEntryReparentingAreRejected
[       OK ] IRBasicBlockTest.CyclesAndModuleEntryReparentingAreRejected (0 ms)
[ RUN      ] IRBasicBlockTest.RemovalPreservesReferencesAndAllowsReparenting
[       OK ] IRBasicBlockTest.RemovalPreservesReferencesAndAllowsReparenting (0 ms)
[ RUN      ] IRBasicBlockTest.InsertBeforeValidatesAnchorsAndParentRelationships
[       OK ] IRBasicBlockTest.InsertBeforeValidatesAnchorsAndParentRelationships (0 ms)
[ RUN      ] IRBasicBlockTest.DirectInsertionPreservesTerminalReturns
[       OK ] IRBasicBlockTest.DirectInsertionPreservesTerminalReturns (0 ms)
[----------] 5 tests from IRBasicBlockTest (0 ms total)

[----------] 5 tests from IRBranchInstructionTest
[ RUN      ] IRBranchInstructionTest.DetachedFactoriesPreserveOperandsAndInsertionPoint
[       OK ] IRBranchInstructionTest.DetachedFactoriesPreserveOperandsAndInsertionPoint (0 ms)
[ RUN      ] IRBranchInstructionTest.RejectsInvalidConditionsAndTargets
[       OK ] IRBranchInstructionTest.RejectsInvalidConditionsAndTargets (0 ms)
[ RUN      ] IRBranchInstructionTest.AttachmentChecksFunctionOwnershipAndPreservesRejectedOwners
[       OK ] IRBranchInstructionTest.AttachmentChecksFunctionOwnershipAndPreservesRejectedOwners (0 ms)
[ RUN      ] IRBranchInstructionTest.BranchesEnforceTerminalPositionAcrossAllInsertionAPIs
[       OK ] IRBranchInstructionTest.BranchesEnforceTerminalPositionAcrossAllInsertionAPIs (0 ms)
[ RUN      ] IRBranchInstructionTest.HandlesSelfEdgesDuplicateTargetsAndExistingReturns
[       OK ] IRBranchInstructionTest.HandlesSelfEdgesDuplicateTargetsAndExistingReturns (0 ms)
[----------] 5 tests from IRBranchInstructionTest (0 ms total)

[----------] 2 tests from IRCStringInstructionTest
[ RUN      ] IRCStringInstructionTest.CreatesFunctionLocalCopies
[       OK ] IRCStringInstructionTest.CreatesFunctionLocalCopies (0 ms)
[ RUN      ] IRCStringInstructionTest.RejectsInvalidSourcesAndOwners
[       OK ] IRCStringInstructionTest.RejectsInvalidSourcesAndOwners (0 ms)
[----------] 2 tests from IRCStringInstructionTest (0 ms total)

[----------] 6 tests from IRCallInstructionTest
[ RUN      ] IRCallInstructionTest.DirectCallsPreserveTargetArgumentsAndIndependentIdentity
[       OK ] IRCallInstructionTest.DirectCallsPreserveTargetArgumentsAndIndependentIdentity (0 ms)
[ RUN      ] IRCallInstructionTest.ZeroArgumentCallsSupportVoidResults
[       OK ] IRCallInstructionTest.ZeroArgumentCallsSupportVoidResults (0 ms)
[ RUN      ] IRCallInstructionTest.FunctionValuesAndCallResultsSupportIndirectCalls
[       OK ] IRCallInstructionTest.FunctionValuesAndCallResultsSupportIndirectCalls (0 ms)
[ RUN      ] IRCallInstructionTest.ArgumentsMustExactlyMatchTheResolvedSignature
[       OK ] IRCallInstructionTest.ArgumentsMustExactlyMatchTheResolvedSignature (0 ms)
[ RUN      ] IRCallInstructionTest.ForeignAndNonFunctionTargetsAreRejected
[       OK ] IRCallInstructionTest.ForeignAndNonFunctionTargetsAreRejected (0 ms)
[ RUN      ] IRCallInstructionTest.OwnedOperandsAndReferencesSurviveStorageGrowth
[       OK ] IRCallInstructionTest.OwnedOperandsAndReferencesSurviveStorageGrowth (0 ms)
[----------] 6 tests from IRCallInstructionTest (1 ms total)

[----------] 9 tests from IRClassTest
[ RUN      ] IRClassTest.CompletesNominalTypesTransactionally
[       OK ] IRClassTest.CompletesNominalTypesTransactionally (0 ms)
[ RUN      ] IRClassTest.RejectsInvalidFieldsAndValueCycles
[       OK ] IRClassTest.RejectsInvalidFieldsAndValueCycles (0 ms)
[ RUN      ] IRClassTest.ComputesRecursivePointerLayoutsForBothTargets
[       OK ] IRClassTest.ComputesRecursivePointerLayoutsForBothTargets (0 ms)
[ RUN      ] IRClassTest.HandlesEmptyAndOverflowingLayouts
[       OK ] IRClassTest.HandlesEmptyAndOverflowingLayouts (0 ms)
[ RUN      ] IRClassTest.BuildsTypedFieldValuesAndPlaces
[       OK ] IRClassTest.BuildsTypedFieldValuesAndPlaces (0 ms)
[ RUN      ] IRClassTest.InternsClassConstantsByNominalIdentity
[       OK ] IRClassTest.InternsClassConstantsByNominalIdentity (0 ms)
[ RUN      ] IRClassTest.RoundTripsDefinitionsConstantsAndInstructions
[       OK ] IRClassTest.RoundTripsDefinitionsConstantsAndInstructions (0 ms)
[ RUN      ] IRClassTest.EnforcesClassArchiveLimits
[       OK ] IRClassTest.EnforcesClassArchiveLimits (0 ms)
[ RUN      ] IRClassTest.RejectsMalformedClassArchives
[       OK ] IRClassTest.RejectsMalformedClassArchives (0 ms)
[----------] 9 tests from IRClassTest (0 ms total)

[----------] 3 tests from IRConfigLimitsTest
[ RUN      ] IRConfigLimitsTest.ModuleArchiveDefaultsFollowEnvironment
[       OK ] IRConfigLimitsTest.ModuleArchiveDefaultsFollowEnvironment (1 ms)
[ RUN      ] IRConfigLimitsTest.EmbeddedASTKeepsItsOwnConfiguration
[       OK ] IRConfigLimitsTest.EmbeddedASTKeepsItsOwnConfiguration (0 ms)
[ RUN      ] IRConfigLimitsTest.ArchiveEntryPointsHonorConfiguredBudgetAndExplicitOverride
[       OK ] IRConfigLimitsTest.ArchiveEntryPointsHonorConfiguredBudgetAndExplicitOverride (0 ms)
[----------] 3 tests from IRConfigLimitsTest (1 ms total)

[----------] 8 tests from IRConstantPoolTest
[ RUN      ] IRConstantPoolTest.BoolConstantsArePreallocatedAndSharedByPoolAccessors
[       OK ] IRConstantPoolTest.BoolConstantsArePreallocatedAndSharedByPoolAccessors (0 ms)
[ RUN      ] IRConstantPoolTest.IntegerInterningPreservesTypeAndPayloadIdentity
[       OK ] IRConstantPoolTest.IntegerInterningPreservesTypeAndPayloadIdentity (0 ms)
[ RUN      ] IRConstantPoolTest.WidePayloadsOwnTheirBitsAndCompareEveryWord
[       OK ] IRConstantPoolTest.WidePayloadsOwnTheirBitsAndCompareEveryWord (0 ms)
[ RUN      ] IRConstantPoolTest.IntegerPayloadsOwnEveryCallerWord
[       OK ] IRConstantPoolTest.IntegerPayloadsOwnEveryCallerWord (0 ms)
[ RUN      ] IRConstantPoolTest.IntegerWordBoundariesRejectMalformedPayloads
[       OK ] IRConstantPoolTest.IntegerWordBoundariesRejectMalformedPayloads (0 ms)
[ RUN      ] IRConstantPoolTest.InvalidRequestsLeaveStorageUnchanged
[       OK ] IRConstantPoolTest.InvalidRequestsLeaveStorageUnchanged (0 ms)
[ RUN      ] IRConstantPoolTest.OwnershipIsLocalToTheContext
[       OK ] IRConstantPoolTest.OwnershipIsLocalToTheContext (0 ms)
[ RUN      ] IRConstantPoolTest.StorageGrowthPreservesBorrowedReferences
[       OK ] IRConstantPoolTest.StorageGrowthPreservesBorrowedReferences (0 ms)
[----------] 8 tests from IRConstantPoolTest (0 ms total)

[----------] 7 tests from IRContextRevisionTest
[ RUN      ] IRContextRevisionTest.FunctionStructureEditsAdvanceRevision
[       OK ] IRContextRevisionTest.FunctionStructureEditsAdvanceRevision (0 ms)
[ RUN      ] IRContextRevisionTest.ModuleOwnershipEditsAdvanceRevision
[       OK ] IRContextRevisionTest.ModuleOwnershipEditsAdvanceRevision (0 ms)
[ RUN      ] IRContextRevisionTest.DetachedDestructionInvalidatesBorrowedIdentities
[       OK ] IRContextRevisionTest.DetachedDestructionInvalidatesBorrowedIdentities (0 ms)
[ RUN      ] IRContextRevisionTest.ImmutablePoolGrowthAndReadsPreserveRevision
[       OK ] IRContextRevisionTest.ImmutablePoolGrowthAndReadsPreserveRevision (0 ms)
[ RUN      ] IRContextRevisionTest.RejectedEditsPreserveRevision
[       OK ] IRContextRevisionTest.RejectedEditsPreserveRevision (0 ms)
[ RUN      ] IRContextRevisionTest.DeclarationAttachmentsAdvanceRevision
[       OK ] IRContextRevisionTest.DeclarationAttachmentsAdvanceRevision (0 ms)
[ RUN      ] IRContextRevisionTest.DeserializationAdvancesRevisionAndSerializationPreservesIt
[       OK ] IRContextRevisionTest.DeserializationAdvancesRevisionAndSerializationPreservesIt (0 ms)
[----------] 7 tests from IRContextRevisionTest (0 ms total)

[----------] 3 tests from IRContextTest
[ RUN      ] IRContextTest.ModuleDestructionNotifiesObservers
[       OK ] IRContextTest.ModuleDestructionNotifiesObservers (0 ms)
[ RUN      ] IRContextTest.ObserverCanUnregisterBeforeNodesAreDestroyed
[       OK ] IRContextTest.ObserverCanUnregisterBeforeNodesAreDestroyed (0 ms)
[ RUN      ] IRContextTest.DestructionNotificationsStayInTheirContext
[       OK ] IRContextTest.DestructionNotificationsStayInTheirContext (0 ms)
[----------] 3 tests from IRContextTest (0 ms total)

[----------] 6 tests from IRFloatConstantTest
[ RUN      ] IRFloatConstantTest.ExactBitsDetermineIdentityInEveryFormat
[       OK ] IRFloatConstantTest.ExactBitsDetermineIdentityInEveryFormat (0 ms)
[ RUN      ] IRFloatConstantTest.FormatAndConstantKindParticipateInIdentity
[       OK ] IRFloatConstantTest.FormatAndConstantKindParticipateInIdentity (0 ms)
[ RUN      ] IRFloatConstantTest.InvalidFormatsAndForeignTypesLeaveStorageUnchanged
[       OK ] IRFloatConstantTest.InvalidFormatsAndForeignTypesLeaveStorageUnchanged (0 ms)
[ RUN      ] IRFloatConstantTest.MalformedBitsLeaveStorageUnchanged
[       OK ] IRFloatConstantTest.MalformedBitsLeaveStorageUnchanged (0 ms)
[ RUN      ] IRFloatConstantTest.OwnedPayloadAndReferencesSurviveStorageGrowth
[       OK ] IRFloatConstantTest.OwnedPayloadAndReferencesSurviveStorageGrowth (0 ms)
[ RUN      ] IRFloatConstantTest.OwnershipAndStoreTypesAreChecked
[       OK ] IRFloatConstantTest.OwnershipAndStoreTypesAreChecked (0 ms)
[----------] 6 tests from IRFloatConstantTest (0 ms total)

[----------] 3 tests from IRFunctionDeclTest
[ RUN      ] IRFunctionDeclTest.GenericFunctionRetainsNameAndBorrowedAST
[       OK ] IRFunctionDeclTest.GenericFunctionRetainsNameAndBorrowedAST (0 ms)
[ RUN      ] IRFunctionDeclTest.FactoriesRejectOrdinaryDefinitionsAndInvalidNames
[       OK ] IRFunctionDeclTest.FactoriesRejectOrdinaryDefinitionsAndInvalidNames (0 ms)
[ RUN      ] IRFunctionDeclTest.DefinitionsSurviveGrowthAndDoNotAcquireInstanceState
[       OK ] IRFunctionDeclTest.DefinitionsSurviveGrowthAndDoNotAcquireInstanceState (0 ms)
[----------] 3 tests from IRFunctionDeclTest (0 ms total)

[----------] 1 test from IRClassDeclTest
[ RUN      ] IRClassDeclTest.GenericClassIsSeparateFromResolvedTypes
[       OK ] IRClassDeclTest.GenericClassIsSeparateFromResolvedTypes (0 ms)
[----------] 1 test from IRClassDeclTest (0 ms total)

[----------] 4 tests from IRFunctionParameterTest
[ RUN      ] IRFunctionParameterTest.PreservesKindsAndUsesOuterAsFunctionIdentity
[       OK ] IRFunctionParameterTest.PreservesKindsAndUsesOuterAsFunctionIdentity (0 ms)
[ RUN      ] IRFunctionParameterTest.ChecksParameterNamesAndAllowsUnnamedSlots
[       OK ] IRFunctionParameterTest.ChecksParameterNamesAndAllowsUnnamedSlots (0 ms)
[ RUN      ] IRFunctionParameterTest.RejectsWrongKindCountAndInvalidKinds
[       OK ] IRFunctionParameterTest.RejectsWrongKindCountAndInvalidKinds (0 ms)
[ RUN      ] IRFunctionParameterTest.CallsStillRequireNormalizedSignatureSlots
[       OK ] IRFunctionParameterTest.CallsStillRequireNormalizedSignatureSlots (0 ms)
[----------] 4 tests from IRFunctionParameterTest (0 ms total)

[----------] 4 tests from IRFunctionTypeTest
[ RUN      ] IRFunctionTypeTest.SignaturesAreCanonicalByReturnAndOrderedParameters
[       OK ] IRFunctionTypeTest.SignaturesAreCanonicalByReturnAndOrderedParameters (0 ms)
[ RUN      ] IRFunctionTypeTest.InvalidComponentsAreRejectedAndContextsRemainDistinct
[       OK ] IRFunctionTypeTest.InvalidComponentsAreRejectedAndContextsRemainDistinct (0 ms)
[ RUN      ] IRFunctionTypeTest.OwnedParameterListsAndAddressesSurviveGrowth
[       OK ] IRFunctionTypeTest.OwnedParameterListsAndAddressesSurviveGrowth (0 ms)
[ RUN      ] IRFunctionTypeTest.SignaturesSupportNestedAndNominalComponents
[       OK ] IRFunctionTypeTest.SignaturesSupportNestedAndNominalComponents (0 ms)
[----------] 4 tests from IRFunctionTypeTest (0 ms total)

[----------] 12 tests from IRIRBuilderTest
[ RUN      ] IRIRBuilderTest.NonInstructionFactoriesPreservePointAndOutliveBuilder
[       OK ] IRIRBuilderTest.NonInstructionFactoriesPreservePointAndOutliveBuilder (0 ms)
[ RUN      ] IRIRBuilderTest.DetachedInstructionFactoriesIgnoreInsertionPoint
[       OK ] IRIRBuilderTest.DetachedInstructionFactoriesIgnoreInsertionPoint (0 ms)
[ RUN      ] IRIRBuilderTest.CreatesOrderedInstructionsThatOutliveBuilder
[       OK ] IRIRBuilderTest.CreatesOrderedInstructionsThatOutliveBuilder (0 ms)
[ RUN      ] IRIRBuilderTest.AnchorSurvivesGrowthAndOtherInsertions
[       OK ] IRIRBuilderTest.AnchorSurvivesGrowthAndOtherInsertions (0 ms)
[ RUN      ] IRIRBuilderTest.IndependentBuildersFollowExplicitBlockSelection
[       OK ] IRIRBuilderTest.IndependentBuildersFollowExplicitBlockSelection (0 ms)
[ RUN      ] IRIRBuilderTest.NestedGuardsRestoreAnchorsEndsAndUnsetPoints
[       OK ] IRIRBuilderTest.NestedGuardsRestoreAnchorsEndsAndUnsetPoints (0 ms)
[ RUN      ] IRIRBuilderTest.MissingPointRejectsEveryFactory
[       OK ] IRIRBuilderTest.MissingPointRejectsEveryFactory (0 ms)
[ RUN      ] IRIRBuilderTest.InvalidPointSelectionClearsOldDestination
[       OK ] IRIRBuilderTest.InvalidPointSelectionClearsOldDestination (0 ms)
[ RUN      ] IRIRBuilderTest.RemovedAndReparentedAnchorsAreRejected
[       OK ] IRIRBuilderTest.RemovedAndReparentedAnchorsAreRejected (0 ms)
[ RUN      ] IRIRBuilderTest.InvalidOperandsDoNotInsertOrConsumePoint
[       OK ] IRIRBuilderTest.InvalidOperandsDoNotInsertOrConsumePoint (0 ms)
[ RUN      ] IRIRBuilderTest.ReturnChecksSignatureAndTerminalPosition
[       OK ] IRIRBuilderTest.ReturnChecksSignatureAndTerminalPosition (0 ms)
[ RUN      ] IRIRBuilderTest.VoidReturnsRequireFunctionBlocks
[       OK ] IRIRBuilderTest.VoidReturnsRequireFunctionBlocks (0 ms)
[----------] 12 tests from IRIRBuilderTest (0 ms total)

[----------] 3 tests from IRLogicalInstructionTest
[ RUN      ] IRLogicalInstructionTest.RetainsBoolOperandsAndConcreteKinds
[       OK ] IRLogicalInstructionTest.RetainsBoolOperandsAndConcreteKinds (0 ms)
[ RUN      ] IRLogicalInstructionTest.RejectsNonBoolAndForeignOperands
[       OK ] IRLogicalInstructionTest.RejectsNonBoolAndForeignOperands (0 ms)
[ RUN      ] IRLogicalInstructionTest.EnforcesInsertionPointsAndTerminalBoundaries
[       OK ] IRLogicalInstructionTest.EnforcesInsertionPointsAndTerminalBoundaries (0 ms)
[----------] 3 tests from IRLogicalInstructionTest (0 ms total)

[----------] 2 tests from IRCompareInstructionTest
[ RUN      ] IRCompareInstructionTest.PreservesPredicatesAndBoolResultTypes
[       OK ] IRCompareInstructionTest.PreservesPredicatesAndBoolResultTypes (0 ms)
[ RUN      ] IRCompareInstructionTest.RejectsInvalidPredicatesAndOperandTypes
[       OK ] IRCompareInstructionTest.RejectsInvalidPredicatesAndOperandTypes (0 ms)
[----------] 2 tests from IRCompareInstructionTest (0 ms total)

[----------] 6 tests from IRMemoryInstructionTest
[ RUN      ] IRMemoryInstructionTest.InitializationAssignmentAndReadsPreserveBlockOrder
[       OK ] IRMemoryInstructionTest.InitializationAssignmentAndReadsPreserveBlockOrder (0 ms)
[ RUN      ] IRMemoryInstructionTest.AllocationsSupportConcreteStorageTypes
[       OK ] IRMemoryInstructionTest.AllocationsSupportConcreteStorageTypes (0 ms)
[ RUN      ] IRMemoryInstructionTest.UnsupportedStorageTypesAreRejectedAtEveryFactory
[       OK ] IRMemoryInstructionTest.UnsupportedStorageTypesAreRejectedAtEveryFactory (0 ms)
[ RUN      ] IRMemoryInstructionTest.LoadedPointersPreserveReadOnlyAccess
[       OK ] IRMemoryInstructionTest.LoadedPointersPreserveReadOnlyAccess (0 ms)
[ RUN      ] IRMemoryInstructionTest.ForeignOperandsAndTypeMismatchesAreRejected
[       OK ] IRMemoryInstructionTest.ForeignOperandsAndTypeMismatchesAreRejected (0 ms)
[ RUN      ] IRMemoryInstructionTest.InstructionOperandsSurviveStorageGrowth
[       OK ] IRMemoryInstructionTest.InstructionOperandsSurviveStorageGrowth (0 ms)
[----------] 6 tests from IRMemoryInstructionTest (0 ms total)

[----------] 6 tests from IRModelTest
[ RUN      ] IRModelTest.TypesAndConstantsHaveDistinctKindsAndValueTypes
[       OK ] IRModelTest.TypesAndConstantsHaveDistinctKindsAndValueTypes (0 ms)
[ RUN      ] IRModelTest.IntegerTypesAreCanonicalAndContextLocal
[       OK ] IRModelTest.IntegerTypesAreCanonicalAndContextLocal (0 ms)
[ RUN      ] IRModelTest.IntegerConstantsPreserveWideValuesAndSignedness
[       OK ] IRModelTest.IntegerConstantsPreserveWideValuesAndSignedness (0 ms)
[ RUN      ] IRModelTest.IntegerConstantsRejectMismatchedWidthsAndForeignTypes
[       OK ] IRModelTest.IntegerConstantsRejectMismatchedWidthsAndForeignTypes (0 ms)
[ RUN      ] IRModelTest.BoolConstantsAreCanonical
[       OK ] IRModelTest.BoolConstantsAreCanonical (0 ms)
[ RUN      ] IRModelTest.ModelIdentitiesSurviveStorageGrowth
[       OK ] IRModelTest.ModelIdentitiesSurviveStorageGrowth (0 ms)
[----------] 6 tests from IRModelTest (0 ms total)

[----------] 2 tests from IRModuleTest
[ RUN      ] IRModuleTest.EntryBlockPreservesMixedValuesAndIdentity
[       OK ] IRModuleTest.EntryBlockPreservesMixedValuesAndIdentity (0 ms)
[ RUN      ] IRModuleTest.NamesAreValidatedAndTypesRemainContextLocal
[       OK ] IRModuleTest.NamesAreValidatedAndTypesRemainContextLocal (0 ms)
[----------] 2 tests from IRModuleTest (0 ms total)

[----------] 5 tests from IRNamePoolTest
[ RUN      ] IRNamePoolTest.InvalidNamesAndLookupMissesDoNotAllocate
[       OK ] IRNamePoolTest.InvalidNamesAndLookupMissesDoNotAllocate (0 ms)
[ RUN      ] IRNamePoolTest.InternsOneOwnedSpellingAndSupportsHashKeys
[       OK ] IRNamePoolTest.InternsOneOwnedSpellingAndSupportsHashKeys (0 ms)
[ RUN      ] IRNamePoolTest.TextViewsSurvivePoolGrowth
[       OK ] IRNamePoolTest.TextViewsSurvivePoolGrowth (0 ms)
[ RUN      ] IRNamePoolTest.PreservesUtf8AndLengthDelimitedSpellings
[       OK ] IRNamePoolTest.PreservesUtf8AndLengthDelimitedSpellings (0 ms)
[ RUN      ] IRNamePoolTest.IndicesAreLocalToTheirPool
[       OK ] IRNamePoolTest.IndicesAreLocalToTheirPool (0 ms)
[----------] 5 tests from IRNamePoolTest (1 ms total)

[----------] 6 tests from IROwnershipTest
[ RUN      ] IROwnershipTest.FailedTransfersPreserveDetachedOwnership
[       OK ] IROwnershipTest.FailedTransfersPreserveDetachedOwnership (0 ms)
[ RUN      ] IROwnershipTest.RootDestructionReleasesEntireOwnedTree
[       OK ] IROwnershipTest.RootDestructionReleasesEntireOwnedTree (0 ms)
[ RUN      ] IROwnershipTest.DetachedSubtreeSurvivesParentAndCanBeReparented
[       OK ] IROwnershipTest.DetachedSubtreeSurvivesParentAndCanBeReparented (0 ms)
[ RUN      ] IROwnershipTest.EraseAndDetachHaveDistinctLifetimes
[       OK ] IROwnershipTest.EraseAndDetachHaveDistinctLifetimes (0 ms)
[ RUN      ] IROwnershipTest.ModulesMoveBetweenRootAndNestedOwnership
[       OK ] IROwnershipTest.ModulesMoveBetweenRootAndNestedOwnership (0 ms)
[ RUN      ] IROwnershipTest.ModuleDeletionKeepsSharedPoolsAlive
[       OK ] IROwnershipTest.ModuleDeletionKeepsSharedPoolsAlive (0 ms)
[----------] 6 tests from IROwnershipTest (0 ms total)

[----------] 7 tests from IRStringConstantTest
[ RUN      ] IRStringConstantTest.RepeatedAndEquivalentDecodedLiteralsShareOneConstant
[       OK ] IRStringConstantTest.RepeatedAndEquivalentDecodedLiteralsShareOneConstant (0 ms)
[ RUN      ] IRStringConstantTest.FullByteSequenceDeterminesIdentity
[       OK ] IRStringConstantTest.FullByteSequenceDeterminesIdentity (0 ms)
[ RUN      ] IRStringConstantTest.LosslessCStringConversion
[       OK ] IRStringConstantTest.LosslessCStringConversion (0 ms)
[ RUN      ] IRStringConstantTest.CStringConversionRejectsEmbeddedNul
[       OK ] IRStringConstantTest.CStringConversionRejectsEmbeddedNul (0 ms)
[ RUN      ] IRStringConstantTest.InvalidAndForeignSliceTypesLeaveStorageUnchanged
[       OK ] IRStringConstantTest.InvalidAndForeignSliceTypesLeaveStorageUnchanged (0 ms)
[ RUN      ] IRStringConstantTest.OwnedBytesAndViewsSurviveMutationDestructionAndGrowth
[       OK ] IRStringConstantTest.OwnedBytesAndViewsSurviveMutationDestructionAndGrowth (0 ms)
[ RUN      ] IRStringConstantTest.OwnershipAndStoreTypesAreChecked
[       OK ] IRStringConstantTest.OwnershipAndStoreTypesAreChecked (0 ms)
[----------] 7 tests from IRStringConstantTest (0 ms total)

[----------] 6 tests from IRTypePoolTest
[ RUN      ] IRTypePoolTest.BuiltinsBootstrapMetaTypeAndConstantPool
[       OK ] IRTypePoolTest.BuiltinsBootstrapMetaTypeAndConstantPool (0 ms)
[ RUN      ] IRTypePoolTest.StructuralTypesRemainCanonicalAcrossGrowth
[       OK ] IRTypePoolTest.StructuralTypesRemainCanonicalAcrossGrowth (0 ms)
[ RUN      ] IRTypePoolTest.EmptyFunctionParameterFormsShareCanonicalSignature
[       OK ] IRTypePoolTest.EmptyFunctionParameterFormsShareCanonicalSignature (0 ms)
[ RUN      ] IRTypePoolTest.NominalTypesAreNeverMergedByName
[       OK ] IRTypePoolTest.NominalTypesAreNeverMergedByName (0 ms)
[ RUN      ] IRTypePoolTest.InvalidRequestsCannotCreateTypes
[       OK ] IRTypePoolTest.InvalidRequestsCannotCreateTypes (0 ms)
[ RUN      ] IRTypePoolTest.SharedTypesOutliveModuleIR
[       OK ] IRTypePoolTest.SharedTypesOutliveModuleIR (0 ms)
[----------] 6 tests from IRTypePoolTest (0 ms total)

[----------] 9 tests from IRTypeTest
[ RUN      ] IRTypeTest.BuiltinClassificationMatchesTheInheritanceHierarchy
[       OK ] IRTypeTest.BuiltinClassificationMatchesTheInheritanceHierarchy (0 ms)
[ RUN      ] IRTypeTest.FloatTypesAreCanonicalBySupportedWidth
[       OK ] IRTypeTest.FloatTypesAreCanonicalBySupportedWidth (0 ms)
[ RUN      ] IRTypeTest.ArraysAreCanonicalByElementAndFullLength
[       OK ] IRTypeTest.ArraysAreCanonicalByElementAndFullLength (0 ms)
[ RUN      ] IRTypeTest.SlicesPreserveElementTypeAndAccess
[       OK ] IRTypeTest.SlicesPreserveElementTypeAndAccess (0 ms)
[ RUN      ] IRTypeTest.PointersAndReferencesPreserveTargetAndAccess
[       OK ] IRTypeTest.PointersAndReferencesPreserveTargetAndAccess (0 ms)
[ RUN      ] IRTypeTest.CompositeFactoriesRejectForeignTypesAndInvalidAccess
[       OK ] IRTypeTest.CompositeFactoriesRejectForeignTypesAndInvalidAccess (0 ms)
[ RUN      ] IRTypeTest.UserDefinedTypesHaveIndependentIdentityAndSpecificKinds
[       OK ] IRTypeTest.UserDefinedTypesHaveIndependentIdentityAndSpecificKinds (0 ms)
[ RUN      ] IRTypeTest.UserDefinedElementsDoNotChangeCompositeClassification
[       OK ] IRTypeTest.UserDefinedElementsDoNotChangeCompositeClassification (0 ms)
[ RUN      ] IRTypeTest.DerivedTypeIdentitiesSurviveStorageGrowth
[       OK ] IRTypeTest.DerivedTypeIdentitiesSurviveStorageGrowth (0 ms)
[----------] 9 tests from IRTypeTest (0 ms total)

[----------] 2 tests from IRValueTest
[ RUN      ] IRValueTest.KindsAndClassificationMatchConcreteClasses
[       OK ] IRValueTest.KindsAndClassificationMatchConcreteClasses (0 ms)
[ RUN      ] IRValueTest.NullAndUnknownKindsAreRejected
[       OK ] IRValueTest.NullAndUnknownKindsAreRejected (0 ms)
[----------] 2 tests from IRValueTest (0 ms total)

[----------] 558 tests from GrammarBranches/ParserGrammarCorpusTest
[ RUN      ] GrammarBranches/ParserGrammarCorpusTest.AcceptsValidGrammar/Case0000_module
[       OK ] GrammarBranches/ParserGrammarCorpusTest.AcceptsValidGrammar/Case0000_module (0 ms)
[ RUN      ] GrammarBranches/ParserGrammarCorpusTest.AcceptsValidGrammar/Case0001_module
[       OK ] GrammarBranches/ParserGrammarCorpusTest.AcceptsValidGrammar/Case0001_module (0 ms)
[ RUN      ] GrammarBranches/ParserGrammarCorpusTest.AcceptsValidGrammar/Case0002_module
[       OK ] GrammarBranches/ParserGrammarCorpusTest.AcceptsValidGrammar/Case0002_module (0 ms)
[ RUN      ] GrammarBranches/ParserGrammarCorpusTest.AcceptsValidGrammar/Case0003_module
[       OK ] GrammarBranches/ParserGrammarCorpusTest.AcceptsValidGrammar/Case0003_module (0 ms)
[ RUN      ] GrammarBranches/ParserGrammarCorpusTest.AcceptsValidGrammar/Case0004_module
[       OK ] GrammarBranches/ParserGrammarCorpusTest.AcceptsValidGrammar/Case0004_module (0 ms)
[ RUN      ] GrammarBranches/ParserGrammarCorpusTest.AcceptsValidGrammar/Case0005_stmt
[       OK ] GrammarBranches/ParserGrammarCorpusTest.AcceptsValidGrammar/Case0005_stmt (0 ms)
[ RUN      ] GrammarBranches/ParserGrammarCorpusTest.AcceptsValidGrammar/Case0006_stmt
[       OK ] GrammarBranches/ParserGrammarCorpusTest.AcceptsValidGrammar/Case0006_stmt (0 ms)
[ RUN      ] GrammarBranches/ParserGrammarCorpusTest.AcceptsValidGrammar/Case0007_closed_stmt
[       OK ] GrammarBranches/ParserGrammarCorpusTest.AcceptsValidGrammar/Case0007_closed_stmt (0 ms)
[ RUN      ] GrammarBranches/ParserGrammarCorpusTest.AcceptsValidGrammar/Case0008_closed_stmt
[       OK ] GrammarBranches/ParserGrammarCorpusTest.AcceptsValidGrammar/Case0008_closed_stmt (0 ms)
[ RUN      ] GrammarBranches/ParserGrammarCorpusTest.AcceptsValidGrammar/Case0009_open_stmt
[       OK ] GrammarBranches/ParserGrammarCorpusTest.AcceptsValidGrammar/Case0009_open_stmt (0 ms)
[ RUN      ] GrammarBranches/ParserGrammarCorpusTest.AcceptsValidGrammar/Case0010_closed_stmt
[       OK ] GrammarBranches/ParserGrammarCorpusTest.AcceptsValidGrammar/Case0010_closed_stmt (0 ms)
[ RUN      ] GrammarBranches/ParserGrammarCorpusTest.AcceptsValidGrammar/Case0011_closed_stmt
[       OK ] GrammarBranches/ParserGrammarCorpusTest.AcceptsValidGrammar/Case0011_closed_stmt (0 ms)
[ RUN      ] GrammarBranches/ParserGrammarCorpusTest.AcceptsValidGrammar/Case0012_open_stmt
[       OK ] GrammarBranches/ParserGrammarCorpusTest.AcceptsValidGrammar/Case0012_open_stmt (0 ms)
[ RUN      ] GrammarBranches/ParserGrammarCorpusTest.AcceptsValidGrammar/Case0013_open_stmt
[       OK ] GrammarBranches/ParserGrammarCorpusTest.AcceptsValidGrammar/Case0013_open_stmt (0 ms)
[ RUN      ] GrammarBranches/ParserGrammarCorpusTest.AcceptsValidGrammar/Case0014_basic_stmt
[       OK ] GrammarBranches/ParserGrammarCorpusTest.AcceptsValidGrammar/Case0014_basic_stmt (0 ms)
[ RUN      ] GrammarBranches/ParserGrammarCorpusTest.AcceptsValidGrammar/Case0015_basic_stmt
[       OK ] GrammarBranches/ParserGrammarCorpusTest.AcceptsValidGrammar/Case0015_basic_stmt (0 ms)
[ RUN      ] GrammarBranches/ParserGrammarCorpusTest.AcceptsValidGrammar/Case0016_basic_stmt
[       OK ] GrammarBranches/ParserGrammarCorpusTest.AcceptsValidGrammar/Case0016_basic_stmt (0 ms)
[ RUN      ] GrammarBranches/ParserGrammarCorpusTest.AcceptsValidGrammar/Case0017_basic_stmt
[       OK ] GrammarBranches/ParserGrammarCorpusTest.AcceptsValidGrammar/Case0017_basic_stmt (0 ms)
[ RUN      ] GrammarBranches/ParserGrammarCorpusTest.AcceptsValidGrammar/Case0018_basic_stmt
[       OK ] GrammarBranches/ParserGrammarCorpusTest.AcceptsValidGrammar/Case0018_basic_stmt (0 ms)
[ RUN      ] GrammarBranches/ParserGrammarCorpusTest.AcceptsValidGrammar/Case0019_basic_stmt
[       OK ] GrammarBranches/ParserGrammarCorpusTest.AcceptsValidGrammar/Case0019_basic_stmt (0 ms)
[ RUN      ] GrammarBranches/ParserGrammarCorpusTest.AcceptsValidGrammar/Case0020_basic_stmt
[       OK ] GrammarBranches/ParserGrammarCorpusTest.AcceptsValidGrammar/Case0020_basic_stmt (0 ms)
[ RUN      ] GrammarBranches/ParserGrammarCorpusTest.AcceptsValidGrammar/Case0021_basic_stmt
[       OK ] GrammarBranches/ParserGrammarCorpusTest.AcceptsValidGrammar/Case0021_basic_stmt (0 ms)
[ RUN      ] GrammarBranches/ParserGrammarCorpusTest.AcceptsValidGrammar/Case0022_basic_stmt
[       OK ] GrammarBranches/ParserGrammarCorpusTest.AcceptsValidGrammar/Case0022_basic_stmt (0 ms)
[ RUN      ] GrammarBranches/ParserGrammarCorpusTest.AcceptsValidGrammar/Case0023_closed_stmt
[       OK ] GrammarBranches/ParserGrammarCorpusTest.AcceptsValidGrammar/Case0023_closed_stmt (0 ms)
[ RUN      ] GrammarBranches/ParserGrammarCorpusTest.AcceptsValidGrammar/Case0024_closed_stmt_core
[       OK ] GrammarBranches/ParserGrammarCorpusTest.AcceptsValidGrammar/Case0024_closed_stmt_core (0 ms)
[ RUN      ] GrammarBranches/ParserGrammarCorpusTest.AcceptsValidGrammar/Case0025_closed_stmt_core
[       OK ] GrammarBranches/ParserGrammarCorpusTest.AcceptsValidGrammar/Case0025_closed_stmt_core (0 ms)
[ RUN      ] GrammarBranches/ParserGrammarCorpusTest.AcceptsValidGrammar/Case0026_closed_stmt_core
[       OK ] GrammarBranches/ParserGrammarCorpusTest.AcceptsValidGrammar/Case0026_closed_stmt_core (0 ms)
[ RUN      ] GrammarBranches/ParserGrammarCorpusTest.AcceptsValidGrammar/Case0027_closed_stmt_core
[       OK ] GrammarBranches/ParserGrammarCorpusTest.AcceptsValidGrammar/Case0027_closed_stmt_core (0 ms)
[ RUN      ] GrammarBranches/ParserGrammarCorpusTest.AcceptsValidGrammar/Case0028_open_stmt
[       OK ] GrammarBranches/ParserGrammarCorpusTest.AcceptsValidGrammar/Case0028_open_stmt (0 ms)
[ RUN      ] GrammarBranches/ParserGrammarCorpusTest.AcceptsValidGrammar/Case0029_open_stmt_core
[       OK ] GrammarBranches/ParserGrammarCorpusTest.AcceptsValidGrammar/Case0029_open_stmt_core (0 ms)
[ RUN      ] GrammarBranches/ParserGrammarCorpusTest.AcceptsValidGrammar/Case0030_open_stmt_core
[       OK ] GrammarBranches/ParserGrammarCorpusTest.AcceptsValidGrammar/Case0030_open_stmt_core (0 ms)
[ RUN      ] GrammarBranches/ParserGrammarCorpusTest.AcceptsValidGrammar/Case0031_open_stmt_core
[       OK ] GrammarBranches/ParserGrammarCorpusTest.AcceptsValidGrammar/Case0031_open_stmt_core (0 ms)
[ RUN      ] GrammarBranches/ParserGrammarCorpusTest.AcceptsValidGrammar/Case0032_open_stmt_core
[       OK ] GrammarBranches/ParserGrammarCorpusTest.AcceptsValidGrammar/Case0032_open_stmt_core (0 ms)
[ RUN      ] GrammarBranches/ParserGrammarCorpusTest.AcceptsValidGrammar/Case0033_basic_stmt
[       OK ] GrammarBranches/ParserGrammarCorpusTest.AcceptsValidGrammar/Case0033_basic_stmt (0 ms)
[ RUN      ] GrammarBranches/ParserGrammarCorpusTest.AcceptsValidGrammar/Case0034_basic_stmt
[       OK ] GrammarBranches/ParserGrammarCorpusTest.AcceptsValidGrammar/Case0034_basic_stmt (0 ms)
[ RUN      ] GrammarBranches/ParserGrammarCorpusTest.AcceptsValidGrammar/Case0035_basic_stmt
[       OK ] GrammarBranches/ParserGrammarCorpusTest.AcceptsValidGrammar/Case0035_basic_stmt (0 ms)
[ RUN      ] GrammarBranches/ParserGrammarCorpusTest.AcceptsValidGrammar/Case0036_basic_stmt
[       OK ] GrammarBranches/ParserGrammarCorpusTest.AcceptsValidGrammar/Case0036_basic_stmt (0 ms)
[ RUN      ] GrammarBranches/ParserGrammarCorpusTest.AcceptsValidGrammar/Case0037_basic_stmt
[       OK ] GrammarBranches/ParserGrammarCorpusTest.AcceptsValidGrammar/Case0037_basic_stmt (0 ms)
[ RUN      ] GrammarBranches/ParserGrammarCorpusTest.AcceptsValidGrammar/Case0038_basic_stmt
[       OK ] GrammarBranches/ParserGrammarCorpusTest.AcceptsValidGrammar/Case0038_basic_stmt (0 ms)
[ RUN      ] GrammarBranches/ParserGrammarCorpusTest.AcceptsValidGrammar/Case0039_basic_stmt
[       OK ] GrammarBranches/ParserGrammarCorpusTest.AcceptsValidGrammar/Case0039_basic_stmt (0 ms)
[ RUN      ] GrammarBranches/ParserGrammarCorpusTest.AcceptsValidGrammar/Case0040_decl_stmt
[       OK ] GrammarBranches/ParserGrammarCorpusTest.AcceptsValidGrammar/Case0040_decl_stmt (0 ms)
[ RUN      ] GrammarBranches/ParserGrammarCorpusTest.AcceptsValidGrammar/Case0041_basic_stmt
[       OK ] GrammarBranches/ParserGrammarCorpusTest.AcceptsValidGrammar/Case0041_basic_stmt (0 ms)
[ RUN      ] GrammarBranches/ParserGrammarCorpusTest.AcceptsValidGrammar/Case0042_block_stmt
[       OK ] GrammarBranches/ParserGrammarCorpusTest.AcceptsValidGrammar/Case0042_block_stmt (0 ms)
[ RUN      ] GrammarBranches/ParserGrammarCorpusTest.AcceptsValidGrammar/Case0043_basic_stmt
[       OK ] GrammarBranches/ParserGrammarCorpusTest.AcceptsValidGrammar/Case0043_basic_stmt (0 ms)
[ RUN      ] GrammarBranches/ParserGrammarCorpusTest.AcceptsValidGrammar/Case0044_import_stmt
[       OK ] GrammarBranches/ParserGrammarCorpusTest.AcceptsValidGrammar/Case0044_import_stmt (0 ms)
[ RUN      ] GrammarBranches/ParserGrammarCorpusTest.AcceptsValidGrammar/Case0045_import_stmt
[       OK ] GrammarBranches/ParserGrammarCorpusTest.AcceptsValidGrammar/Case0045_import_stmt (0 ms)
[ RUN      ] GrammarBranches/ParserGrammarCorpusTest.AcceptsValidGrammar/Case0046_defer_stmt
[       OK ] GrammarBranches/ParserGrammarCorpusTest.AcceptsValidGrammar/Case0046_defer_stmt (0 ms)
[ RUN      ] GrammarBranches/ParserGrammarCorpusTest.AcceptsValidGrammar/Case0047_continue_stmt
[       OK ] GrammarBranches/ParserGrammarCorpusTest.AcceptsValidGrammar/Case0047_continue_stmt (0 ms)
[ RUN      ] GrammarBranches/ParserGrammarCorpusTest.AcceptsValidGrammar/Case0048_break_stmt
[       OK ] GrammarBranches/ParserGrammarCorpusTest.AcceptsValidGrammar/Case0048_break_stmt (0 ms)
[ RUN      ] GrammarBranches/ParserGrammarCorpusTest.AcceptsValidGrammar/Case0049_return_stmt
[       OK ] GrammarBranches/ParserGrammarCorpusTest.AcceptsValidGrammar/Case0049_return_stmt (0 ms)
[ RUN      ] GrammarBranches/ParserGrammarCorpusTest.AcceptsValidGrammar/Case0050_yield_stmt
[       OK ] GrammarBranches/ParserGrammarCorpusTest.AcceptsValidGrammar/Case0050_yield_stmt (0 ms)
[ RUN      ] GrammarBranches/ParserGrammarCorpusTest.AcceptsValidGrammar/Case0051_yield_stmt
[       OK ] GrammarBranches/ParserGrammarCorpusTest.AcceptsValidGrammar/Case0051_yield_stmt (0 ms)
[ RUN      ] GrammarBranches/ParserGrammarCorpusTest.AcceptsValidGrammar/Case0052_simple_stmt
[       OK ] GrammarBranches/ParserGrammarCorpusTest.AcceptsValidGrammar/Case0052_simple_stmt (0 ms)
[ RUN      ] GrammarBranches/ParserGrammarCorpusTest.AcceptsValidGrammar/Case0053_expr
[       OK ] GrammarBranches/ParserGrammarCorpusTest.AcceptsValidGrammar/Case0053_expr (0 ms)
[ RUN      ] GrammarBranches/ParserGrammarCorpusTest.AcceptsValidGrammar/Case0054_for_header
[       OK ] GrammarBranches/ParserGrammarCorpusTest.AcceptsValidGrammar/Case0054_for_header (0 ms)
[ RUN      ] GrammarBranches/ParserGrammarCorpusTest.AcceptsValidGrammar/Case0055_for_header
[       OK ] GrammarBranches/ParserGrammarCorpusTest.AcceptsValidGrammar/Case0055_for_header (0 ms)
[ RUN      ] GrammarBranches/ParserGrammarCorpusTest.AcceptsValidGrammar/Case0056_switch_stmt
[       OK ] GrammarBranches/ParserGrammarCorpusTest.AcceptsValidGrammar/Case0056_switch_stmt (0 ms)
[ RUN      ] GrammarBranches/ParserGrammarCorpusTest.AcceptsValidGrammar/Case0057_block_stmt
[       OK ] GrammarBranches/ParserGrammarCorpusTest.AcceptsValidGrammar/Case0057_block_stmt (0 ms)
[ RUN      ] GrammarBranches/ParserGrammarCorpusTest.AcceptsValidGrammar/Case0058_block_stmt
[       OK ] GrammarBranches/ParserGrammarCorpusTest.AcceptsValidGrammar/Case0058_block_stmt (0 ms)
[ RUN      ] GrammarBranches/ParserGrammarCorpusTest.AcceptsValidGrammar/Case0059_block_stmt
[       OK ] GrammarBranches/ParserGrammarCorpusTest.AcceptsValidGrammar/Case0059_block_stmt (0 ms)
[ RUN      ] GrammarBranches/ParserGrammarCorpusTest.AcceptsValidGrammar/Case0060_defer_stmt
[       OK ] GrammarBranches/ParserGrammarCorpusTest.AcceptsValidGrammar/Case0060_defer_stmt (0 ms)
[ RUN      ] GrammarBranches/ParserGrammarCorpusTest.AcceptsValidGrammar/Case0061_defer_stmt
[       OK ] GrammarBranches/ParserGrammarCorpusTest.AcceptsValidGrammar/Case0061_defer_stmt (0 ms)
[ RUN      ] GrammarBranches/ParserGrammarCorpusTest.AcceptsValidGrammar/Case0062_return_stmt
[       OK ] GrammarBranches/ParserGrammarCorpusTest.AcceptsValidGrammar/Case0062_return_stmt (0 ms)
[ RUN      ] GrammarBranches/ParserGrammarCorpusTest.AcceptsValidGrammar/Case0063_return_stmt
[       OK ] GrammarBranches/ParserGrammarCorpusTest.AcceptsValidGrammar/Case0063_return_stmt (0 ms)
[ RUN      ] GrammarBranches/ParserGrammarCorpusTest.AcceptsValidGrammar/Case0064_switch_stmt
[       OK ] GrammarBranches/ParserGrammarCorpusTest.AcceptsValidGrammar/Case0064_switch_stmt (0 ms)
[ RUN      ] GrammarBranches/ParserGrammarCorpusTest.AcceptsValidGrammar/Case0065_switch_stmt
[       OK ] GrammarBranches/ParserGrammarCorpusTest.AcceptsValidGrammar/Case0065_switch_stmt (0 ms)
[ RUN      ] GrammarBranches/ParserGrammarCorpusTest.AcceptsValidGrammar/Case0066_switch_stmt
[       OK ] GrammarBranches/ParserGrammarCorpusTest.AcceptsValidGrammar/Case0066_switch_stmt (0 ms)
[ RUN      ] GrammarBranches/ParserGrammarCorpusTest.AcceptsValidGrammar/Case0067_decl
[       OK ] GrammarBranches/ParserGrammarCorpusTest.AcceptsValidGrammar/Case0067_decl (0 ms)
[ RUN      ] GrammarBranches/ParserGrammarCorpusTest.AcceptsValidGrammar/Case0068_decl
[       OK ] GrammarBranches/ParserGrammarCorpusTest.AcceptsValidGrammar/Case0068_decl (0 ms)
[ RUN      ] GrammarBranches/ParserGrammarCorpusTest.AcceptsValidGrammar/Case0069_decl
[       OK ] GrammarBranches/ParserGrammarCorpusTest.AcceptsValidGrammar/Case0069_decl (0 ms)
[ RUN      ] GrammarBranches/ParserGrammarCorpusTest.AcceptsValidGrammar/Case0070_block_stmt
[       OK ] GrammarBranches/ParserGrammarCorpusTest.AcceptsValidGrammar/Case0070_block_stmt (0 ms)
[ RUN      ] GrammarBranches/ParserGrammarCorpusTest.AcceptsValidGrammar/Case0071_module_import_list
[       OK ] GrammarBranches/ParserGrammarCorpusTest.AcceptsValidGrammar/Case0071_module_import_list (0 ms)
[ RUN      ] GrammarBranches/ParserGrammarCorpusTest.AcceptsValidGrammar/Case0072_import_source
[       OK ] GrammarBranches/ParserGrammarCorpusTest.AcceptsValidGrammar/Case0072_import_source (0 ms)
[ RUN      ] GrammarBranches/ParserGrammarCorpusTest.AcceptsValidGrammar/Case0073_import_source
[       OK ] GrammarBranches/ParserGrammarCorpusTest.AcceptsValidGrammar/Case0073_import_source (0 ms)
[ RUN      ] GrammarBranches/ParserGrammarCorpusTest.AcceptsValidGrammar/Case0074_name_import_list
[       OK ] GrammarBranches/ParserGrammarCorpusTest.AcceptsValidGrammar/Case0074_name_import_list (0 ms)
[ RUN      ] GrammarBranches/ParserGrammarCorpusTest.AcceptsValidGrammar/Case0075_return_stmt
[       OK ] GrammarBranches/ParserGrammarCorpusTest.AcceptsValidGrammar/Case0075_return_stmt (0 ms)
[ RUN      ] GrammarBranches/ParserGrammarCorpusTest.AcceptsValidGrammar/Case0076_simple_stmt_list
[       OK ] GrammarBranches/ParserGrammarCorpusTest.AcceptsValidGrammar/Case0076_simple_stmt_list (0 ms)
[ RUN      ] GrammarBranches/ParserGrammarCorpusTest.AcceptsValidGrammar/Case0077_conditional
[       OK ] GrammarBranches/ParserGrammarCorpusTest.AcceptsValidGrammar/Case0077_conditional (0 ms)
[ RUN      ] GrammarBranches/ParserGrammarCorpusTest.AcceptsValidGrammar/Case0078_for_classic_header
[       OK ] GrammarBranches/ParserGrammarCorpusTest.AcceptsValidGrammar/Case0078_for_classic_header (0 ms)
[ RUN      ] GrammarBranches/ParserGrammarCorpusTest.AcceptsValidGrammar/Case0079_for_in_header
[       OK ] GrammarBranches/ParserGrammarCorpusTest.AcceptsValidGrammar/Case0079_for_in_header (0 ms)
[ RUN      ] GrammarBranches/ParserGrammarCorpusTest.AcceptsValidGrammar/Case0080_switch_stmt
[       OK ] GrammarBranches/ParserGrammarCorpusTest.AcceptsValidGrammar/Case0080_switch_stmt (0 ms)
[ RUN      ] GrammarBranches/ParserGrammarCorpusTest.AcceptsValidGrammar/Case0081_decl
[       OK ] GrammarBranches/ParserGrammarCorpusTest.AcceptsValidGrammar/Case0081_decl (0 ms)
[ RUN      ] GrammarBranches/ParserGrammarCorpusTest.AcceptsValidGrammar/Case0082_decl
[       OK ] GrammarBranches/ParserGrammarCorpusTest.AcceptsValidGrammar/Case0082_decl (0 ms)
[ RUN      ] GrammarBranches/ParserGrammarCorpusTest.AcceptsValidGrammar/Case0083_decl
[       OK ] GrammarBranches/ParserGrammarCorpusTest.AcceptsValidGrammar/Case0083_decl (0 ms)
[ RUN      ] GrammarBranches/ParserGrammarCorpusTest.AcceptsValidGrammar/Case0084_decl
[       OK ] GrammarBranches/ParserGrammarCorpusTest.AcceptsValidGrammar/Case0084_decl (0 ms)
[ RUN      ] GrammarBranches/ParserGrammarCorpusTest.AcceptsValidGrammar/Case0085_module_import_list
[       OK ] GrammarBranches/ParserGrammarCorpusTest.AcceptsValidGrammar/Case0085_module_import_list (0 ms)
[ RUN      ] GrammarBranches/ParserGrammarCorpusTest.AcceptsValidGrammar/Case0086_module_import_list
[       OK ] GrammarBranches/ParserGrammarCorpusTest.AcceptsValidGrammar/Case0086_module_import_list (0 ms)
[ RUN      ] GrammarBranches/ParserGrammarCorpusTest.AcceptsValidGrammar/Case0087_module_import_list
[       OK ] GrammarBranches/ParserGrammarCorpusTest.AcceptsValidGrammar/Case0087_module_import_list (0 ms)
[ RUN      ] GrammarBranches/ParserGrammarCorpusTest.AcceptsValidGrammar/Case0088_import_source
[       OK ] GrammarBranches/ParserGrammarCorpusTest.AcceptsValidGrammar/Case0088_import_source (0 ms)
[ RUN      ] GrammarBranches/ParserGrammarCorpusTest.AcceptsValidGrammar/Case0089_import_source
[       OK ] GrammarBranches/ParserGrammarCorpusTest.AcceptsValidGrammar/Case0089_import_source (0 ms)
[ RUN      ] GrammarBranches/ParserGrammarCorpusTest.AcceptsValidGrammar/Case0090_name_import_list
[       OK ] GrammarBranches/ParserGrammarCorpusTest.AcceptsValidGrammar/Case0090_name_import_list (0 ms)
[ RUN      ] GrammarBranches/ParserGrammarCorpusTest.AcceptsValidGrammar/Case0091_name_import_list
[       OK ] GrammarBranches/ParserGrammarCorpusTest.AcceptsValidGrammar/Case0091_name_import_list (0 ms)
[ RUN      ] GrammarBranches/ParserGrammarCorpusTest.AcceptsValidGrammar/Case0092_name_import_list
[       OK ] GrammarBranches/ParserGrammarCorpusTest.AcceptsValidGrammar/Case0092_name_import_list (0 ms)
[ RUN      ] GrammarBranches/ParserGrammarCorpusTest.AcceptsValidGrammar/Case0093_simple_stmt_list
[       OK ] GrammarBranches/ParserGrammarCorpusTest.AcceptsValidGrammar/Case0093_simple_stmt_list (0 ms)
[ RUN      ] GrammarBranches/ParserGrammarCorpusTest.AcceptsValidGrammar/Case0094_simple_stmt_list
[       OK ] GrammarBranches/ParserGrammarCorpusTest.AcceptsValidGrammar/Case0094_simple_stmt_list (0 ms)
[ RUN      ] GrammarBranches/ParserGrammarCorpusTest.AcceptsValidGrammar/Case0095_simple_stmt_list
[       OK ] GrammarBranches/ParserGrammarCorpusTest.AcceptsValidGrammar/Case0095_simple_stmt_list (0 ms)
[ RUN      ] GrammarBranches/ParserGrammarCorpusTest.AcceptsValidGrammar/Case0096_conditional
[       OK ] GrammarBranches/ParserGrammarCorpusTest.AcceptsValidGrammar/Case0096_conditional (0 ms)
[ RUN      ] GrammarBranches/ParserGrammarCorpusTest.AcceptsValidGrammar/Case0097_conditional
[       OK ] GrammarBranches/ParserGrammarCorpusTest.AcceptsValidGrammar/Case0097_conditional (0 ms)
[ RUN      ] GrammarBranches/ParserGrammarCorpusTest.AcceptsValidGrammar/Case0098_for_classic_header
[       OK ] GrammarBranches/ParserGrammarCorpusTest.AcceptsValidGrammar/Case0098_for_classic_header (0 ms)
[ RUN      ] GrammarBranches/ParserGrammarCorpusTest.AcceptsValidGrammar/Case0099_for_classic_header
[       OK ] GrammarBranches/ParserGrammarCorpusTest.AcceptsValidGrammar/Case0099_for_classic_header (0 ms)
[ RUN      ] GrammarBranches/ParserGrammarCorpusTest.AcceptsValidGrammar/Case0100_for_classic_header
[       OK ] GrammarBranches/ParserGrammarCorpusTest.AcceptsValidGrammar/Case0100_for_classic_header (0 ms)
[ RUN      ] GrammarBranches/ParserGrammarCorpusTest.AcceptsValidGrammar/Case0101_for_classic_header
[       OK ] GrammarBranches/ParserGrammarCorpusTest.AcceptsValidGrammar/Case0101_for_classic_header (0 ms)
[ RUN      ] GrammarBranches/ParserGrammarCorpusTest.AcceptsValidGrammar/Case0102_for_classic_header
[       OK ] GrammarBranches/ParserGrammarCorpusTest.AcceptsValidGrammar/Case0102_for_classic_header (0 ms)
[ RUN      ] GrammarBranches/ParserGrammarCorpusTest.AcceptsValidGrammar/Case0103_for_classic_header
[       OK ] GrammarBranches/ParserGrammarCorpusTest.AcceptsValidGrammar/Case0103_for_classic_header (0 ms)
[ RUN      ] GrammarBranches/ParserGrammarCorpusTest.AcceptsValidGrammar/Case0104_attributes
[       OK ] GrammarBranches/ParserGrammarCorpusTest.AcceptsValidGrammar/Case0104_attributes (0 ms)
[ RUN      ] GrammarBranches/ParserGrammarCorpusTest.AcceptsValidGrammar/Case0105_decl
[       OK ] GrammarBranches/ParserGrammarCorpusTest.AcceptsValidGrammar/Case0105_decl (0 ms)
[ RUN      ] GrammarBranches/ParserGrammarCorpusTest.AcceptsValidGrammar/Case0106_decl_core
[       OK ] GrammarBranches/ParserGrammarCorpusTest.AcceptsValidGrammar/Case0106_decl_core (0 ms)
[ RUN      ] GrammarBranches/ParserGrammarCorpusTest.AcceptsValidGrammar/Case0107_decl_core
[       OK ] GrammarBranches/ParserGrammarCorpusTest.AcceptsValidGrammar/Case0107_decl_core (0 ms)
[ RUN      ] GrammarBranches/ParserGrammarCorpusTest.AcceptsValidGrammar/Case0108_decl_core
[       OK ] GrammarBranches/ParserGrammarCorpusTest.AcceptsValidGrammar/Case0108_decl_core (0 ms)
[ RUN      ] GrammarBranches/ParserGrammarCorpusTest.AcceptsValidGrammar/Case0109_decl_core
[       OK ] GrammarBranches/ParserGrammarCorpusTest.AcceptsValidGrammar/Case0109_decl_core (0 ms)
[ RUN      ] GrammarBranches/ParserGrammarCorpusTest.AcceptsValidGrammar/Case0110_decl_core
[       OK ] GrammarBranches/ParserGrammarCorpusTest.AcceptsValidGrammar/Case0110_decl_core (0 ms)
[ RUN      ] GrammarBranches/ParserGrammarCorpusTest.AcceptsValidGrammar/Case0111_decl_core
[       OK ] GrammarBranches/ParserGrammarCorpusTest.AcceptsValidGrammar/Case0111_decl_core (0 ms)
[ RUN      ] GrammarBranches/ParserGrammarCorpusTest.AcceptsValidGrammar/Case0112_visibility_modifier
[       OK ] GrammarBranches/ParserGrammarCorpusTest.AcceptsValidGrammar/Case0112_visibility_modifier (0 ms)
[ RUN      ] GrammarBranches/ParserGrammarCorpusTest.AcceptsValidGrammar/Case0113_visibility_modifier
[       OK ] GrammarBranches/ParserGrammarCorpusTest.AcceptsValidGrammar/Case0113_visibility_modifier (0 ms)
[ RUN      ] GrammarBranches/ParserGrammarCorpusTest.AcceptsValidGrammar/Case0114_decl
[       OK ] GrammarBranches/ParserGrammarCorpusTest.AcceptsValidGrammar/Case0114_decl (0 ms)
[ RUN      ] GrammarBranches/ParserGrammarCorpusTest.AcceptsValidGrammar/Case0115_module_import
[       OK ] GrammarBranches/ParserGrammarCorpusTest.AcceptsValidGrammar/Case0115_module_import (0 ms)
[ RUN      ] GrammarBranches/ParserGrammarCorpusTest.AcceptsValidGrammar/Case0116_module_import_list
[       OK ] GrammarBranches/ParserGrammarCorpusTest.AcceptsValidGrammar/Case0116_module_import_list (0 ms)
[ RUN      ] GrammarBranches/ParserGrammarCorpusTest.AcceptsValidGrammar/Case0117_module_path
[       OK ] GrammarBranches/ParserGrammarCorpusTest.AcceptsValidGrammar/Case0117_module_path (0 ms)
[ RUN      ] GrammarBranches/ParserGrammarCorpusTest.AcceptsValidGrammar/Case0118_relative_prefix
[       OK ] GrammarBranches/ParserGrammarCorpusTest.AcceptsValidGrammar/Case0118_relative_prefix (0 ms)
[ RUN      ] GrammarBranches/ParserGrammarCorpusTest.AcceptsValidGrammar/Case0119_import_source
[       OK ] GrammarBranches/ParserGrammarCorpusTest.AcceptsValidGrammar/Case0119_import_source (0 ms)
[ RUN      ] GrammarBranches/ParserGrammarCorpusTest.AcceptsValidGrammar/Case0120_name_import
[       OK ] GrammarBranches/ParserGrammarCorpusTest.AcceptsValidGrammar/Case0120_name_import (0 ms)
[ RUN      ] GrammarBranches/ParserGrammarCorpusTest.AcceptsValidGrammar/Case0121_name_import_list
[       OK ] GrammarBranches/ParserGrammarCorpusTest.AcceptsValidGrammar/Case0121_name_import_list (0 ms)
[ RUN      ] GrammarBranches/ParserGrammarCorpusTest.AcceptsValidGrammar/Case0122_simple_stmt_item
[       OK ] GrammarBranches/ParserGrammarCorpusTest.AcceptsValidGrammar/Case0122_simple_stmt_item (0 ms)
[ RUN      ] GrammarBranches/ParserGrammarCorpusTest.AcceptsValidGrammar/Case0123_simple_stmt_list
[       OK ] GrammarBranches/ParserGrammarCorpusTest.AcceptsValidGrammar/Case0123_simple_stmt_list (0 ms)
[ RUN      ] GrammarBranches/ParserGrammarCorpusTest.AcceptsValidGrammar/Case0124_null_coalescing
[       OK ] GrammarBranches/ParserGrammarCorpusTest.AcceptsValidGrammar/Case0124_null_coalescing (0 ms)
[ RUN      ] GrammarBranches/ParserGrammarCorpusTest.AcceptsValidGrammar/Case0125_conditional
[       OK ] GrammarBranches/ParserGrammarCorpusTest.AcceptsValidGrammar/Case0125_conditional (0 ms)
[ RUN      ] GrammarBranches/ParserGrammarCorpusTest.AcceptsValidGrammar/Case0126_for_classic_header
[       OK ] GrammarBranches/ParserGrammarCorpusTest.AcceptsValidGrammar/Case0126_for_classic_header (0 ms)
[ RUN      ] GrammarBranches/ParserGrammarCorpusTest.AcceptsValidGrammar/Case0127_for_classic_header
[       OK ] GrammarBranches/ParserGrammarCorpusTest.AcceptsValidGrammar/Case0127_for_classic_header (0 ms)
[ RUN      ] GrammarBranches/ParserGrammarCorpusTest.AcceptsValidGrammar/Case0128_for_classic_header
[       OK ] GrammarBranches/ParserGrammarCorpusTest.AcceptsValidGrammar/Case0128_for_classic_header (0 ms)
[ RUN      ] GrammarBranches/ParserGrammarCorpusTest.AcceptsValidGrammar/Case0129_for_binding
[       OK ] GrammarBranches/ParserGrammarCorpusTest.AcceptsValidGrammar/Case0129_for_binding (0 ms)
[ RUN      ] GrammarBranches/ParserGrammarCorpusTest.AcceptsValidGrammar/Case0130_switch_clause
[       OK ] GrammarBranches/ParserGrammarCorpusTest.AcceptsValidGrammar/Case0130_switch_clause (0 ms)
[ RUN      ] GrammarBranches/ParserGrammarCorpusTest.AcceptsValidGrammar/Case0131_attributes
[       OK ] GrammarBranches/ParserGrammarCorpusTest.AcceptsValidGrammar/Case0131_attributes (0 ms)
[ RUN      ] GrammarBranches/ParserGrammarCorpusTest.AcceptsValidGrammar/Case0132_attributes
[       OK ] GrammarBranches/ParserGrammarCorpusTest.AcceptsValidGrammar/Case0132_attributes (0 ms)
[ RUN      ] GrammarBranches/ParserGrammarCorpusTest.AcceptsValidGrammar/Case0133_decl
[       OK ] GrammarBranches/ParserGrammarCorpusTest.AcceptsValidGrammar/Case0133_decl (0 ms)
[ RUN      ] GrammarBranches/ParserGrammarCorpusTest.AcceptsValidGrammar/Case0134_decl
[       OK ] GrammarBranches/ParserGrammarCorpusTest.AcceptsValidGrammar/Case0134_decl (0 ms)
[ RUN      ] GrammarBranches/ParserGrammarCorpusTest.AcceptsValidGrammar/Case0135_module_import
[       OK ] GrammarBranches/ParserGrammarCorpusTest.AcceptsValidGrammar/Case0135_module_import (0 ms)
[ RUN      ] GrammarBranches/ParserGrammarCorpusTest.AcceptsValidGrammar/Case0136_module_import
[       OK ] GrammarBranches/ParserGrammarCorpusTest.AcceptsValidGrammar/Case0136_module_import (0 ms)
[ RUN      ] GrammarBranches/ParserGrammarCorpusTest.AcceptsValidGrammar/Case0137_relative_prefix
[       OK ] GrammarBranches/ParserGrammarCorpusTest.AcceptsValidGrammar/Case0137_relative_prefix (0 ms)
[ RUN      ] GrammarBranches/ParserGrammarCorpusTest.AcceptsValidGrammar/Case0138_relative_prefix
[       OK ] GrammarBranches/ParserGrammarCorpusTest.AcceptsValidGrammar/Case0138_relative_prefix (0 ms)
[ RUN      ] GrammarBranches/ParserGrammarCorpusTest.AcceptsValidGrammar/Case0139_relative_prefix
[       OK ] GrammarBranches/ParserGrammarCorpusTest.AcceptsValidGrammar/Case0139_relative_prefix (0 ms)
[ RUN      ] GrammarBranches/ParserGrammarCorpusTest.AcceptsValidGrammar/Case0140_name_import
[       OK ] GrammarBranches/ParserGrammarCorpusTest.AcceptsValidGrammar/Case0140_name_import (0 ms)
[ RUN      ] GrammarBranches/ParserGrammarCorpusTest.AcceptsValidGrammar/Case0141_name_import
[       OK ] GrammarBranches/ParserGrammarCorpusTest.AcceptsValidGrammar/Case0141_name_import (0 ms)
[ RUN      ] GrammarBranches/ParserGrammarCorpusTest.AcceptsValidGrammar/Case0142_simple_stmt_item
[       OK ] GrammarBranches/ParserGrammarCorpusTest.AcceptsValidGrammar/Case0142_simple_stmt_item (0 ms)
[ RUN      ] GrammarBranches/ParserGrammarCorpusTest.AcceptsValidGrammar/Case0143_simple_stmt_item
[       OK ] GrammarBranches/ParserGrammarCorpusTest.AcceptsValidGrammar/Case0143_simple_stmt_item (0 ms)
[ RUN      ] GrammarBranches/ParserGrammarCorpusTest.AcceptsValidGrammar/Case0144_null_coalescing
[       OK ] GrammarBranches/ParserGrammarCorpusTest.AcceptsValidGrammar/Case0144_null_coalescing (0 ms)
[ RUN      ] GrammarBranches/ParserGrammarCorpusTest.AcceptsValidGrammar/Case0145_null_coalescing
[       OK ] GrammarBranches/ParserGrammarCorpusTest.AcceptsValidGrammar/Case0145_null_coalescing (0 ms)
[ RUN      ] GrammarBranches/ParserGrammarCorpusTest.AcceptsValidGrammar/Case0146_switch_clause
[       OK ] GrammarBranches/ParserGrammarCorpusTest.AcceptsValidGrammar/Case0146_switch_clause (0 ms)
[ RUN      ] GrammarBranches/ParserGrammarCorpusTest.AcceptsValidGrammar/Case0147_switch_clause
[       OK ] GrammarBranches/ParserGrammarCorpusTest.AcceptsValidGrammar/Case0147_switch_clause (0 ms)
[ RUN      ] GrammarBranches/ParserGrammarCorpusTest.AcceptsValidGrammar/Case0148_switch_clause
[       OK ] GrammarBranches/ParserGrammarCorpusTest.AcceptsValidGrammar/Case0148_switch_clause (0 ms)
[ RUN      ] GrammarBranches/ParserGrammarCorpusTest.AcceptsValidGrammar/Case0149_attributes
[       OK ] GrammarBranches/ParserGrammarCorpusTest.AcceptsValidGrammar/Case0149_attributes (0 ms)
[ RUN      ] GrammarBranches/ParserGrammarCorpusTest.AcceptsValidGrammar/Case0150_decl
[       OK ] GrammarBranches/ParserGrammarCorpusTest.AcceptsValidGrammar/Case0150_decl (0 ms)
[ RUN      ] GrammarBranches/ParserGrammarCorpusTest.AcceptsValidGrammar/Case0151_class_decl
[       OK ] GrammarBranches/ParserGrammarCorpusTest.AcceptsValidGrammar/Case0151_class_decl (0 ms)
[ RUN      ] GrammarBranches/ParserGrammarCorpusTest.AcceptsValidGrammar/Case0152_var_decl
[       OK ] GrammarBranches/ParserGrammarCorpusTest.AcceptsValidGrammar/Case0152_var_decl (0 ms)
[ RUN      ] GrammarBranches/ParserGrammarCorpusTest.AcceptsValidGrammar/Case0153_field_decl
[       OK ] GrammarBranches/ParserGrammarCorpusTest.AcceptsValidGrammar/Case0153_field_decl (0 ms)
[ RUN      ] GrammarBranches/ParserGrammarCorpusTest.AcceptsValidGrammar/Case0154_enum_decl
[       OK ] GrammarBranches/ParserGrammarCorpusTest.AcceptsValidGrammar/Case0154_enum_decl (0 ms)
[ RUN      ] GrammarBranches/ParserGrammarCorpusTest.AcceptsValidGrammar/Case0155_interface_decl
[       OK ] GrammarBranches/ParserGrammarCorpusTest.AcceptsValidGrammar/Case0155_interface_decl (0 ms)
[ RUN      ] GrammarBranches/ParserGrammarCorpusTest.AcceptsValidGrammar/Case0156_function_decl
[       OK ] GrammarBranches/ParserGrammarCorpusTest.AcceptsValidGrammar/Case0156_function_decl (0 ms)
[ RUN      ] GrammarBranches/ParserGrammarCorpusTest.AcceptsValidGrammar/Case0157_module_import
[       OK ] GrammarBranches/ParserGrammarCorpusTest.AcceptsValidGrammar/Case0157_module_import (0 ms)
[ RUN      ] GrammarBranches/ParserGrammarCorpusTest.AcceptsValidGrammar/Case0158_qualified_name
[       OK ] GrammarBranches/ParserGrammarCorpusTest.AcceptsValidGrammar/Case0158_qualified_name (0 ms)
[ RUN      ] GrammarBranches/ParserGrammarCorpusTest.AcceptsValidGrammar/Case0159_relative_dot
[       OK ] GrammarBranches/ParserGrammarCorpusTest.AcceptsValidGrammar/Case0159_relative_dot (0 ms)
[ RUN      ] GrammarBranches/ParserGrammarCorpusTest.AcceptsValidGrammar/Case0160_relative_dot
[       OK ] GrammarBranches/ParserGrammarCorpusTest.AcceptsValidGrammar/Case0160_relative_dot (0 ms)
[ RUN      ] GrammarBranches/ParserGrammarCorpusTest.AcceptsValidGrammar/Case0161_relative_prefix
[       OK ] GrammarBranches/ParserGrammarCorpusTest.AcceptsValidGrammar/Case0161_relative_prefix (0 ms)
[ RUN      ] GrammarBranches/ParserGrammarCorpusTest.AcceptsValidGrammar/Case0162_name_import
[       OK ] GrammarBranches/ParserGrammarCorpusTest.AcceptsValidGrammar/Case0162_name_import (0 ms)
[ RUN      ] GrammarBranches/ParserGrammarCorpusTest.AcceptsValidGrammar/Case0163_simple_stmt_item
[       OK ] GrammarBranches/ParserGrammarCorpusTest.AcceptsValidGrammar/Case0163_simple_stmt_item (0 ms)
[ RUN      ] GrammarBranches/ParserGrammarCorpusTest.AcceptsValidGrammar/Case0164_logical_or
[       OK ] GrammarBranches/ParserGrammarCorpusTest.AcceptsValidGrammar/Case0164_logical_or (0 ms)
[ RUN      ] GrammarBranches/ParserGrammarCorpusTest.AcceptsValidGrammar/Case0165_null_coalescing
[       OK ] GrammarBranches/ParserGrammarCorpusTest.AcceptsValidGrammar/Case0165_null_coalescing (0 ms)
[ RUN      ] GrammarBranches/ParserGrammarCorpusTest.AcceptsValidGrammar/Case0166_for_init
[       OK ] GrammarBranches/ParserGrammarCorpusTest.AcceptsValidGrammar/Case0166_for_init (0 ms)
[ RUN      ] GrammarBranches/ParserGrammarCorpusTest.AcceptsValidGrammar/Case0167_for_init
[       OK ] GrammarBranches/ParserGrammarCorpusTest.AcceptsValidGrammar/Case0167_for_init (0 ms)
[ RUN      ] GrammarBranches/ParserGrammarCorpusTest.AcceptsValidGrammar/Case0168_for_step
[       OK ] GrammarBranches/ParserGrammarCorpusTest.AcceptsValidGrammar/Case0168_for_step (0 ms)
[ RUN      ] GrammarBranches/ParserGrammarCorpusTest.AcceptsValidGrammar/Case0169_binding_pattern
[       OK ] GrammarBranches/ParserGrammarCorpusTest.AcceptsValidGrammar/Case0169_binding_pattern (0 ms)
[ RUN      ] GrammarBranches/ParserGrammarCorpusTest.AcceptsValidGrammar/Case0170_binding_pattern
[       OK ] GrammarBranches/ParserGrammarCorpusTest.AcceptsValidGrammar/Case0170_binding_pattern (0 ms)
[ RUN      ] GrammarBranches/ParserGrammarCorpusTest.AcceptsValidGrammar/Case0171_binding_pattern
[       OK ] GrammarBranches/ParserGrammarCorpusTest.AcceptsValidGrammar/Case0171_binding_pattern (0 ms)
[ RUN      ] GrammarBranches/ParserGrammarCorpusTest.AcceptsValidGrammar/Case0172_binding_pattern
[       OK ] GrammarBranches/ParserGrammarCorpusTest.AcceptsValidGrammar/Case0172_binding_pattern (0 ms)
[ RUN      ] GrammarBranches/ParserGrammarCorpusTest.AcceptsValidGrammar/Case0173_switch_label
[       OK ] GrammarBranches/ParserGrammarCorpusTest.AcceptsValidGrammar/Case0173_switch_label (0 ms)
[ RUN      ] GrammarBranches/ParserGrammarCorpusTest.AcceptsValidGrammar/Case0174_switch_label
[       OK ] GrammarBranches/ParserGrammarCorpusTest.AcceptsValidGrammar/Case0174_switch_label (0 ms)
[ RUN      ] GrammarBranches/ParserGrammarCorpusTest.AcceptsValidGrammar/Case0175_switch_clause
[       OK ] GrammarBranches/ParserGrammarCorpusTest.AcceptsValidGrammar/Case0175_switch_clause (0 ms)
[ RUN      ] GrammarBranches/ParserGrammarCorpusTest.AcceptsValidGrammar/Case0176_attributes
[       OK ] GrammarBranches/ParserGrammarCorpusTest.AcceptsValidGrammar/Case0176_attributes (0 ms)
[ RUN      ] GrammarBranches/ParserGrammarCorpusTest.AcceptsValidGrammar/Case0177_attributes
[       OK ] GrammarBranches/ParserGrammarCorpusTest.AcceptsValidGrammar/Case0177_attributes (0 ms)
[ RUN      ] GrammarBranches/ParserGrammarCorpusTest.AcceptsValidGrammar/Case0178_attributes
[       OK ] GrammarBranches/ParserGrammarCorpusTest.AcceptsValidGrammar/Case0178_attributes (0 ms)
[ RUN      ] GrammarBranches/ParserGrammarCorpusTest.AcceptsValidGrammar/Case0179_class_decl
[       OK ] GrammarBranches/ParserGrammarCorpusTest.AcceptsValidGrammar/Case0179_class_decl (0 ms)
[ RUN      ] GrammarBranches/ParserGrammarCorpusTest.AcceptsValidGrammar/Case0180_class_decl
[       OK ] GrammarBranches/ParserGrammarCorpusTest.AcceptsValidGrammar/Case0180_class_decl (0 ms)
[ RUN      ] GrammarBranches/ParserGrammarCorpusTest.AcceptsValidGrammar/Case0181_field_decl
[       OK ] GrammarBranches/ParserGrammarCorpusTest.AcceptsValidGrammar/Case0181_field_decl (0 ms)
[ RUN      ] GrammarBranches/ParserGrammarCorpusTest.AcceptsValidGrammar/Case0182_field_decl
[       OK ] GrammarBranches/ParserGrammarCorpusTest.AcceptsValidGrammar/Case0182_field_decl (0 ms)
[ RUN      ] GrammarBranches/ParserGrammarCorpusTest.AcceptsValidGrammar/Case0183_enum_decl
[       OK ] GrammarBranches/ParserGrammarCorpusTest.AcceptsValidGrammar/Case0183_enum_decl (0 ms)
[ RUN      ] GrammarBranches/ParserGrammarCorpusTest.AcceptsValidGrammar/Case0184_enum_decl
[       OK ] GrammarBranches/ParserGrammarCorpusTest.AcceptsValidGrammar/Case0184_enum_decl (0 ms)
[ RUN      ] GrammarBranches/ParserGrammarCorpusTest.AcceptsValidGrammar/Case0185_enum_decl
[       OK ] GrammarBranches/ParserGrammarCorpusTest.AcceptsValidGrammar/Case0185_enum_decl (0 ms)
[ RUN      ] GrammarBranches/ParserGrammarCorpusTest.AcceptsValidGrammar/Case0186_enum_decl
[       OK ] GrammarBranches/ParserGrammarCorpusTest.AcceptsValidGrammar/Case0186_enum_decl (0 ms)
[ RUN      ] GrammarBranches/ParserGrammarCorpusTest.AcceptsValidGrammar/Case0187_interface_decl
[       OK ] GrammarBranches/ParserGrammarCorpusTest.AcceptsValidGrammar/Case0187_interface_decl (0 ms)
[ RUN      ] GrammarBranches/ParserGrammarCorpusTest.AcceptsValidGrammar/Case0188_interface_decl
[       OK ] GrammarBranches/ParserGrammarCorpusTest.AcceptsValidGrammar/Case0188_interface_decl (0 ms)
[ RUN      ] GrammarBranches/ParserGrammarCorpusTest.AcceptsValidGrammar/Case0189_interface_decl
[       OK ] GrammarBranches/ParserGrammarCorpusTest.AcceptsValidGrammar/Case0189_interface_decl (0 ms)
[ RUN      ] GrammarBranches/ParserGrammarCorpusTest.AcceptsValidGrammar/Case0190_interface_decl
[       OK ] GrammarBranches/ParserGrammarCorpusTest.AcceptsValidGrammar/Case0190_interface_decl (0 ms)
[ RUN      ] GrammarBranches/ParserGrammarCorpusTest.AcceptsValidGrammar/Case0191_function_decl
[       OK ] GrammarBranches/ParserGrammarCorpusTest.AcceptsValidGrammar/Case0191_function_decl (0 ms)
[ RUN      ] GrammarBranches/ParserGrammarCorpusTest.AcceptsValidGrammar/Case0192_function_decl
[       OK ] GrammarBranches/ParserGrammarCorpusTest.AcceptsValidGrammar/Case0192_function_decl (0 ms)
[ RUN      ] GrammarBranches/ParserGrammarCorpusTest.AcceptsValidGrammar/Case0193_qualified_name
[       OK ] GrammarBranches/ParserGrammarCorpusTest.AcceptsValidGrammar/Case0193_qualified_name (0 ms)
[ RUN      ] GrammarBranches/ParserGrammarCorpusTest.AcceptsValidGrammar/Case0194_qualified_name
[       OK ] GrammarBranches/ParserGrammarCorpusTest.AcceptsValidGrammar/Case0194_qualified_name (0 ms)
[ RUN      ] GrammarBranches/ParserGrammarCorpusTest.AcceptsValidGrammar/Case0195_qualified_name
[       OK ] GrammarBranches/ParserGrammarCorpusTest.AcceptsValidGrammar/Case0195_qualified_name (0 ms)
[ RUN      ] GrammarBranches/ParserGrammarCorpusTest.AcceptsValidGrammar/Case0196_logical_or
[       OK ] GrammarBranches/ParserGrammarCorpusTest.AcceptsValidGrammar/Case0196_logical_or (0 ms)
[ RUN      ] GrammarBranches/ParserGrammarCorpusTest.AcceptsValidGrammar/Case0197_logical_or
[       OK ] GrammarBranches/ParserGrammarCorpusTest.AcceptsValidGrammar/Case0197_logical_or (0 ms)
[ RUN      ] GrammarBranches/ParserGrammarCorpusTest.AcceptsValidGrammar/Case0198_logical_or
[       OK ] GrammarBranches/ParserGrammarCorpusTest.AcceptsValidGrammar/Case0198_logical_or (0 ms)
[ RUN      ] GrammarBranches/ParserGrammarCorpusTest.AcceptsValidGrammar/Case0199_attribute
[       OK ] GrammarBranches/ParserGrammarCorpusTest.AcceptsValidGrammar/Case0199_attribute (0 ms)
[ RUN      ] GrammarBranches/ParserGrammarCorpusTest.AcceptsValidGrammar/Case0200_attributes
[       OK ] GrammarBranches/ParserGrammarCorpusTest.AcceptsValidGrammar/Case0200_attributes (0 ms)
[ RUN      ] GrammarBranches/ParserGrammarCorpusTest.AcceptsValidGrammar/Case0201_class_decl
[       OK ] GrammarBranches/ParserGrammarCorpusTest.AcceptsValidGrammar/Case0201_class_decl (0 ms)
[ RUN      ] GrammarBranches/ParserGrammarCorpusTest.AcceptsValidGrammar/Case0202_class_decl_tail
[       OK ] GrammarBranches/ParserGrammarCorpusTest.AcceptsValidGrammar/Case0202_class_decl_tail (0 ms)
[ RUN      ] GrammarBranches/ParserGrammarCorpusTest.AcceptsValidGrammar/Case0203_class_decl_tail
[       OK ] GrammarBranches/ParserGrammarCorpusTest.AcceptsValidGrammar/Case0203_class_decl_tail (0 ms)
[ RUN      ] GrammarBranches/ParserGrammarCorpusTest.AcceptsValidGrammar/Case0204_declaration
[       OK ] GrammarBranches/ParserGrammarCorpusTest.AcceptsValidGrammar/Case0204_declaration (0 ms)
[ RUN      ] GrammarBranches/ParserGrammarCorpusTest.AcceptsValidGrammar/Case0205_declaration
[       OK ] GrammarBranches/ParserGrammarCorpusTest.AcceptsValidGrammar/Case0205_declaration (0 ms)
[ RUN      ] GrammarBranches/ParserGrammarCorpusTest.AcceptsValidGrammar/Case0206_field_decl
[       OK ] GrammarBranches/ParserGrammarCorpusTest.AcceptsValidGrammar/Case0206_field_decl (0 ms)
[ RUN      ] GrammarBranches/ParserGrammarCorpusTest.AcceptsValidGrammar/Case0207_enum_decl
[       OK ] GrammarBranches/ParserGrammarCorpusTest.AcceptsValidGrammar/Case0207_enum_decl (0 ms)
[ RUN      ] GrammarBranches/ParserGrammarCorpusTest.AcceptsValidGrammar/Case0208_enum_decl
[       OK ] GrammarBranches/ParserGrammarCorpusTest.AcceptsValidGrammar/Case0208_enum_decl (0 ms)
[ RUN      ] GrammarBranches/ParserGrammarCorpusTest.AcceptsValidGrammar/Case0209_class_body
[       OK ] GrammarBranches/ParserGrammarCorpusTest.AcceptsValidGrammar/Case0209_class_body (0 ms)
[ RUN      ] GrammarBranches/ParserGrammarCorpusTest.AcceptsValidGrammar/Case0210_interface_decl
[       OK ] GrammarBranches/ParserGrammarCorpusTest.AcceptsValidGrammar/Case0210_interface_decl (0 ms)
[ RUN      ] GrammarBranches/ParserGrammarCorpusTest.AcceptsValidGrammar/Case0211_interface_decl
[       OK ] GrammarBranches/ParserGrammarCorpusTest.AcceptsValidGrammar/Case0211_interface_decl (0 ms)
[ RUN      ] GrammarBranches/ParserGrammarCorpusTest.AcceptsValidGrammar/Case0212_function_decl
[       OK ] GrammarBranches/ParserGrammarCorpusTest.AcceptsValidGrammar/Case0212_function_decl (0 ms)
[ RUN      ] GrammarBranches/ParserGrammarCorpusTest.AcceptsValidGrammar/Case0213_callable_signature
[       OK ] GrammarBranches/ParserGrammarCorpusTest.AcceptsValidGrammar/Case0213_callable_signature (0 ms)
[ RUN      ] GrammarBranches/ParserGrammarCorpusTest.AcceptsValidGrammar/Case0214_callable_body
[       OK ] GrammarBranches/ParserGrammarCorpusTest.AcceptsValidGrammar/Case0214_callable_body (0 ms)
[ RUN      ] GrammarBranches/ParserGrammarCorpusTest.AcceptsValidGrammar/Case0215_callable_body
[       OK ] GrammarBranches/ParserGrammarCorpusTest.AcceptsValidGrammar/Case0215_callable_body (0 ms)
[ RUN      ] GrammarBranches/ParserGrammarCorpusTest.AcceptsValidGrammar/Case0216_import_alias
[       OK ] GrammarBranches/ParserGrammarCorpusTest.AcceptsValidGrammar/Case0216_import_alias (0 ms)
[ RUN      ] GrammarBranches/ParserGrammarCorpusTest.AcceptsValidGrammar/Case0217_qualified_name
[       OK ] GrammarBranches/ParserGrammarCorpusTest.AcceptsValidGrammar/Case0217_qualified_name (0 ms)
[ RUN      ] GrammarBranches/ParserGrammarCorpusTest.AcceptsValidGrammar/Case0218_assignment_op
[       OK ] GrammarBranches/ParserGrammarCorpusTest.AcceptsValidGrammar/Case0218_assignment_op (0 ms)
[ RUN      ] GrammarBranches/ParserGrammarCorpusTest.AcceptsValidGrammar/Case0219_assignment_op
[       OK ] GrammarBranches/ParserGrammarCorpusTest.AcceptsValidGrammar/Case0219_assignment_op (0 ms)
[ RUN      ] GrammarBranches/ParserGrammarCorpusTest.AcceptsValidGrammar/Case0220_assignment_op
[       OK ] GrammarBranches/ParserGrammarCorpusTest.AcceptsValidGrammar/Case0220_assignment_op (0 ms)
[ RUN      ] GrammarBranches/ParserGrammarCorpusTest.AcceptsValidGrammar/Case0221_assignment_op
[       OK ] GrammarBranches/ParserGrammarCorpusTest.AcceptsValidGrammar/Case0221_assignment_op (0 ms)
[ RUN      ] GrammarBranches/ParserGrammarCorpusTest.AcceptsValidGrammar/Case0222_assignment_op
[       OK ] GrammarBranches/ParserGrammarCorpusTest.AcceptsValidGrammar/Case0222_assignment_op (0 ms)
[ RUN      ] GrammarBranches/ParserGrammarCorpusTest.AcceptsValidGrammar/Case0223_assignment_op
[       OK ] GrammarBranches/ParserGrammarCorpusTest.AcceptsValidGrammar/Case0223_assignment_op (0 ms)
[ RUN      ] GrammarBranches/ParserGrammarCorpusTest.AcceptsValidGrammar/Case0224_assignment_op
[       OK ] GrammarBranches/ParserGrammarCorpusTest.AcceptsValidGrammar/Case0224_assignment_op (0 ms)
[ RUN      ] GrammarBranches/ParserGrammarCorpusTest.AcceptsValidGrammar/Case0225_assignment_op
[       OK ] GrammarBranches/ParserGrammarCorpusTest.AcceptsValidGrammar/Case0225_assignment_op (0 ms)
[ RUN      ] GrammarBranches/ParserGrammarCorpusTest.AcceptsValidGrammar/Case0226_assignment_op
[       OK ] GrammarBranches/ParserGrammarCorpusTest.AcceptsValidGrammar/Case0226_assignment_op (0 ms)
[ RUN      ] GrammarBranches/ParserGrammarCorpusTest.AcceptsValidGrammar/Case0227_assignment_op
[       OK ] GrammarBranches/ParserGrammarCorpusTest.AcceptsValidGrammar/Case0227_assignment_op (0 ms)
[ RUN      ] GrammarBranches/ParserGrammarCorpusTest.AcceptsValidGrammar/Case0228_assignment_op
[       OK ] GrammarBranches/ParserGrammarCorpusTest.AcceptsValidGrammar/Case0228_assignment_op (0 ms)
[ RUN      ] GrammarBranches/ParserGrammarCorpusTest.AcceptsValidGrammar/Case0229_logical_and
[       OK ] GrammarBranches/ParserGrammarCorpusTest.AcceptsValidGrammar/Case0229_logical_and (0 ms)
[ RUN      ] GrammarBranches/ParserGrammarCorpusTest.AcceptsValidGrammar/Case0230_logical_or
[       OK ] GrammarBranches/ParserGrammarCorpusTest.AcceptsValidGrammar/Case0230_logical_or (0 ms)
[ RUN      ] GrammarBranches/ParserGrammarCorpusTest.AcceptsValidGrammar/Case0231_tuple_binding_pattern
[       OK ] GrammarBranches/ParserGrammarCorpusTest.AcceptsValidGrammar/Case0231_tuple_binding_pattern (0 ms)
[ RUN      ] GrammarBranches/ParserGrammarCorpusTest.AcceptsValidGrammar/Case0232_array_binding_pattern
[       OK ] GrammarBranches/ParserGrammarCorpusTest.AcceptsValidGrammar/Case0232_array_binding_pattern (0 ms)
[ RUN      ] GrammarBranches/ParserGrammarCorpusTest.AcceptsValidGrammar/Case0233_attribute
[       OK ] GrammarBranches/ParserGrammarCorpusTest.AcceptsValidGrammar/Case0233_attribute (0 ms)
[ RUN      ] GrammarBranches/ParserGrammarCorpusTest.AcceptsValidGrammar/Case0234_attribute
[       OK ] GrammarBranches/ParserGrammarCorpusTest.AcceptsValidGrammar/Case0234_attribute (0 ms)
[ RUN      ] GrammarBranches/ParserGrammarCorpusTest.AcceptsValidGrammar/Case0235_class_decl_tail
[       OK ] GrammarBranches/ParserGrammarCorpusTest.AcceptsValidGrammar/Case0235_class_decl_tail (0 ms)
[ RUN      ] GrammarBranches/ParserGrammarCorpusTest.AcceptsValidGrammar/Case0236_class_decl_tail
[       OK ] GrammarBranches/ParserGrammarCorpusTest.AcceptsValidGrammar/Case0236_class_decl_tail (0 ms)
[ RUN      ] GrammarBranches/ParserGrammarCorpusTest.AcceptsValidGrammar/Case0237_declaration
[       OK ] GrammarBranches/ParserGrammarCorpusTest.AcceptsValidGrammar/Case0237_declaration (0 ms)
[ RUN      ] GrammarBranches/ParserGrammarCorpusTest.AcceptsValidGrammar/Case0238_declaration
[       OK ] GrammarBranches/ParserGrammarCorpusTest.AcceptsValidGrammar/Case0238_declaration (0 ms)
[ RUN      ] GrammarBranches/ParserGrammarCorpusTest.AcceptsValidGrammar/Case0239_declaration
[       OK ] GrammarBranches/ParserGrammarCorpusTest.AcceptsValidGrammar/Case0239_declaration (0 ms)
[ RUN      ] GrammarBranches/ParserGrammarCorpusTest.AcceptsValidGrammar/Case0240_declaration
[       OK ] GrammarBranches/ParserGrammarCorpusTest.AcceptsValidGrammar/Case0240_declaration (0 ms)
[ RUN      ] GrammarBranches/ParserGrammarCorpusTest.AcceptsValidGrammar/Case0241_declaration
[       OK ] GrammarBranches/ParserGrammarCorpusTest.AcceptsValidGrammar/Case0241_declaration (0 ms)
[ RUN      ] GrammarBranches/ParserGrammarCorpusTest.AcceptsValidGrammar/Case0242_declaration
[       OK ] GrammarBranches/ParserGrammarCorpusTest.AcceptsValidGrammar/Case0242_declaration (0 ms)
[ RUN      ] GrammarBranches/ParserGrammarCorpusTest.AcceptsValidGrammar/Case0243_class_body
[       OK ] GrammarBranches/ParserGrammarCorpusTest.AcceptsValidGrammar/Case0243_class_body (0 ms)
[ RUN      ] GrammarBranches/ParserGrammarCorpusTest.AcceptsValidGrammar/Case0244_class_body
[       OK ] GrammarBranches/ParserGrammarCorpusTest.AcceptsValidGrammar/Case0244_class_body (0 ms)
[ RUN      ] GrammarBranches/ParserGrammarCorpusTest.AcceptsValidGrammar/Case0245_class_body
[       OK ] GrammarBranches/ParserGrammarCorpusTest.AcceptsValidGrammar/Case0245_class_body (0 ms)
[ RUN      ] GrammarBranches/ParserGrammarCorpusTest.AcceptsValidGrammar/Case0246_logical_and
[       OK ] GrammarBranches/ParserGrammarCorpusTest.AcceptsValidGrammar/Case0246_logical_and (0 ms)
[ RUN      ] GrammarBranches/ParserGrammarCorpusTest.AcceptsValidGrammar/Case0247_logical_and
[       OK ] GrammarBranches/ParserGrammarCorpusTest.AcceptsValidGrammar/Case0247_logical_and (0 ms)
[ RUN      ] GrammarBranches/ParserGrammarCorpusTest.AcceptsValidGrammar/Case0248_logical_and
[       OK ] GrammarBranches/ParserGrammarCorpusTest.AcceptsValidGrammar/Case0248_logical_and (0 ms)
[ RUN      ] GrammarBranches/ParserGrammarCorpusTest.AcceptsValidGrammar/Case0249_tuple_binding_pattern
[       OK ] GrammarBranches/ParserGrammarCorpusTest.AcceptsValidGrammar/Case0249_tuple_binding_pattern (0 ms)
[ RUN      ] GrammarBranches/ParserGrammarCorpusTest.AcceptsValidGrammar/Case0250_tuple_binding_pattern
[       OK ] GrammarBranches/ParserGrammarCorpusTest.AcceptsValidGrammar/Case0250_tuple_binding_pattern (0 ms)
[ RUN      ] GrammarBranches/ParserGrammarCorpusTest.AcceptsValidGrammar/Case0251_array_binding_pattern
[       OK ] GrammarBranches/ParserGrammarCorpusTest.AcceptsValidGrammar/Case0251_array_binding_pattern (0 ms)
[ RUN      ] GrammarBranches/ParserGrammarCorpusTest.AcceptsValidGrammar/Case0252_array_binding_pattern
[       OK ] GrammarBranches/ParserGrammarCorpusTest.AcceptsValidGrammar/Case0252_array_binding_pattern (0 ms)
[ RUN      ] GrammarBranches/ParserGrammarCorpusTest.AcceptsValidGrammar/Case0253_attribute
[       OK ] GrammarBranches/ParserGrammarCorpusTest.AcceptsValidGrammar/Case0253_attribute (0 ms)
[ RUN      ] GrammarBranches/ParserGrammarCorpusTest.AcceptsValidGrammar/Case0254_generic_params
[       OK ] GrammarBranches/ParserGrammarCorpusTest.AcceptsValidGrammar/Case0254_generic_params (0 ms)
[ RUN      ] GrammarBranches/ParserGrammarCorpusTest.AcceptsValidGrammar/Case0255_class_decl_tail
[       OK ] GrammarBranches/ParserGrammarCorpusTest.AcceptsValidGrammar/Case0255_class_decl_tail (0 ms)
[ RUN      ] GrammarBranches/ParserGrammarCorpusTest.AcceptsValidGrammar/Case0256_declaration
[       OK ] GrammarBranches/ParserGrammarCorpusTest.AcceptsValidGrammar/Case0256_declaration (0 ms)
[ RUN      ] GrammarBranches/ParserGrammarCorpusTest.AcceptsValidGrammar/Case0257_declaration
[       OK ] GrammarBranches/ParserGrammarCorpusTest.AcceptsValidGrammar/Case0257_declaration (0 ms)
[ RUN      ] GrammarBranches/ParserGrammarCorpusTest.AcceptsValidGrammar/Case0258_field_decl_tail
[       OK ] GrammarBranches/ParserGrammarCorpusTest.AcceptsValidGrammar/Case0258_field_decl_tail (0 ms)
[ RUN      ] GrammarBranches/ParserGrammarCorpusTest.AcceptsValidGrammar/Case0259_field_decl_tail
[       OK ] GrammarBranches/ParserGrammarCorpusTest.AcceptsValidGrammar/Case0259_field_decl_tail (0 ms)
[ RUN      ] GrammarBranches/ParserGrammarCorpusTest.AcceptsValidGrammar/Case0260_field_decl_tail
[       OK ] GrammarBranches/ParserGrammarCorpusTest.AcceptsValidGrammar/Case0260_field_decl_tail (0 ms)
[ RUN      ] GrammarBranches/ParserGrammarCorpusTest.AcceptsValidGrammar/Case0261_base_clause
[       OK ] GrammarBranches/ParserGrammarCorpusTest.AcceptsValidGrammar/Case0261_base_clause (0 ms)
[ RUN      ] GrammarBranches/ParserGrammarCorpusTest.AcceptsValidGrammar/Case0262_class_body
[       OK ] GrammarBranches/ParserGrammarCorpusTest.AcceptsValidGrammar/Case0262_class_body (0 ms)
[ RUN      ] GrammarBranches/ParserGrammarCorpusTest.AcceptsValidGrammar/Case0263_linkage_specifier
[       OK ] GrammarBranches/ParserGrammarCorpusTest.AcceptsValidGrammar/Case0263_linkage_specifier (0 ms)
[ RUN      ] GrammarBranches/ParserGrammarCorpusTest.AcceptsValidGrammar/Case0264_generic_params_opt
[       OK ] GrammarBranches/ParserGrammarCorpusTest.AcceptsValidGrammar/Case0264_generic_params_opt (0 ms)
[ RUN      ] GrammarBranches/ParserGrammarCorpusTest.AcceptsValidGrammar/Case0265_params_opt
[       OK ] GrammarBranches/ParserGrammarCorpusTest.AcceptsValidGrammar/Case0265_params_opt (0 ms)
[ RUN      ] GrammarBranches/ParserGrammarCorpusTest.AcceptsValidGrammar/Case0266_type_expr
[       OK ] GrammarBranches/ParserGrammarCorpusTest.AcceptsValidGrammar/Case0266_type_expr (0 ms)
[ RUN      ] GrammarBranches/ParserGrammarCorpusTest.AcceptsValidGrammar/Case0267_type_expr
[       OK ] GrammarBranches/ParserGrammarCorpusTest.AcceptsValidGrammar/Case0267_type_expr (0 ms)
[ RUN      ] GrammarBranches/ParserGrammarCorpusTest.AcceptsValidGrammar/Case0268_type_expr
[       OK ] GrammarBranches/ParserGrammarCorpusTest.AcceptsValidGrammar/Case0268_type_expr (0 ms)
[ RUN      ] GrammarBranches/ParserGrammarCorpusTest.AcceptsValidGrammar/Case0269_type_expr
[       OK ] GrammarBranches/ParserGrammarCorpusTest.AcceptsValidGrammar/Case0269_type_expr (0 ms)
[ RUN      ] GrammarBranches/ParserGrammarCorpusTest.AcceptsValidGrammar/Case0270_bit_or
[       OK ] GrammarBranches/ParserGrammarCorpusTest.AcceptsValidGrammar/Case0270_bit_or (0 ms)
[ RUN      ] GrammarBranches/ParserGrammarCorpusTest.AcceptsValidGrammar/Case0271_logical_and
[       OK ] GrammarBranches/ParserGrammarCorpusTest.AcceptsValidGrammar/Case0271_logical_and (0 ms)
[ RUN      ] GrammarBranches/ParserGrammarCorpusTest.AcceptsValidGrammar/Case0272_tuple_binding_pattern
[       OK ] GrammarBranches/ParserGrammarCorpusTest.AcceptsValidGrammar/Case0272_tuple_binding_pattern (0 ms)
[ RUN      ] GrammarBranches/ParserGrammarCorpusTest.AcceptsValidGrammar/Case0273_array_binding_pattern
[       OK ] GrammarBranches/ParserGrammarCorpusTest.AcceptsValidGrammar/Case0273_array_binding_pattern (0 ms)
[ RUN      ] GrammarBranches/ParserGrammarCorpusTest.AcceptsValidGrammar/Case0274_field_decl_tail
[       OK ] GrammarBranches/ParserGrammarCorpusTest.AcceptsValidGrammar/Case0274_field_decl_tail (0 ms)
[ RUN      ] GrammarBranches/ParserGrammarCorpusTest.AcceptsValidGrammar/Case0275_field_decl_tail
[       OK ] GrammarBranches/ParserGrammarCorpusTest.AcceptsValidGrammar/Case0275_field_decl_tail (0 ms)
[ RUN      ] GrammarBranches/ParserGrammarCorpusTest.AcceptsValidGrammar/Case0276_field_decl_tail
[       OK ] GrammarBranches/ParserGrammarCorpusTest.AcceptsValidGrammar/Case0276_field_decl_tail (0 ms)
[ RUN      ] GrammarBranches/ParserGrammarCorpusTest.AcceptsValidGrammar/Case0277_field_decl_tail
[       OK ] GrammarBranches/ParserGrammarCorpusTest.AcceptsValidGrammar/Case0277_field_decl_tail (0 ms)
[ RUN      ] GrammarBranches/ParserGrammarCorpusTest.AcceptsValidGrammar/Case0278_base_clause
[       OK ] GrammarBranches/ParserGrammarCorpusTest.AcceptsValidGrammar/Case0278_base_clause (0 ms)
[ RUN      ] GrammarBranches/ParserGrammarCorpusTest.AcceptsValidGrammar/Case0279_base_clause
[       OK ] GrammarBranches/ParserGrammarCorpusTest.AcceptsValidGrammar/Case0279_base_clause (0 ms)
[ RUN      ] GrammarBranches/ParserGrammarCorpusTest.AcceptsValidGrammar/Case0280_base_clause
[       OK ] GrammarBranches/ParserGrammarCorpusTest.AcceptsValidGrammar/Case0280_base_clause (0 ms)
[ RUN      ] GrammarBranches/ParserGrammarCorpusTest.AcceptsValidGrammar/Case0281_linkage_specifier
[       OK ] GrammarBranches/ParserGrammarCorpusTest.AcceptsValidGrammar/Case0281_linkage_specifier (0 ms)
[ RUN      ] GrammarBranches/ParserGrammarCorpusTest.AcceptsValidGrammar/Case0282_linkage_specifier
[       OK ] GrammarBranches/ParserGrammarCorpusTest.AcceptsValidGrammar/Case0282_linkage_specifier (0 ms)
[ RUN      ] GrammarBranches/ParserGrammarCorpusTest.AcceptsValidGrammar/Case0283_generic_params_opt
[       OK ] GrammarBranches/ParserGrammarCorpusTest.AcceptsValidGrammar/Case0283_generic_params_opt (0 ms)
[ RUN      ] GrammarBranches/ParserGrammarCorpusTest.AcceptsValidGrammar/Case0284_generic_params_opt
[       OK ] GrammarBranches/ParserGrammarCorpusTest.AcceptsValidGrammar/Case0284_generic_params_opt (0 ms)
[ RUN      ] GrammarBranches/ParserGrammarCorpusTest.AcceptsValidGrammar/Case0285_params_opt
[       OK ] GrammarBranches/ParserGrammarCorpusTest.AcceptsValidGrammar/Case0285_params_opt (0 ms)
[ RUN      ] GrammarBranches/ParserGrammarCorpusTest.AcceptsValidGrammar/Case0286_params_opt
[       OK ] GrammarBranches/ParserGrammarCorpusTest.AcceptsValidGrammar/Case0286_params_opt (0 ms)
[ RUN      ] GrammarBranches/ParserGrammarCorpusTest.AcceptsValidGrammar/Case0287_type_expr
[       OK ] GrammarBranches/ParserGrammarCorpusTest.AcceptsValidGrammar/Case0287_type_expr (0 ms)
[ RUN      ] GrammarBranches/ParserGrammarCorpusTest.AcceptsValidGrammar/Case0288_type_expr
[       OK ] GrammarBranches/ParserGrammarCorpusTest.AcceptsValidGrammar/Case0288_type_expr (0 ms)
[ RUN      ] GrammarBranches/ParserGrammarCorpusTest.AcceptsValidGrammar/Case0289_type_expr
[       OK ] GrammarBranches/ParserGrammarCorpusTest.AcceptsValidGrammar/Case0289_type_expr (0 ms)
[ RUN      ] GrammarBranches/ParserGrammarCorpusTest.AcceptsValidGrammar/Case0290_bit_or
[       OK ] GrammarBranches/ParserGrammarCorpusTest.AcceptsValidGrammar/Case0290_bit_or (0 ms)
[ RUN      ] GrammarBranches/ParserGrammarCorpusTest.AcceptsValidGrammar/Case0291_bit_or
[       OK ] GrammarBranches/ParserGrammarCorpusTest.AcceptsValidGrammar/Case0291_bit_or (0 ms)
[ RUN      ] GrammarBranches/ParserGrammarCorpusTest.AcceptsValidGrammar/Case0292_bit_or
[       OK ] GrammarBranches/ParserGrammarCorpusTest.AcceptsValidGrammar/Case0292_bit_or (0 ms)
[ RUN      ] GrammarBranches/ParserGrammarCorpusTest.AcceptsValidGrammar/Case0293_attribute_suffix
[       OK ] GrammarBranches/ParserGrammarCorpusTest.AcceptsValidGrammar/Case0293_attribute_suffix (0 ms)
[ RUN      ] GrammarBranches/ParserGrammarCorpusTest.AcceptsValidGrammar/Case0294_attribute_suffix
[       OK ] GrammarBranches/ParserGrammarCorpusTest.AcceptsValidGrammar/Case0294_attribute_suffix (0 ms)
[ RUN      ] GrammarBranches/ParserGrammarCorpusTest.AcceptsValidGrammar/Case0295_param_list
[       OK ] GrammarBranches/ParserGrammarCorpusTest.AcceptsValidGrammar/Case0295_param_list (0 ms)
[ RUN      ] GrammarBranches/ParserGrammarCorpusTest.AcceptsValidGrammar/Case0296_field_decl_tail
[       OK ] GrammarBranches/ParserGrammarCorpusTest.AcceptsValidGrammar/Case0296_field_decl_tail (0 ms)
[ RUN      ] GrammarBranches/ParserGrammarCorpusTest.AcceptsValidGrammar/Case0297_field_payload_list
[       OK ] GrammarBranches/ParserGrammarCorpusTest.AcceptsValidGrammar/Case0297_field_payload_list (0 ms)
[ RUN      ] GrammarBranches/ParserGrammarCorpusTest.AcceptsValidGrammar/Case0298_field_decl_tail
[       OK ] GrammarBranches/ParserGrammarCorpusTest.AcceptsValidGrammar/Case0298_field_decl_tail (0 ms)
[ RUN      ] GrammarBranches/ParserGrammarCorpusTest.AcceptsValidGrammar/Case0299_base_spec
[       OK ] GrammarBranches/ParserGrammarCorpusTest.AcceptsValidGrammar/Case0299_base_spec (0 ms)
[ RUN      ] GrammarBranches/ParserGrammarCorpusTest.AcceptsValidGrammar/Case0300_base_spec
[       OK ] GrammarBranches/ParserGrammarCorpusTest.AcceptsValidGrammar/Case0300_base_spec (0 ms)
[ RUN      ] GrammarBranches/ParserGrammarCorpusTest.AcceptsValidGrammar/Case0301_base_clause
[       OK ] GrammarBranches/ParserGrammarCorpusTest.AcceptsValidGrammar/Case0301_base_clause (0 ms)
[ RUN      ] GrammarBranches/ParserGrammarCorpusTest.AcceptsValidGrammar/Case0302_generic_params_opt
[       OK ] GrammarBranches/ParserGrammarCorpusTest.AcceptsValidGrammar/Case0302_generic_params_opt (0 ms)
[ RUN      ] GrammarBranches/ParserGrammarCorpusTest.AcceptsValidGrammar/Case0303_params_opt
[       OK ] GrammarBranches/ParserGrammarCorpusTest.AcceptsValidGrammar/Case0303_params_opt (0 ms)
[ RUN      ] GrammarBranches/ParserGrammarCorpusTest.AcceptsValidGrammar/Case0304_function_type_expr
[       OK ] GrammarBranches/ParserGrammarCorpusTest.AcceptsValidGrammar/Case0304_function_type_expr (0 ms)
[ RUN      ] GrammarBranches/ParserGrammarCorpusTest.AcceptsValidGrammar/Case0305_unary_op
[       OK ] GrammarBranches/ParserGrammarCorpusTest.AcceptsValidGrammar/Case0305_unary_op (0 ms)
[ RUN      ] GrammarBranches/ParserGrammarCorpusTest.AcceptsValidGrammar/Case0306_unary_op
[       OK ] GrammarBranches/ParserGrammarCorpusTest.AcceptsValidGrammar/Case0306_unary_op (0 ms)
[ RUN      ] GrammarBranches/ParserGrammarCorpusTest.AcceptsValidGrammar/Case0307_unary_op
[       OK ] GrammarBranches/ParserGrammarCorpusTest.AcceptsValidGrammar/Case0307_unary_op (0 ms)
[ RUN      ] GrammarBranches/ParserGrammarCorpusTest.AcceptsValidGrammar/Case0308_unary_op
[       OK ] GrammarBranches/ParserGrammarCorpusTest.AcceptsValidGrammar/Case0308_unary_op (0 ms)
[ RUN      ] GrammarBranches/ParserGrammarCorpusTest.AcceptsValidGrammar/Case0309_unary_op
[       OK ] GrammarBranches/ParserGrammarCorpusTest.AcceptsValidGrammar/Case0309_unary_op (0 ms)
[ RUN      ] GrammarBranches/ParserGrammarCorpusTest.AcceptsValidGrammar/Case0310_unary_op
[       OK ] GrammarBranches/ParserGrammarCorpusTest.AcceptsValidGrammar/Case0310_unary_op (0 ms)
[ RUN      ] GrammarBranches/ParserGrammarCorpusTest.AcceptsValidGrammar/Case0311_unary_op
[       OK ] GrammarBranches/ParserGrammarCorpusTest.AcceptsValidGrammar/Case0311_unary_op (0 ms)
[ RUN      ] GrammarBranches/ParserGrammarCorpusTest.AcceptsValidGrammar/Case0312_unary_op
[       OK ] GrammarBranches/ParserGrammarCorpusTest.AcceptsValidGrammar/Case0312_unary_op (0 ms)
[ RUN      ] GrammarBranches/ParserGrammarCorpusTest.AcceptsValidGrammar/Case0313_type_primary
[       OK ] GrammarBranches/ParserGrammarCorpusTest.AcceptsValidGrammar/Case0313_type_primary (0 ms)
[ RUN      ] GrammarBranches/ParserGrammarCorpusTest.AcceptsValidGrammar/Case0314_type_primary
[       OK ] GrammarBranches/ParserGrammarCorpusTest.AcceptsValidGrammar/Case0314_type_primary (0 ms)
[ RUN      ] GrammarBranches/ParserGrammarCorpusTest.AcceptsValidGrammar/Case0315_type_primary
[       OK ] GrammarBranches/ParserGrammarCorpusTest.AcceptsValidGrammar/Case0315_type_primary (0 ms)
[ RUN      ] GrammarBranches/ParserGrammarCorpusTest.AcceptsValidGrammar/Case0316_type_primary
[       OK ] GrammarBranches/ParserGrammarCorpusTest.AcceptsValidGrammar/Case0316_type_primary (0 ms)
[ RUN      ] GrammarBranches/ParserGrammarCorpusTest.AcceptsValidGrammar/Case0317_type_primary
[       OK ] GrammarBranches/ParserGrammarCorpusTest.AcceptsValidGrammar/Case0317_type_primary (0 ms)
[ RUN      ] GrammarBranches/ParserGrammarCorpusTest.AcceptsValidGrammar/Case0318_type_primary
[       OK ] GrammarBranches/ParserGrammarCorpusTest.AcceptsValidGrammar/Case0318_type_primary (0 ms)
[ RUN      ] GrammarBranches/ParserGrammarCorpusTest.AcceptsValidGrammar/Case0319_type_primary
[       OK ] GrammarBranches/ParserGrammarCorpusTest.AcceptsValidGrammar/Case0319_type_primary (0 ms)
[ RUN      ] GrammarBranches/ParserGrammarCorpusTest.AcceptsValidGrammar/Case0320_type_expr
[       OK ] GrammarBranches/ParserGrammarCorpusTest.AcceptsValidGrammar/Case0320_type_expr (0 ms)
[ RUN      ] GrammarBranches/ParserGrammarCorpusTest.AcceptsValidGrammar/Case0321_bit_xor
[       OK ] GrammarBranches/ParserGrammarCorpusTest.AcceptsValidGrammar/Case0321_bit_xor (0 ms)
[ RUN      ] GrammarBranches/ParserGrammarCorpusTest.AcceptsValidGrammar/Case0322_bit_or
[       OK ] GrammarBranches/ParserGrammarCorpusTest.AcceptsValidGrammar/Case0322_bit_or (0 ms)
[ RUN      ] GrammarBranches/ParserGrammarCorpusTest.AcceptsValidGrammar/Case0323_binding_pattern_list
[       OK ] GrammarBranches/ParserGrammarCorpusTest.AcceptsValidGrammar/Case0323_binding_pattern_list (0 ms)
[ RUN      ] GrammarBranches/ParserGrammarCorpusTest.AcceptsValidGrammar/Case0324_array_binding_items
[       OK ] GrammarBranches/ParserGrammarCorpusTest.AcceptsValidGrammar/Case0324_array_binding_items (0 ms)
[ RUN      ] GrammarBranches/ParserGrammarCorpusTest.AcceptsValidGrammar/Case0325_array_binding_items
[       OK ] GrammarBranches/ParserGrammarCorpusTest.AcceptsValidGrammar/Case0325_array_binding_items (0 ms)
[ RUN      ] GrammarBranches/ParserGrammarCorpusTest.AcceptsValidGrammar/Case0326_attribute_suffix
[       OK ] GrammarBranches/ParserGrammarCorpusTest.AcceptsValidGrammar/Case0326_attribute_suffix (0 ms)
[ RUN      ] GrammarBranches/ParserGrammarCorpusTest.AcceptsValidGrammar/Case0327_attribute_suffix
[       OK ] GrammarBranches/ParserGrammarCorpusTest.AcceptsValidGrammar/Case0327_attribute_suffix (0 ms)
[ RUN      ] GrammarBranches/ParserGrammarCorpusTest.AcceptsValidGrammar/Case0328_param_list
[       OK ] GrammarBranches/ParserGrammarCorpusTest.AcceptsValidGrammar/Case0328_param_list (0 ms)
[ RUN      ] GrammarBranches/ParserGrammarCorpusTest.AcceptsValidGrammar/Case0329_param_list
[       OK ] GrammarBranches/ParserGrammarCorpusTest.AcceptsValidGrammar/Case0329_param_list (0 ms)
[ RUN      ] GrammarBranches/ParserGrammarCorpusTest.AcceptsValidGrammar/Case0330_param_list
[       OK ] GrammarBranches/ParserGrammarCorpusTest.AcceptsValidGrammar/Case0330_param_list (0 ms)
[ RUN      ] GrammarBranches/ParserGrammarCorpusTest.AcceptsValidGrammar/Case0331_field_payload_list
[       OK ] GrammarBranches/ParserGrammarCorpusTest.AcceptsValidGrammar/Case0331_field_payload_list (0 ms)
[ RUN      ] GrammarBranches/ParserGrammarCorpusTest.AcceptsValidGrammar/Case0332_field_payload_list
[       OK ] GrammarBranches/ParserGrammarCorpusTest.AcceptsValidGrammar/Case0332_field_payload_list (0 ms)
[ RUN      ] GrammarBranches/ParserGrammarCorpusTest.AcceptsValidGrammar/Case0333_field_payload_list
[       OK ] GrammarBranches/ParserGrammarCorpusTest.AcceptsValidGrammar/Case0333_field_payload_list (0 ms)
[ RUN      ] GrammarBranches/ParserGrammarCorpusTest.AcceptsValidGrammar/Case0334_function_type_expr
[       OK ] GrammarBranches/ParserGrammarCorpusTest.AcceptsValidGrammar/Case0334_function_type_expr (0 ms)
[ RUN      ] GrammarBranches/ParserGrammarCorpusTest.AcceptsValidGrammar/Case0335_function_type_expr
[       OK ] GrammarBranches/ParserGrammarCorpusTest.AcceptsValidGrammar/Case0335_function_type_expr (0 ms)
[ RUN      ] GrammarBranches/ParserGrammarCorpusTest.AcceptsValidGrammar/Case0336_bit_xor
[       OK ] GrammarBranches/ParserGrammarCorpusTest.AcceptsValidGrammar/Case0336_bit_xor (0 ms)
[ RUN      ] GrammarBranches/ParserGrammarCorpusTest.AcceptsValidGrammar/Case0337_bit_xor
[       OK ] GrammarBranches/ParserGrammarCorpusTest.AcceptsValidGrammar/Case0337_bit_xor (0 ms)
[ RUN      ] GrammarBranches/ParserGrammarCorpusTest.AcceptsValidGrammar/Case0338_bit_xor
[       OK ] GrammarBranches/ParserGrammarCorpusTest.AcceptsValidGrammar/Case0338_bit_xor (0 ms)
[ RUN      ] GrammarBranches/ParserGrammarCorpusTest.AcceptsValidGrammar/Case0339_binding_pattern_list
[       OK ] GrammarBranches/ParserGrammarCorpusTest.AcceptsValidGrammar/Case0339_binding_pattern_list (0 ms)
[ RUN      ] GrammarBranches/ParserGrammarCorpusTest.AcceptsValidGrammar/Case0340_binding_pattern_list
[       OK ] GrammarBranches/ParserGrammarCorpusTest.AcceptsValidGrammar/Case0340_binding_pattern_list (0 ms)
[ RUN      ] GrammarBranches/ParserGrammarCorpusTest.AcceptsValidGrammar/Case0341_binding_pattern_list
[       OK ] GrammarBranches/ParserGrammarCorpusTest.AcceptsValidGrammar/Case0341_binding_pattern_list (0 ms)
[ RUN      ] GrammarBranches/ParserGrammarCorpusTest.AcceptsValidGrammar/Case0342_array_binding_items
[       OK ] GrammarBranches/ParserGrammarCorpusTest.AcceptsValidGrammar/Case0342_array_binding_items (0 ms)
[ RUN      ] GrammarBranches/ParserGrammarCorpusTest.AcceptsValidGrammar/Case0343_array_binding_items
[       OK ] GrammarBranches/ParserGrammarCorpusTest.AcceptsValidGrammar/Case0343_array_binding_items (0 ms)
[ RUN      ] GrammarBranches/ParserGrammarCorpusTest.AcceptsValidGrammar/Case0344_attribute_suffix
[       OK ] GrammarBranches/ParserGrammarCorpusTest.AcceptsValidGrammar/Case0344_attribute_suffix (0 ms)
[ RUN      ] GrammarBranches/ParserGrammarCorpusTest.AcceptsValidGrammar/Case0345_param
[       OK ] GrammarBranches/ParserGrammarCorpusTest.AcceptsValidGrammar/Case0345_param (0 ms)
[ RUN      ] GrammarBranches/ParserGrammarCorpusTest.AcceptsValidGrammar/Case0346_param_list
[       OK ] GrammarBranches/ParserGrammarCorpusTest.AcceptsValidGrammar/Case0346_param_list (0 ms)
[ RUN      ] GrammarBranches/ParserGrammarCorpusTest.AcceptsValidGrammar/Case0347_field_payload
[       OK ] GrammarBranches/ParserGrammarCorpusTest.AcceptsValidGrammar/Case0347_field_payload (0 ms)
[ RUN      ] GrammarBranches/ParserGrammarCorpusTest.AcceptsValidGrammar/Case0348_field_payload_list
[       OK ] GrammarBranches/ParserGrammarCorpusTest.AcceptsValidGrammar/Case0348_field_payload_list (0 ms)
[ RUN      ] GrammarBranches/ParserGrammarCorpusTest.AcceptsValidGrammar/Case0349_function_type_expr
[       OK ] GrammarBranches/ParserGrammarCorpusTest.AcceptsValidGrammar/Case0349_function_type_expr (0 ms)
[ RUN      ] GrammarBranches/ParserGrammarCorpusTest.AcceptsValidGrammar/Case0350_literal
[       OK ] GrammarBranches/ParserGrammarCorpusTest.AcceptsValidGrammar/Case0350_literal (0 ms)
[ RUN      ] GrammarBranches/ParserGrammarCorpusTest.AcceptsValidGrammar/Case0351_literal
[       OK ] GrammarBranches/ParserGrammarCorpusTest.AcceptsValidGrammar/Case0351_literal (0 ms)
[ RUN      ] GrammarBranches/ParserGrammarCorpusTest.AcceptsValidGrammar/Case0352_literal
[       OK ] GrammarBranches/ParserGrammarCorpusTest.AcceptsValidGrammar/Case0352_literal (0 ms)
[ RUN      ] GrammarBranches/ParserGrammarCorpusTest.AcceptsValidGrammar/Case0353_literal
[       OK ] GrammarBranches/ParserGrammarCorpusTest.AcceptsValidGrammar/Case0353_literal (0 ms)
[ RUN      ] GrammarBranches/ParserGrammarCorpusTest.AcceptsValidGrammar/Case0354_grouped_expr
[       OK ] GrammarBranches/ParserGrammarCorpusTest.AcceptsValidGrammar/Case0354_grouped_expr (0 ms)
[ RUN      ] GrammarBranches/ParserGrammarCorpusTest.AcceptsValidGrammar/Case0355_array_expr
[       OK ] GrammarBranches/ParserGrammarCorpusTest.AcceptsValidGrammar/Case0355_array_expr (0 ms)
[ RUN      ] GrammarBranches/ParserGrammarCorpusTest.AcceptsValidGrammar/Case0356_array_expr
[       OK ] GrammarBranches/ParserGrammarCorpusTest.AcceptsValidGrammar/Case0356_array_expr (0 ms)
[ RUN      ] GrammarBranches/ParserGrammarCorpusTest.AcceptsValidGrammar/Case0357_tuple_expr
[       OK ] GrammarBranches/ParserGrammarCorpusTest.AcceptsValidGrammar/Case0357_tuple_expr (0 ms)
[ RUN      ] GrammarBranches/ParserGrammarCorpusTest.AcceptsValidGrammar/Case0358_tuple_expr
[       OK ] GrammarBranches/ParserGrammarCorpusTest.AcceptsValidGrammar/Case0358_tuple_expr (0 ms)
[ RUN      ] GrammarBranches/ParserGrammarCorpusTest.AcceptsValidGrammar/Case0359_match_expr
[       OK ] GrammarBranches/ParserGrammarCorpusTest.AcceptsValidGrammar/Case0359_match_expr (0 ms)
[ RUN      ] GrammarBranches/ParserGrammarCorpusTest.AcceptsValidGrammar/Case0360_block_expr
[       OK ] GrammarBranches/ParserGrammarCorpusTest.AcceptsValidGrammar/Case0360_block_expr (0 ms)
[ RUN      ] GrammarBranches/ParserGrammarCorpusTest.AcceptsValidGrammar/Case0361_postfix_op
[       OK ] GrammarBranches/ParserGrammarCorpusTest.AcceptsValidGrammar/Case0361_postfix_op (0 ms)
[ RUN      ] GrammarBranches/ParserGrammarCorpusTest.AcceptsValidGrammar/Case0362_postfix_op
[       OK ] GrammarBranches/ParserGrammarCorpusTest.AcceptsValidGrammar/Case0362_postfix_op (0 ms)
[ RUN      ] GrammarBranches/ParserGrammarCorpusTest.AcceptsValidGrammar/Case0363_postfix_op
[       OK ] GrammarBranches/ParserGrammarCorpusTest.AcceptsValidGrammar/Case0363_postfix_op (0 ms)
[ RUN      ] GrammarBranches/ParserGrammarCorpusTest.AcceptsValidGrammar/Case0364_postfix_op
[       OK ] GrammarBranches/ParserGrammarCorpusTest.AcceptsValidGrammar/Case0364_postfix_op (0 ms)
[ RUN      ] GrammarBranches/ParserGrammarCorpusTest.AcceptsValidGrammar/Case0365_postfix_op
[       OK ] GrammarBranches/ParserGrammarCorpusTest.AcceptsValidGrammar/Case0365_postfix_op (0 ms)
[ RUN      ] GrammarBranches/ParserGrammarCorpusTest.AcceptsValidGrammar/Case0366_postfix_op
[       OK ] GrammarBranches/ParserGrammarCorpusTest.AcceptsValidGrammar/Case0366_postfix_op (0 ms)
[ RUN      ] GrammarBranches/ParserGrammarCorpusTest.AcceptsValidGrammar/Case0367_postfix_op
[       OK ] GrammarBranches/ParserGrammarCorpusTest.AcceptsValidGrammar/Case0367_postfix_op (0 ms)
[ RUN      ] GrammarBranches/ParserGrammarCorpusTest.AcceptsValidGrammar/Case0368_postfix_op
[       OK ] GrammarBranches/ParserGrammarCorpusTest.AcceptsValidGrammar/Case0368_postfix_op (0 ms)
[ RUN      ] GrammarBranches/ParserGrammarCorpusTest.AcceptsValidGrammar/Case0369_postfix_op
[       OK ] GrammarBranches/ParserGrammarCorpusTest.AcceptsValidGrammar/Case0369_postfix_op (0 ms)
[ RUN      ] GrammarBranches/ParserGrammarCorpusTest.AcceptsValidGrammar/Case0370_postfix_op
[       OK ] GrammarBranches/ParserGrammarCorpusTest.AcceptsValidGrammar/Case0370_postfix_op (0 ms)
[ RUN      ] GrammarBranches/ParserGrammarCorpusTest.AcceptsValidGrammar/Case0371_bit_and
[       OK ] GrammarBranches/ParserGrammarCorpusTest.AcceptsValidGrammar/Case0371_bit_and (0 ms)
[ RUN      ] GrammarBranches/ParserGrammarCorpusTest.AcceptsValidGrammar/Case0372_bit_xor
[       OK ] GrammarBranches/ParserGrammarCorpusTest.AcceptsValidGrammar/Case0372_bit_xor (0 ms)
[ RUN      ] GrammarBranches/ParserGrammarCorpusTest.AcceptsValidGrammar/Case0373_binding_pattern_list
[       OK ] GrammarBranches/ParserGrammarCorpusTest.AcceptsValidGrammar/Case0373_binding_pattern_list (0 ms)
[ RUN      ] GrammarBranches/ParserGrammarCorpusTest.AcceptsValidGrammar/Case0374_rest_binding_pattern
[       OK ] GrammarBranches/ParserGrammarCorpusTest.AcceptsValidGrammar/Case0374_rest_binding_pattern (0 ms)
[ RUN      ] GrammarBranches/ParserGrammarCorpusTest.AcceptsValidGrammar/Case0375_array_binding_items
[       OK ] GrammarBranches/ParserGrammarCorpusTest.AcceptsValidGrammar/Case0375_array_binding_items (0 ms)
[ RUN      ] GrammarBranches/ParserGrammarCorpusTest.AcceptsValidGrammar/Case0376_param
[       OK ] GrammarBranches/ParserGrammarCorpusTest.AcceptsValidGrammar/Case0376_param (0 ms)
[ RUN      ] GrammarBranches/ParserGrammarCorpusTest.AcceptsValidGrammar/Case0377_param
[       OK ] GrammarBranches/ParserGrammarCorpusTest.AcceptsValidGrammar/Case0377_param (0 ms)
[ RUN      ] GrammarBranches/ParserGrammarCorpusTest.AcceptsValidGrammar/Case0378_array_expr
[       OK ] GrammarBranches/ParserGrammarCorpusTest.AcceptsValidGrammar/Case0378_array_expr (0 ms)
[ RUN      ] GrammarBranches/ParserGrammarCorpusTest.AcceptsValidGrammar/Case0379_array_expr
[       OK ] GrammarBranches/ParserGrammarCorpusTest.AcceptsValidGrammar/Case0379_array_expr (0 ms)
[ RUN      ] GrammarBranches/ParserGrammarCorpusTest.AcceptsValidGrammar/Case0380_tuple_expr
[       OK ] GrammarBranches/ParserGrammarCorpusTest.AcceptsValidGrammar/Case0380_tuple_expr (0 ms)
[ RUN      ] GrammarBranches/ParserGrammarCorpusTest.AcceptsValidGrammar/Case0381_tuple_expr
[       OK ] GrammarBranches/ParserGrammarCorpusTest.AcceptsValidGrammar/Case0381_tuple_expr (0 ms)
[ RUN      ] GrammarBranches/ParserGrammarCorpusTest.AcceptsValidGrammar/Case0382_match_expr
[       OK ] GrammarBranches/ParserGrammarCorpusTest.AcceptsValidGrammar/Case0382_match_expr (0 ms)
[ RUN      ] GrammarBranches/ParserGrammarCorpusTest.AcceptsValidGrammar/Case0383_match_expr
[       OK ] GrammarBranches/ParserGrammarCorpusTest.AcceptsValidGrammar/Case0383_match_expr (0 ms)
[ RUN      ] GrammarBranches/ParserGrammarCorpusTest.AcceptsValidGrammar/Case0384_postfix_op
[       OK ] GrammarBranches/ParserGrammarCorpusTest.AcceptsValidGrammar/Case0384_postfix_op (0 ms)
[ RUN      ] GrammarBranches/ParserGrammarCorpusTest.AcceptsValidGrammar/Case0385_postfix_op
[       OK ] GrammarBranches/ParserGrammarCorpusTest.AcceptsValidGrammar/Case0385_postfix_op (0 ms)
[ RUN      ] GrammarBranches/ParserGrammarCorpusTest.AcceptsValidGrammar/Case0386_postfix_op
[       OK ] GrammarBranches/ParserGrammarCorpusTest.AcceptsValidGrammar/Case0386_postfix_op (0 ms)
[ RUN      ] GrammarBranches/ParserGrammarCorpusTest.AcceptsValidGrammar/Case0387_postfix_op
[       OK ] GrammarBranches/ParserGrammarCorpusTest.AcceptsValidGrammar/Case0387_postfix_op (0 ms)
[ RUN      ] GrammarBranches/ParserGrammarCorpusTest.AcceptsValidGrammar/Case0388_bit_and
[       OK ] GrammarBranches/ParserGrammarCorpusTest.AcceptsValidGrammar/Case0388_bit_and (0 ms)
[ RUN      ] GrammarBranches/ParserGrammarCorpusTest.AcceptsValidGrammar/Case0389_bit_and
[       OK ] GrammarBranches/ParserGrammarCorpusTest.AcceptsValidGrammar/Case0389_bit_and (0 ms)
[ RUN      ] GrammarBranches/ParserGrammarCorpusTest.AcceptsValidGrammar/Case0390_bit_and
[       OK ] GrammarBranches/ParserGrammarCorpusTest.AcceptsValidGrammar/Case0390_bit_and (0 ms)
[ RUN      ] GrammarBranches/ParserGrammarCorpusTest.AcceptsValidGrammar/Case0391_rest_binding_pattern
[       OK ] GrammarBranches/ParserGrammarCorpusTest.AcceptsValidGrammar/Case0391_rest_binding_pattern (0 ms)
[ RUN      ] GrammarBranches/ParserGrammarCorpusTest.AcceptsValidGrammar/Case0392_rest_binding_pattern
[       OK ] GrammarBranches/ParserGrammarCorpusTest.AcceptsValidGrammar/Case0392_rest_binding_pattern (0 ms)
[ RUN      ] GrammarBranches/ParserGrammarCorpusTest.AcceptsValidGrammar/Case0393_argument_list
[       OK ] GrammarBranches/ParserGrammarCorpusTest.AcceptsValidGrammar/Case0393_argument_list (0 ms)
[ RUN      ] GrammarBranches/ParserGrammarCorpusTest.AcceptsValidGrammar/Case0394_typed_param
[       OK ] GrammarBranches/ParserGrammarCorpusTest.AcceptsValidGrammar/Case0394_typed_param (0 ms)
[ RUN      ] GrammarBranches/ParserGrammarCorpusTest.AcceptsValidGrammar/Case0395_param
[       OK ] GrammarBranches/ParserGrammarCorpusTest.AcceptsValidGrammar/Case0395_param (0 ms)
[ RUN      ] GrammarBranches/ParserGrammarCorpusTest.AcceptsValidGrammar/Case0396_param
[       OK ] GrammarBranches/ParserGrammarCorpusTest.AcceptsValidGrammar/Case0396_param (0 ms)
[ RUN      ] GrammarBranches/ParserGrammarCorpusTest.AcceptsValidGrammar/Case0397_function_type_param_list
[       OK ] GrammarBranches/ParserGrammarCorpusTest.AcceptsValidGrammar/Case0397_function_type_param_list (0 ms)
[ RUN      ] GrammarBranches/ParserGrammarCorpusTest.AcceptsValidGrammar/Case0398_array_expr
[       OK ] GrammarBranches/ParserGrammarCorpusTest.AcceptsValidGrammar/Case0398_array_expr (0 ms)
[ RUN      ] GrammarBranches/ParserGrammarCorpusTest.AcceptsValidGrammar/Case0399_tuple_expr
[       OK ] GrammarBranches/ParserGrammarCorpusTest.AcceptsValidGrammar/Case0399_tuple_expr (0 ms)
[ RUN      ] GrammarBranches/ParserGrammarCorpusTest.AcceptsValidGrammar/Case0400_match_expr
[       OK ] GrammarBranches/ParserGrammarCorpusTest.AcceptsValidGrammar/Case0400_match_expr (0 ms)
[ RUN      ] GrammarBranches/ParserGrammarCorpusTest.AcceptsValidGrammar/Case0401_postfix_op
[       OK ] GrammarBranches/ParserGrammarCorpusTest.AcceptsValidGrammar/Case0401_postfix_op (0 ms)
[ RUN      ] GrammarBranches/ParserGrammarCorpusTest.AcceptsValidGrammar/Case0402_generic_args
[       OK ] GrammarBranches/ParserGrammarCorpusTest.AcceptsValidGrammar/Case0402_generic_args (0 ms)
[ RUN      ] GrammarBranches/ParserGrammarCorpusTest.AcceptsValidGrammar/Case0403_postfix_op
[       OK ] GrammarBranches/ParserGrammarCorpusTest.AcceptsValidGrammar/Case0403_postfix_op (0 ms)
[ RUN      ] GrammarBranches/ParserGrammarCorpusTest.AcceptsValidGrammar/Case0404_equality
[       OK ] GrammarBranches/ParserGrammarCorpusTest.AcceptsValidGrammar/Case0404_equality (0 ms)
[ RUN      ] GrammarBranches/ParserGrammarCorpusTest.AcceptsValidGrammar/Case0405_bit_and
[       OK ] GrammarBranches/ParserGrammarCorpusTest.AcceptsValidGrammar/Case0405_bit_and (0 ms)
[ RUN      ] GrammarBranches/ParserGrammarCorpusTest.AcceptsValidGrammar/Case0406_argument_list
[       OK ] GrammarBranches/ParserGrammarCorpusTest.AcceptsValidGrammar/Case0406_argument_list (0 ms)
[ RUN      ] GrammarBranches/ParserGrammarCorpusTest.AcceptsValidGrammar/Case0407_argument_list
[       OK ] GrammarBranches/ParserGrammarCorpusTest.AcceptsValidGrammar/Case0407_argument_list (0 ms)
[ RUN      ] GrammarBranches/ParserGrammarCorpusTest.AcceptsValidGrammar/Case0408_argument_list
[       OK ] GrammarBranches/ParserGrammarCorpusTest.AcceptsValidGrammar/Case0408_argument_list (0 ms)
[ RUN      ] GrammarBranches/ParserGrammarCorpusTest.AcceptsValidGrammar/Case0409_function_type_param_list
[       OK ] GrammarBranches/ParserGrammarCorpusTest.AcceptsValidGrammar/Case0409_function_type_param_list (0 ms)
[ RUN      ] GrammarBranches/ParserGrammarCorpusTest.AcceptsValidGrammar/Case0410_function_type_param_list
[       OK ] GrammarBranches/ParserGrammarCorpusTest.AcceptsValidGrammar/Case0410_function_type_param_list (0 ms)
[ RUN      ] GrammarBranches/ParserGrammarCorpusTest.AcceptsValidGrammar/Case0411_function_type_param_list
[       OK ] GrammarBranches/ParserGrammarCorpusTest.AcceptsValidGrammar/Case0411_function_type_param_list (0 ms)
[ RUN      ] GrammarBranches/ParserGrammarCorpusTest.AcceptsValidGrammar/Case0412_generic_args
[       OK ] GrammarBranches/ParserGrammarCorpusTest.AcceptsValidGrammar/Case0412_generic_args (0 ms)
[ RUN      ] GrammarBranches/ParserGrammarCorpusTest.AcceptsValidGrammar/Case0413_generic_args
[       OK ] GrammarBranches/ParserGrammarCorpusTest.AcceptsValidGrammar/Case0413_generic_args (0 ms)
[ RUN      ] GrammarBranches/ParserGrammarCorpusTest.AcceptsValidGrammar/Case0414_equality
[       OK ] GrammarBranches/ParserGrammarCorpusTest.AcceptsValidGrammar/Case0414_equality (0 ms)
[ RUN      ] GrammarBranches/ParserGrammarCorpusTest.AcceptsValidGrammar/Case0415_equality
[       OK ] GrammarBranches/ParserGrammarCorpusTest.AcceptsValidGrammar/Case0415_equality (0 ms)
[ RUN      ] GrammarBranches/ParserGrammarCorpusTest.AcceptsValidGrammar/Case0416_equality
[       OK ] GrammarBranches/ParserGrammarCorpusTest.AcceptsValidGrammar/Case0416_equality (0 ms)
[ RUN      ] GrammarBranches/ParserGrammarCorpusTest.AcceptsValidGrammar/Case0417_argument
[       OK ] GrammarBranches/ParserGrammarCorpusTest.AcceptsValidGrammar/Case0417_argument (0 ms)
[ RUN      ] GrammarBranches/ParserGrammarCorpusTest.AcceptsValidGrammar/Case0418_argument
[       OK ] GrammarBranches/ParserGrammarCorpusTest.AcceptsValidGrammar/Case0418_argument (0 ms)
[ RUN      ] GrammarBranches/ParserGrammarCorpusTest.AcceptsValidGrammar/Case0419_argument_list
[       OK ] GrammarBranches/ParserGrammarCorpusTest.AcceptsValidGrammar/Case0419_argument_list (0 ms)
[ RUN      ] GrammarBranches/ParserGrammarCorpusTest.AcceptsValidGrammar/Case0420_function_type_param
[       OK ] GrammarBranches/ParserGrammarCorpusTest.AcceptsValidGrammar/Case0420_function_type_param (0 ms)
[ RUN      ] GrammarBranches/ParserGrammarCorpusTest.AcceptsValidGrammar/Case0421_function_type_param_list
[       OK ] GrammarBranches/ParserGrammarCorpusTest.AcceptsValidGrammar/Case0421_function_type_param_list (0 ms)
[ RUN      ] GrammarBranches/ParserGrammarCorpusTest.AcceptsValidGrammar/Case0422_element_list
[       OK ] GrammarBranches/ParserGrammarCorpusTest.AcceptsValidGrammar/Case0422_element_list (0 ms)
[ RUN      ] GrammarBranches/ParserGrammarCorpusTest.AcceptsValidGrammar/Case0423_match_arm_list
[       OK ] GrammarBranches/ParserGrammarCorpusTest.AcceptsValidGrammar/Case0423_match_arm_list (0 ms)
[ RUN      ] GrammarBranches/ParserGrammarCorpusTest.AcceptsValidGrammar/Case0424_generic_args
[       OK ] GrammarBranches/ParserGrammarCorpusTest.AcceptsValidGrammar/Case0424_generic_args (0 ms)
[ RUN      ] GrammarBranches/ParserGrammarCorpusTest.AcceptsValidGrammar/Case0425_relational
[       OK ] GrammarBranches/ParserGrammarCorpusTest.AcceptsValidGrammar/Case0425_relational (0 ms)
[ RUN      ] GrammarBranches/ParserGrammarCorpusTest.AcceptsValidGrammar/Case0426_equality
[       OK ] GrammarBranches/ParserGrammarCorpusTest.AcceptsValidGrammar/Case0426_equality (0 ms)
[ RUN      ] GrammarBranches/ParserGrammarCorpusTest.AcceptsValidGrammar/Case0427_function_type_param
[       OK ] GrammarBranches/ParserGrammarCorpusTest.AcceptsValidGrammar/Case0427_function_type_param (0 ms)
[ RUN      ] GrammarBranches/ParserGrammarCorpusTest.AcceptsValidGrammar/Case0428_function_type_param
[       OK ] GrammarBranches/ParserGrammarCorpusTest.AcceptsValidGrammar/Case0428_function_type_param (0 ms)
[ RUN      ] GrammarBranches/ParserGrammarCorpusTest.AcceptsValidGrammar/Case0429_function_type_param
[       OK ] GrammarBranches/ParserGrammarCorpusTest.AcceptsValidGrammar/Case0429_function_type_param (0 ms)
[ RUN      ] GrammarBranches/ParserGrammarCorpusTest.AcceptsValidGrammar/Case0430_function_type_param
[       OK ] GrammarBranches/ParserGrammarCorpusTest.AcceptsValidGrammar/Case0430_function_type_param (0 ms)
[ RUN      ] GrammarBranches/ParserGrammarCorpusTest.AcceptsValidGrammar/Case0431_element_list
[       OK ] GrammarBranches/ParserGrammarCorpusTest.AcceptsValidGrammar/Case0431_element_list (0 ms)
[ RUN      ] GrammarBranches/ParserGrammarCorpusTest.AcceptsValidGrammar/Case0432_element_list
[       OK ] GrammarBranches/ParserGrammarCorpusTest.AcceptsValidGrammar/Case0432_element_list (0 ms)
[ RUN      ] GrammarBranches/ParserGrammarCorpusTest.AcceptsValidGrammar/Case0433_element_list
[       OK ] GrammarBranches/ParserGrammarCorpusTest.AcceptsValidGrammar/Case0433_element_list (0 ms)
[ RUN      ] GrammarBranches/ParserGrammarCorpusTest.AcceptsValidGrammar/Case0434_match_arm_list
[       OK ] GrammarBranches/ParserGrammarCorpusTest.AcceptsValidGrammar/Case0434_match_arm_list (0 ms)
[ RUN      ] GrammarBranches/ParserGrammarCorpusTest.AcceptsValidGrammar/Case0435_match_arm_list
[       OK ] GrammarBranches/ParserGrammarCorpusTest.AcceptsValidGrammar/Case0435_match_arm_list (0 ms)
[ RUN      ] GrammarBranches/ParserGrammarCorpusTest.AcceptsValidGrammar/Case0436_match_arm_list
[       OK ] GrammarBranches/ParserGrammarCorpusTest.AcceptsValidGrammar/Case0436_match_arm_list (0 ms)
[ RUN      ] GrammarBranches/ParserGrammarCorpusTest.AcceptsValidGrammar/Case0437_relational
[       OK ] GrammarBranches/ParserGrammarCorpusTest.AcceptsValidGrammar/Case0437_relational (0 ms)
[ RUN      ] GrammarBranches/ParserGrammarCorpusTest.AcceptsValidGrammar/Case0438_relational
[       OK ] GrammarBranches/ParserGrammarCorpusTest.AcceptsValidGrammar/Case0438_relational (0 ms)
[ RUN      ] GrammarBranches/ParserGrammarCorpusTest.AcceptsValidGrammar/Case0439_relational
[       OK ] GrammarBranches/ParserGrammarCorpusTest.AcceptsValidGrammar/Case0439_relational (0 ms)
[ RUN      ] GrammarBranches/ParserGrammarCorpusTest.AcceptsValidGrammar/Case0440_equality
[       OK ] GrammarBranches/ParserGrammarCorpusTest.AcceptsValidGrammar/Case0440_equality (0 ms)
[ RUN      ] GrammarBranches/ParserGrammarCorpusTest.AcceptsValidGrammar/Case0441_equality
[       OK ] GrammarBranches/ParserGrammarCorpusTest.AcceptsValidGrammar/Case0441_equality (0 ms)
[ RUN      ] GrammarBranches/ParserGrammarCorpusTest.AcceptsValidGrammar/Case0442_named_argument
[       OK ] GrammarBranches/ParserGrammarCorpusTest.AcceptsValidGrammar/Case0442_named_argument (0 ms)
[ RUN      ] GrammarBranches/ParserGrammarCorpusTest.AcceptsValidGrammar/Case0443_positional_argument
[       OK ] GrammarBranches/ParserGrammarCorpusTest.AcceptsValidGrammar/Case0443_positional_argument (0 ms)
[ RUN      ] GrammarBranches/ParserGrammarCorpusTest.AcceptsValidGrammar/Case0444_function_type_param
[       OK ] GrammarBranches/ParserGrammarCorpusTest.AcceptsValidGrammar/Case0444_function_type_param (0 ms)
[ RUN      ] GrammarBranches/ParserGrammarCorpusTest.AcceptsValidGrammar/Case0445_function_type_param
[       OK ] GrammarBranches/ParserGrammarCorpusTest.AcceptsValidGrammar/Case0445_function_type_param (0 ms)
[ RUN      ] GrammarBranches/ParserGrammarCorpusTest.AcceptsValidGrammar/Case0446_element_list
[       OK ] GrammarBranches/ParserGrammarCorpusTest.AcceptsValidGrammar/Case0446_element_list (0 ms)
[ RUN      ] GrammarBranches/ParserGrammarCorpusTest.AcceptsValidGrammar/Case0447_match_arm
[       OK ] GrammarBranches/ParserGrammarCorpusTest.AcceptsValidGrammar/Case0447_match_arm (0 ms)
[ RUN      ] GrammarBranches/ParserGrammarCorpusTest.AcceptsValidGrammar/Case0448_match_arm_list
[       OK ] GrammarBranches/ParserGrammarCorpusTest.AcceptsValidGrammar/Case0448_match_arm_list (0 ms)
[ RUN      ] GrammarBranches/ParserGrammarCorpusTest.AcceptsValidGrammar/Case0449_shift
[       OK ] GrammarBranches/ParserGrammarCorpusTest.AcceptsValidGrammar/Case0449_shift (0 ms)
[ RUN      ] GrammarBranches/ParserGrammarCorpusTest.AcceptsValidGrammar/Case0450_relational
[       OK ] GrammarBranches/ParserGrammarCorpusTest.AcceptsValidGrammar/Case0450_relational (0 ms)
[ RUN      ] GrammarBranches/ParserGrammarCorpusTest.AcceptsValidGrammar/Case0451_positional_argument
[       OK ] GrammarBranches/ParserGrammarCorpusTest.AcceptsValidGrammar/Case0451_positional_argument (0 ms)
[ RUN      ] GrammarBranches/ParserGrammarCorpusTest.AcceptsValidGrammar/Case0452_positional_argument
[       OK ] GrammarBranches/ParserGrammarCorpusTest.AcceptsValidGrammar/Case0452_positional_argument (0 ms)
[ RUN      ] GrammarBranches/ParserGrammarCorpusTest.AcceptsValidGrammar/Case0453_match_arm
[       OK ] GrammarBranches/ParserGrammarCorpusTest.AcceptsValidGrammar/Case0453_match_arm (0 ms)
[ RUN      ] GrammarBranches/ParserGrammarCorpusTest.AcceptsValidGrammar/Case0454_match_arm
[       OK ] GrammarBranches/ParserGrammarCorpusTest.AcceptsValidGrammar/Case0454_match_arm (0 ms)
[ RUN      ] GrammarBranches/ParserGrammarCorpusTest.AcceptsValidGrammar/Case0455_shift
[       OK ] GrammarBranches/ParserGrammarCorpusTest.AcceptsValidGrammar/Case0455_shift (0 ms)
[ RUN      ] GrammarBranches/ParserGrammarCorpusTest.AcceptsValidGrammar/Case0456_shift
[       OK ] GrammarBranches/ParserGrammarCorpusTest.AcceptsValidGrammar/Case0456_shift (0 ms)
[ RUN      ] GrammarBranches/ParserGrammarCorpusTest.AcceptsValidGrammar/Case0457_shift
[       OK ] GrammarBranches/ParserGrammarCorpusTest.AcceptsValidGrammar/Case0457_shift (0 ms)
[ RUN      ] GrammarBranches/ParserGrammarCorpusTest.AcceptsValidGrammar/Case0458_relational
[       OK ] GrammarBranches/ParserGrammarCorpusTest.AcceptsValidGrammar/Case0458_relational (0 ms)
[ RUN      ] GrammarBranches/ParserGrammarCorpusTest.AcceptsValidGrammar/Case0459_relational
[       OK ] GrammarBranches/ParserGrammarCorpusTest.AcceptsValidGrammar/Case0459_relational (0 ms)
[ RUN      ] GrammarBranches/ParserGrammarCorpusTest.AcceptsValidGrammar/Case0460_relational
[       OK ] GrammarBranches/ParserGrammarCorpusTest.AcceptsValidGrammar/Case0460_relational (0 ms)
[ RUN      ] GrammarBranches/ParserGrammarCorpusTest.AcceptsValidGrammar/Case0461_relational
[       OK ] GrammarBranches/ParserGrammarCorpusTest.AcceptsValidGrammar/Case0461_relational (0 ms)
[ RUN      ] GrammarBranches/ParserGrammarCorpusTest.AcceptsValidGrammar/Case0462_positional_argument
[       OK ] GrammarBranches/ParserGrammarCorpusTest.AcceptsValidGrammar/Case0462_positional_argument (0 ms)
[ RUN      ] GrammarBranches/ParserGrammarCorpusTest.AcceptsValidGrammar/Case0463_pattern
[       OK ] GrammarBranches/ParserGrammarCorpusTest.AcceptsValidGrammar/Case0463_pattern (0 ms)
[ RUN      ] GrammarBranches/ParserGrammarCorpusTest.AcceptsValidGrammar/Case0464_match_arm
[       OK ] GrammarBranches/ParserGrammarCorpusTest.AcceptsValidGrammar/Case0464_match_arm (0 ms)
[ RUN      ] GrammarBranches/ParserGrammarCorpusTest.AcceptsValidGrammar/Case0465_add
[       OK ] GrammarBranches/ParserGrammarCorpusTest.AcceptsValidGrammar/Case0465_add (0 ms)
[ RUN      ] GrammarBranches/ParserGrammarCorpusTest.AcceptsValidGrammar/Case0466_shift
[       OK ] GrammarBranches/ParserGrammarCorpusTest.AcceptsValidGrammar/Case0466_shift (0 ms)
[ RUN      ] GrammarBranches/ParserGrammarCorpusTest.AcceptsValidGrammar/Case0467_pattern
[       OK ] GrammarBranches/ParserGrammarCorpusTest.AcceptsValidGrammar/Case0467_pattern (0 ms)
[ RUN      ] GrammarBranches/ParserGrammarCorpusTest.AcceptsValidGrammar/Case0468_pattern
[       OK ] GrammarBranches/ParserGrammarCorpusTest.AcceptsValidGrammar/Case0468_pattern (0 ms)
[ RUN      ] GrammarBranches/ParserGrammarCorpusTest.AcceptsValidGrammar/Case0469_pattern
[       OK ] GrammarBranches/ParserGrammarCorpusTest.AcceptsValidGrammar/Case0469_pattern (0 ms)
[ RUN      ] GrammarBranches/ParserGrammarCorpusTest.AcceptsValidGrammar/Case0470_add
[       OK ] GrammarBranches/ParserGrammarCorpusTest.AcceptsValidGrammar/Case0470_add (0 ms)
[ RUN      ] GrammarBranches/ParserGrammarCorpusTest.AcceptsValidGrammar/Case0471_add
[       OK ] GrammarBranches/ParserGrammarCorpusTest.AcceptsValidGrammar/Case0471_add (0 ms)
[ RUN      ] GrammarBranches/ParserGrammarCorpusTest.AcceptsValidGrammar/Case0472_add
[       OK ] GrammarBranches/ParserGrammarCorpusTest.AcceptsValidGrammar/Case0472_add (0 ms)
[ RUN      ] GrammarBranches/ParserGrammarCorpusTest.AcceptsValidGrammar/Case0473_shift
[       OK ] GrammarBranches/ParserGrammarCorpusTest.AcceptsValidGrammar/Case0473_shift (0 ms)
[ RUN      ] GrammarBranches/ParserGrammarCorpusTest.AcceptsValidGrammar/Case0474_shift
[       OK ] GrammarBranches/ParserGrammarCorpusTest.AcceptsValidGrammar/Case0474_shift (0 ms)
[ RUN      ] GrammarBranches/ParserGrammarCorpusTest.AcceptsValidGrammar/Case0475_pattern_atom
[       OK ] GrammarBranches/ParserGrammarCorpusTest.AcceptsValidGrammar/Case0475_pattern_atom (0 ms)
[ RUN      ] GrammarBranches/ParserGrammarCorpusTest.AcceptsValidGrammar/Case0476_pattern_atom
[       OK ] GrammarBranches/ParserGrammarCorpusTest.AcceptsValidGrammar/Case0476_pattern_atom (0 ms)
[ RUN      ] GrammarBranches/ParserGrammarCorpusTest.AcceptsValidGrammar/Case0477_pattern_atom
[       OK ] GrammarBranches/ParserGrammarCorpusTest.AcceptsValidGrammar/Case0477_pattern_atom (0 ms)
[ RUN      ] GrammarBranches/ParserGrammarCorpusTest.AcceptsValidGrammar/Case0478_pattern_atom
[       OK ] GrammarBranches/ParserGrammarCorpusTest.AcceptsValidGrammar/Case0478_pattern_atom (0 ms)
[ RUN      ] GrammarBranches/ParserGrammarCorpusTest.AcceptsValidGrammar/Case0479_pattern_atom
[       OK ] GrammarBranches/ParserGrammarCorpusTest.AcceptsValidGrammar/Case0479_pattern_atom (0 ms)
[ RUN      ] GrammarBranches/ParserGrammarCorpusTest.AcceptsValidGrammar/Case0480_pattern_atom
[       OK ] GrammarBranches/ParserGrammarCorpusTest.AcceptsValidGrammar/Case0480_pattern_atom (0 ms)
[ RUN      ] GrammarBranches/ParserGrammarCorpusTest.AcceptsValidGrammar/Case0481_pattern
[       OK ] GrammarBranches/ParserGrammarCorpusTest.AcceptsValidGrammar/Case0481_pattern (0 ms)
[ RUN      ] GrammarBranches/ParserGrammarCorpusTest.AcceptsValidGrammar/Case0482_match_guard
[       OK ] GrammarBranches/ParserGrammarCorpusTest.AcceptsValidGrammar/Case0482_match_guard (0 ms)
[ RUN      ] GrammarBranches/ParserGrammarCorpusTest.AcceptsValidGrammar/Case0483_mul
[       OK ] GrammarBranches/ParserGrammarCorpusTest.AcceptsValidGrammar/Case0483_mul (0 ms)
[ RUN      ] GrammarBranches/ParserGrammarCorpusTest.AcceptsValidGrammar/Case0484_add
[       OK ] GrammarBranches/ParserGrammarCorpusTest.AcceptsValidGrammar/Case0484_add (0 ms)
[ RUN      ] GrammarBranches/ParserGrammarCorpusTest.AcceptsValidGrammar/Case0485_mul
[       OK ] GrammarBranches/ParserGrammarCorpusTest.AcceptsValidGrammar/Case0485_mul (0 ms)
[ RUN      ] GrammarBranches/ParserGrammarCorpusTest.AcceptsValidGrammar/Case0486_mul
[       OK ] GrammarBranches/ParserGrammarCorpusTest.AcceptsValidGrammar/Case0486_mul (0 ms)
[ RUN      ] GrammarBranches/ParserGrammarCorpusTest.AcceptsValidGrammar/Case0487_mul
[       OK ] GrammarBranches/ParserGrammarCorpusTest.AcceptsValidGrammar/Case0487_mul (0 ms)
[ RUN      ] GrammarBranches/ParserGrammarCorpusTest.AcceptsValidGrammar/Case0488_add
[       OK ] GrammarBranches/ParserGrammarCorpusTest.AcceptsValidGrammar/Case0488_add (0 ms)
[ RUN      ] GrammarBranches/ParserGrammarCorpusTest.AcceptsValidGrammar/Case0489_add
[       OK ] GrammarBranches/ParserGrammarCorpusTest.AcceptsValidGrammar/Case0489_add (0 ms)
[ RUN      ] GrammarBranches/ParserGrammarCorpusTest.AcceptsValidGrammar/Case0490_literal_pattern
[       OK ] GrammarBranches/ParserGrammarCorpusTest.AcceptsValidGrammar/Case0490_literal_pattern (0 ms)
[ RUN      ] GrammarBranches/ParserGrammarCorpusTest.AcceptsValidGrammar/Case0491_literal_pattern
[       OK ] GrammarBranches/ParserGrammarCorpusTest.AcceptsValidGrammar/Case0491_literal_pattern (0 ms)
[ RUN      ] GrammarBranches/ParserGrammarCorpusTest.AcceptsValidGrammar/Case0492_name_pattern
[       OK ] GrammarBranches/ParserGrammarCorpusTest.AcceptsValidGrammar/Case0492_name_pattern (0 ms)
[ RUN      ] GrammarBranches/ParserGrammarCorpusTest.AcceptsValidGrammar/Case0493_grouped_pattern
[       OK ] GrammarBranches/ParserGrammarCorpusTest.AcceptsValidGrammar/Case0493_grouped_pattern (0 ms)
[ RUN      ] GrammarBranches/ParserGrammarCorpusTest.AcceptsValidGrammar/Case0494_tuple_pattern
[       OK ] GrammarBranches/ParserGrammarCorpusTest.AcceptsValidGrammar/Case0494_tuple_pattern (0 ms)
[ RUN      ] GrammarBranches/ParserGrammarCorpusTest.AcceptsValidGrammar/Case0495_tuple_pattern
[       OK ] GrammarBranches/ParserGrammarCorpusTest.AcceptsValidGrammar/Case0495_tuple_pattern (0 ms)
[ RUN      ] GrammarBranches/ParserGrammarCorpusTest.AcceptsValidGrammar/Case0496_array_pattern
[       OK ] GrammarBranches/ParserGrammarCorpusTest.AcceptsValidGrammar/Case0496_array_pattern (0 ms)
[ RUN      ] GrammarBranches/ParserGrammarCorpusTest.AcceptsValidGrammar/Case0497_unary
[       OK ] GrammarBranches/ParserGrammarCorpusTest.AcceptsValidGrammar/Case0497_unary (0 ms)
[ RUN      ] GrammarBranches/ParserGrammarCorpusTest.AcceptsValidGrammar/Case0498_unary
[       OK ] GrammarBranches/ParserGrammarCorpusTest.AcceptsValidGrammar/Case0498_unary (0 ms)
[ RUN      ] GrammarBranches/ParserGrammarCorpusTest.AcceptsValidGrammar/Case0499_unary
[       OK ] GrammarBranches/ParserGrammarCorpusTest.AcceptsValidGrammar/Case0499_unary (0 ms)
[ RUN      ] GrammarBranches/ParserGrammarCorpusTest.AcceptsValidGrammar/Case0500_unary
[       OK ] GrammarBranches/ParserGrammarCorpusTest.AcceptsValidGrammar/Case0500_unary (0 ms)
[ RUN      ] GrammarBranches/ParserGrammarCorpusTest.AcceptsValidGrammar/Case0501_mul
[       OK ] GrammarBranches/ParserGrammarCorpusTest.AcceptsValidGrammar/Case0501_mul (0 ms)
[ RUN      ] GrammarBranches/ParserGrammarCorpusTest.AcceptsValidGrammar/Case0502_literal_pattern
[       OK ] GrammarBranches/ParserGrammarCorpusTest.AcceptsValidGrammar/Case0502_literal_pattern (0 ms)
[ RUN      ] GrammarBranches/ParserGrammarCorpusTest.AcceptsValidGrammar/Case0503_literal_pattern
[       OK ] GrammarBranches/ParserGrammarCorpusTest.AcceptsValidGrammar/Case0503_literal_pattern (0 ms)
[ RUN      ] GrammarBranches/ParserGrammarCorpusTest.AcceptsValidGrammar/Case0504_name_pattern
[       OK ] GrammarBranches/ParserGrammarCorpusTest.AcceptsValidGrammar/Case0504_name_pattern (0 ms)
[ RUN      ] GrammarBranches/ParserGrammarCorpusTest.AcceptsValidGrammar/Case0505_name_pattern
[       OK ] GrammarBranches/ParserGrammarCorpusTest.AcceptsValidGrammar/Case0505_name_pattern (0 ms)
[ RUN      ] GrammarBranches/ParserGrammarCorpusTest.AcceptsValidGrammar/Case0506_tuple_pattern
[       OK ] GrammarBranches/ParserGrammarCorpusTest.AcceptsValidGrammar/Case0506_tuple_pattern (0 ms)
[ RUN      ] GrammarBranches/ParserGrammarCorpusTest.AcceptsValidGrammar/Case0507_tuple_pattern
[       OK ] GrammarBranches/ParserGrammarCorpusTest.AcceptsValidGrammar/Case0507_tuple_pattern (0 ms)
[ RUN      ] GrammarBranches/ParserGrammarCorpusTest.AcceptsValidGrammar/Case0508_array_pattern
[       OK ] GrammarBranches/ParserGrammarCorpusTest.AcceptsValidGrammar/Case0508_array_pattern (0 ms)
[ RUN      ] GrammarBranches/ParserGrammarCorpusTest.AcceptsValidGrammar/Case0509_array_pattern
[       OK ] GrammarBranches/ParserGrammarCorpusTest.AcceptsValidGrammar/Case0509_array_pattern (0 ms)
[ RUN      ] GrammarBranches/ParserGrammarCorpusTest.AcceptsValidGrammar/Case0510_mul
[       OK ] GrammarBranches/ParserGrammarCorpusTest.AcceptsValidGrammar/Case0510_mul (0 ms)
[ RUN      ] GrammarBranches/ParserGrammarCorpusTest.AcceptsValidGrammar/Case0511_mul
[       OK ] GrammarBranches/ParserGrammarCorpusTest.AcceptsValidGrammar/Case0511_mul (0 ms)
[ RUN      ] GrammarBranches/ParserGrammarCorpusTest.AcceptsValidGrammar/Case0512_mul
[       OK ] GrammarBranches/ParserGrammarCorpusTest.AcceptsValidGrammar/Case0512_mul (0 ms)
[ RUN      ] GrammarBranches/ParserGrammarCorpusTest.AcceptsValidGrammar/Case0513_pattern_path
[       OK ] GrammarBranches/ParserGrammarCorpusTest.AcceptsValidGrammar/Case0513_pattern_path (0 ms)
[ RUN      ] GrammarBranches/ParserGrammarCorpusTest.AcceptsValidGrammar/Case0514_name_pattern
[       OK ] GrammarBranches/ParserGrammarCorpusTest.AcceptsValidGrammar/Case0514_name_pattern (0 ms)
[ RUN      ] GrammarBranches/ParserGrammarCorpusTest.AcceptsValidGrammar/Case0515_tuple_pattern
[       OK ] GrammarBranches/ParserGrammarCorpusTest.AcceptsValidGrammar/Case0515_tuple_pattern (0 ms)
[ RUN      ] GrammarBranches/ParserGrammarCorpusTest.AcceptsValidGrammar/Case0516_array_pattern
[       OK ] GrammarBranches/ParserGrammarCorpusTest.AcceptsValidGrammar/Case0516_array_pattern (0 ms)
[ RUN      ] GrammarBranches/ParserGrammarCorpusTest.AcceptsValidGrammar/Case0517_comptime_expr
[       OK ] GrammarBranches/ParserGrammarCorpusTest.AcceptsValidGrammar/Case0517_comptime_expr (0 ms)
[ RUN      ] GrammarBranches/ParserGrammarCorpusTest.AcceptsValidGrammar/Case0518_postfix
[       OK ] GrammarBranches/ParserGrammarCorpusTest.AcceptsValidGrammar/Case0518_postfix (0 ms)
[ RUN      ] GrammarBranches/ParserGrammarCorpusTest.AcceptsValidGrammar/Case0519_pattern_path
[       OK ] GrammarBranches/ParserGrammarCorpusTest.AcceptsValidGrammar/Case0519_pattern_path (0 ms)
[ RUN      ] GrammarBranches/ParserGrammarCorpusTest.AcceptsValidGrammar/Case0520_pattern_path
[       OK ] GrammarBranches/ParserGrammarCorpusTest.AcceptsValidGrammar/Case0520_pattern_path (0 ms)
[ RUN      ] GrammarBranches/ParserGrammarCorpusTest.AcceptsValidGrammar/Case0521_pattern_path
[       OK ] GrammarBranches/ParserGrammarCorpusTest.AcceptsValidGrammar/Case0521_pattern_path (0 ms)
[ RUN      ] GrammarBranches/ParserGrammarCorpusTest.AcceptsValidGrammar/Case0522_pattern_path
[       OK ] GrammarBranches/ParserGrammarCorpusTest.AcceptsValidGrammar/Case0522_pattern_path (0 ms)
[ RUN      ] GrammarBranches/ParserGrammarCorpusTest.AcceptsValidGrammar/Case0523_pattern_path
[       OK ] GrammarBranches/ParserGrammarCorpusTest.AcceptsValidGrammar/Case0523_pattern_path (0 ms)
[ RUN      ] GrammarBranches/ParserGrammarCorpusTest.AcceptsValidGrammar/Case0524_name_pattern
[       OK ] GrammarBranches/ParserGrammarCorpusTest.AcceptsValidGrammar/Case0524_name_pattern (0 ms)
[ RUN      ] GrammarBranches/ParserGrammarCorpusTest.AcceptsValidGrammar/Case0525_name_pattern
[       OK ] GrammarBranches/ParserGrammarCorpusTest.AcceptsValidGrammar/Case0525_name_pattern (0 ms)
[ RUN      ] GrammarBranches/ParserGrammarCorpusTest.AcceptsValidGrammar/Case0526_postfix
[       OK ] GrammarBranches/ParserGrammarCorpusTest.AcceptsValidGrammar/Case0526_postfix (0 ms)
[ RUN      ] GrammarBranches/ParserGrammarCorpusTest.AcceptsValidGrammar/Case0527_postfix
[       OK ] GrammarBranches/ParserGrammarCorpusTest.AcceptsValidGrammar/Case0527_postfix (0 ms)
[ RUN      ] GrammarBranches/ParserGrammarCorpusTest.AcceptsValidGrammar/Case0528_postfix
[       OK ] GrammarBranches/ParserGrammarCorpusTest.AcceptsValidGrammar/Case0528_postfix (0 ms)
[ RUN      ] GrammarBranches/ParserGrammarCorpusTest.AcceptsValidGrammar/Case0529_pattern_path
[       OK ] GrammarBranches/ParserGrammarCorpusTest.AcceptsValidGrammar/Case0529_pattern_path (0 ms)
[ RUN      ] GrammarBranches/ParserGrammarCorpusTest.AcceptsValidGrammar/Case0530_pattern_path
[       OK ] GrammarBranches/ParserGrammarCorpusTest.AcceptsValidGrammar/Case0530_pattern_path (0 ms)
[ RUN      ] GrammarBranches/ParserGrammarCorpusTest.AcceptsValidGrammar/Case0531_name_pattern
[       OK ] GrammarBranches/ParserGrammarCorpusTest.AcceptsValidGrammar/Case0531_name_pattern (0 ms)
[ RUN      ] GrammarBranches/ParserGrammarCorpusTest.AcceptsValidGrammar/Case0532_pattern_list
[       OK ] GrammarBranches/ParserGrammarCorpusTest.AcceptsValidGrammar/Case0532_pattern_list (0 ms)
[ RUN      ] GrammarBranches/ParserGrammarCorpusTest.AcceptsValidGrammar/Case0533_array_pattern_items
[       OK ] GrammarBranches/ParserGrammarCorpusTest.AcceptsValidGrammar/Case0533_array_pattern_items (0 ms)
[ RUN      ] GrammarBranches/ParserGrammarCorpusTest.AcceptsValidGrammar/Case0534_array_pattern_items
[       OK ] GrammarBranches/ParserGrammarCorpusTest.AcceptsValidGrammar/Case0534_array_pattern_items (0 ms)
[ RUN      ] GrammarBranches/ParserGrammarCorpusTest.AcceptsValidGrammar/Case0535_primary
[       OK ] GrammarBranches/ParserGrammarCorpusTest.AcceptsValidGrammar/Case0535_primary (0 ms)
[ RUN      ] GrammarBranches/ParserGrammarCorpusTest.AcceptsValidGrammar/Case0536_primary
[       OK ] GrammarBranches/ParserGrammarCorpusTest.AcceptsValidGrammar/Case0536_primary (0 ms)
[ RUN      ] GrammarBranches/ParserGrammarCorpusTest.AcceptsValidGrammar/Case0537_primary
[       OK ] GrammarBranches/ParserGrammarCorpusTest.AcceptsValidGrammar/Case0537_primary (0 ms)
[ RUN      ] GrammarBranches/ParserGrammarCorpusTest.AcceptsValidGrammar/Case0538_primary
[       OK ] GrammarBranches/ParserGrammarCorpusTest.AcceptsValidGrammar/Case0538_primary (0 ms)
[ RUN      ] GrammarBranches/ParserGrammarCorpusTest.AcceptsValidGrammar/Case0539_primary
[       OK ] GrammarBranches/ParserGrammarCorpusTest.AcceptsValidGrammar/Case0539_primary (0 ms)
[ RUN      ] GrammarBranches/ParserGrammarCorpusTest.AcceptsValidGrammar/Case0540_primary
[       OK ] GrammarBranches/ParserGrammarCorpusTest.AcceptsValidGrammar/Case0540_primary (0 ms)
[ RUN      ] GrammarBranches/ParserGrammarCorpusTest.AcceptsValidGrammar/Case0541_primary
[       OK ] GrammarBranches/ParserGrammarCorpusTest.AcceptsValidGrammar/Case0541_primary (0 ms)
[ RUN      ] GrammarBranches/ParserGrammarCorpusTest.AcceptsValidGrammar/Case0542_primary
[       OK ] GrammarBranches/ParserGrammarCorpusTest.AcceptsValidGrammar/Case0542_primary (0 ms)
[ RUN      ] GrammarBranches/ParserGrammarCorpusTest.AcceptsValidGrammar/Case0543_postfix
[       OK ] GrammarBranches/ParserGrammarCorpusTest.AcceptsValidGrammar/Case0543_postfix (0 ms)
[ RUN      ] GrammarBranches/ParserGrammarCorpusTest.AcceptsValidGrammar/Case0544_pattern_path
[       OK ] GrammarBranches/ParserGrammarCorpusTest.AcceptsValidGrammar/Case0544_pattern_path (0 ms)
[ RUN      ] GrammarBranches/ParserGrammarCorpusTest.AcceptsValidGrammar/Case0545_pattern_path
[       OK ] GrammarBranches/ParserGrammarCorpusTest.AcceptsValidGrammar/Case0545_pattern_path (0 ms)
[ RUN      ] GrammarBranches/ParserGrammarCorpusTest.AcceptsValidGrammar/Case0546_pattern_list
[       OK ] GrammarBranches/ParserGrammarCorpusTest.AcceptsValidGrammar/Case0546_pattern_list (0 ms)
[ RUN      ] GrammarBranches/ParserGrammarCorpusTest.AcceptsValidGrammar/Case0547_pattern_list
[       OK ] GrammarBranches/ParserGrammarCorpusTest.AcceptsValidGrammar/Case0547_pattern_list (0 ms)
[ RUN      ] GrammarBranches/ParserGrammarCorpusTest.AcceptsValidGrammar/Case0548_pattern_list
[       OK ] GrammarBranches/ParserGrammarCorpusTest.AcceptsValidGrammar/Case0548_pattern_list (0 ms)
[ RUN      ] GrammarBranches/ParserGrammarCorpusTest.AcceptsValidGrammar/Case0549_array_pattern_items
[       OK ] GrammarBranches/ParserGrammarCorpusTest.AcceptsValidGrammar/Case0549_array_pattern_items (0 ms)
[ RUN      ] GrammarBranches/ParserGrammarCorpusTest.AcceptsValidGrammar/Case0550_array_pattern_items
[       OK ] GrammarBranches/ParserGrammarCorpusTest.AcceptsValidGrammar/Case0550_array_pattern_items (0 ms)
[ RUN      ] GrammarBranches/ParserGrammarCorpusTest.AcceptsValidGrammar/Case0551_pattern_path
[       OK ] GrammarBranches/ParserGrammarCorpusTest.AcceptsValidGrammar/Case0551_pattern_path (0 ms)
[ RUN      ] GrammarBranches/ParserGrammarCorpusTest.AcceptsValidGrammar/Case0552_pattern_list
[       OK ] GrammarBranches/ParserGrammarCorpusTest.AcceptsValidGrammar/Case0552_pattern_list (0 ms)
[ RUN      ] GrammarBranches/ParserGrammarCorpusTest.AcceptsValidGrammar/Case0553_array_pattern_items
[       OK ] GrammarBranches/ParserGrammarCorpusTest.AcceptsValidGrammar/Case0553_array_pattern_items (0 ms)
[ RUN      ] GrammarBranches/ParserGrammarCorpusTest.AcceptsValidGrammar/Case0554_anonymous_function_expr
[       OK ] GrammarBranches/ParserGrammarCorpusTest.AcceptsValidGrammar/Case0554_anonymous_function_expr (0 ms)
[ RUN      ] GrammarBranches/ParserGrammarCorpusTest.AcceptsValidGrammar/Case0555_anonymous_function_expr
[       OK ] GrammarBranches/ParserGrammarCorpusTest.AcceptsValidGrammar/Case0555_anonymous_function_expr (0 ms)
[ RUN      ] GrammarBranches/ParserGrammarCorpusTest.AcceptsValidGrammar/Case0556_anonymous_function_expr
[       OK ] GrammarBranches/ParserGrammarCorpusTest.AcceptsValidGrammar/Case0556_anonymous_function_expr (0 ms)
[ RUN      ] GrammarBranches/ParserGrammarCorpusTest.AcceptsValidGrammar/Case0557_anonymous_function_expr
[       OK ] GrammarBranches/ParserGrammarCorpusTest.AcceptsValidGrammar/Case0557_anonymous_function_expr (0 ms)
[----------] 558 tests from GrammarBranches/ParserGrammarCorpusTest (11 ms total)

[----------] 2400 tests from GrammarCombinations/ParserGrammarCorpusTest
[ RUN      ] GrammarCombinations/ParserGrammarCorpusTest.AcceptsValidGrammar/Case0000_stmt
[       OK ] GrammarCombinations/ParserGrammarCorpusTest.AcceptsValidGrammar/Case0000_stmt (0 ms)
[ RUN      ] GrammarCombinations/ParserGrammarCorpusTest.AcceptsValidGrammar/Case0001_expr
[       OK ] GrammarCombinations/ParserGrammarCorpusTest.AcceptsValidGrammar/Case0001_expr (0 ms)
[ RUN      ] GrammarCombinations/ParserGrammarCorpusTest.AcceptsValidGrammar/Case0002_expr
[       OK ] GrammarCombinations/ParserGrammarCorpusTest.AcceptsValidGrammar/Case0002_expr (0 ms)
[ RUN      ] GrammarCombinations/ParserGrammarCorpusTest.AcceptsValidGrammar/Case0003_type_expr
[       OK ] GrammarCombinations/ParserGrammarCorpusTest.AcceptsValidGrammar/Case0003_type_expr (0 ms)
[ RUN      ] GrammarCombinations/ParserGrammarCorpusTest.AcceptsValidGrammar/Case0004_pattern
[       OK ] GrammarCombinations/ParserGrammarCorpusTest.AcceptsValidGrammar/Case0004_pattern (0 ms)
[ RUN      ] GrammarCombinations/ParserGrammarCorpusTest.AcceptsValidGrammar/Case0005_binding_pattern
[       OK ] GrammarCombinations/ParserGrammarCorpusTest.AcceptsValidGrammar/Case0005_binding_pattern (0 ms)
[ RUN      ] GrammarCombinations/ParserGrammarCorpusTest.AcceptsValidGrammar/Case0006_decl
[       OK ] GrammarCombinations/ParserGrammarCorpusTest.AcceptsValidGrammar/Case0006_decl (0 ms)
[ RUN      ] GrammarCombinations/ParserGrammarCorpusTest.AcceptsValidGrammar/Case0007_for_header
[       OK ] GrammarCombinations/ParserGrammarCorpusTest.AcceptsValidGrammar/Case0007_for_header (0 ms)
[ RUN      ] GrammarCombinations/ParserGrammarCorpusTest.AcceptsValidGrammar/Case0008_stmt
[       OK ] GrammarCombinations/ParserGrammarCorpusTest.AcceptsValidGrammar/Case0008_stmt (0 ms)
[ RUN      ] GrammarCombinations/ParserGrammarCorpusTest.AcceptsValidGrammar/Case0009_expr
[       OK ] GrammarCombinations/ParserGrammarCorpusTest.AcceptsValidGrammar/Case0009_expr (0 ms)
[ RUN      ] GrammarCombinations/ParserGrammarCorpusTest.AcceptsValidGrammar/Case0010_expr
[       OK ] GrammarCombinations/ParserGrammarCorpusTest.AcceptsValidGrammar/Case0010_expr (0 ms)
[ RUN      ] GrammarCombinations/ParserGrammarCorpusTest.AcceptsValidGrammar/Case0011_type_expr
[       OK ] GrammarCombinations/ParserGrammarCorpusTest.AcceptsValidGrammar/Case0011_type_expr (0 ms)
[ RUN      ] GrammarCombinations/ParserGrammarCorpusTest.AcceptsValidGrammar/Case0012_pattern
[       OK ] GrammarCombinations/ParserGrammarCorpusTest.AcceptsValidGrammar/Case0012_pattern (0 ms)
[ RUN      ] GrammarCombinations/ParserGrammarCorpusTest.AcceptsValidGrammar/Case0013_binding_pattern
[       OK ] GrammarCombinations/ParserGrammarCorpusTest.AcceptsValidGrammar/Case0013_binding_pattern (0 ms)
[ RUN      ] GrammarCombinations/ParserGrammarCorpusTest.AcceptsValidGrammar/Case0014_decl
[       OK ] GrammarCombinations/ParserGrammarCorpusTest.AcceptsValidGrammar/Case0014_decl (0 ms)
[ RUN      ] GrammarCombinations/ParserGrammarCorpusTest.AcceptsValidGrammar/Case0015_for_header
[       OK ] GrammarCombinations/ParserGrammarCorpusTest.AcceptsValidGrammar/Case0015_for_header (0 ms)
[ RUN      ] GrammarCombinations/ParserGrammarCorpusTest.AcceptsValidGrammar/Case0016_stmt
[       OK ] GrammarCombinations/ParserGrammarCorpusTest.AcceptsValidGrammar/Case0016_stmt (0 ms)
[ RUN      ] GrammarCombinations/ParserGrammarCorpusTest.AcceptsValidGrammar/Case0017_expr
[       OK ] GrammarCombinations/ParserGrammarCorpusTest.AcceptsValidGrammar/Case0017_expr (0 ms)
[ RUN      ] GrammarCombinations/ParserGrammarCorpusTest.AcceptsValidGrammar/Case0018_expr
[       OK ] GrammarCombinations/ParserGrammarCorpusTest.AcceptsValidGrammar/Case0018_expr (0 ms)
[ RUN      ] GrammarCombinations/ParserGrammarCorpusTest.AcceptsValidGrammar/Case0019_type_expr
[       OK ] GrammarCombinations/ParserGrammarCorpusTest.AcceptsValidGrammar/Case0019_type_expr (0 ms)
[ RUN      ] GrammarCombinations/ParserGrammarCorpusTest.AcceptsValidGrammar/Case0020_pattern
[       OK ] GrammarCombinations/ParserGrammarCorpusTest.AcceptsValidGrammar/Case0020_pattern (0 ms)
[ RUN      ] GrammarCombinations/ParserGrammarCorpusTest.AcceptsValidGrammar/Case0021_binding_pattern
[       OK ] GrammarCombinations/ParserGrammarCorpusTest.AcceptsValidGrammar/Case0021_binding_pattern (0 ms)
[ RUN      ] GrammarCombinations/ParserGrammarCorpusTest.AcceptsValidGrammar/Case0022_decl
[       OK ] GrammarCombinations/ParserGrammarCorpusTest.AcceptsValidGrammar/Case0022_decl (0 ms)
[ RUN      ] GrammarCombinations/ParserGrammarCorpusTest.AcceptsValidGrammar/Case0023_for_header
[       OK ] GrammarCombinations/ParserGrammarCorpusTest.AcceptsValidGrammar/Case0023_for_header (0 ms)
[ RUN      ] GrammarCombinations/ParserGrammarCorpusTest.AcceptsValidGrammar/Case0024_stmt
[       OK ] GrammarCombinations/ParserGrammarCorpusTest.AcceptsValidGrammar/Case0024_stmt (0 ms)
[ RUN      ] GrammarCombinations/ParserGrammarCorpusTest.AcceptsValidGrammar/Case0025_expr
[       OK ] GrammarCombinations/ParserGrammarCorpusTest.AcceptsValidGrammar/Case0025_expr (0 ms)
[ RUN      ] GrammarCombinations/ParserGrammarCorpusTest.AcceptsValidGrammar/Case0026_expr
[       OK ] GrammarCombinations/ParserGrammarCorpusTest.AcceptsValidGrammar/Case0026_expr (0 ms)
[ RUN      ] GrammarCombinations/ParserGrammarCorpusTest.AcceptsValidGrammar/Case0027_type_expr
[       OK ] GrammarCombinations/ParserGrammarCorpusTest.AcceptsValidGrammar/Case0027_type_expr (0 ms)
[ RUN      ] GrammarCombinations/ParserGrammarCorpusTest.AcceptsValidGrammar/Case0028_pattern
[       OK ] GrammarCombinations/ParserGrammarCorpusTest.AcceptsValidGrammar/Case0028_pattern (0 ms)
[ RUN      ] GrammarCombinations/ParserGrammarCorpusTest.AcceptsValidGrammar/Case0029_binding_pattern
[       OK ] GrammarCombinations/ParserGrammarCorpusTest.AcceptsValidGrammar/Case0029_binding_pattern (0 ms)
[ RUN      ] GrammarCombinations/ParserGrammarCorpusTest.AcceptsValidGrammar/Case0030_decl
[       OK ] GrammarCombinations/ParserGrammarCorpusTest.AcceptsValidGrammar/Case0030_decl (0 ms)
[ RUN      ] GrammarCombinations/ParserGrammarCorpusTest.AcceptsValidGrammar/Case0031_for_header
[       OK ] GrammarCombinations/ParserGrammarCorpusTest.AcceptsValidGrammar/Case0031_for_header (0 ms)
[ RUN      ] GrammarCombinations/ParserGrammarCorpusTest.AcceptsValidGrammar/Case0032_stmt
[       OK ] GrammarCombinations/ParserGrammarCorpusTest.AcceptsValidGrammar/Case0032_stmt (0 ms)
[ RUN      ] GrammarCombinations/ParserGrammarCorpusTest.AcceptsValidGrammar/Case0033_expr
[       OK ] GrammarCombinations/ParserGrammarCorpusTest.AcceptsValidGrammar/Case0033_expr (0 ms)
[ RUN      ] GrammarCombinations/ParserGrammarCorpusTest.AcceptsValidGrammar/Case0034_expr
[       OK ] GrammarCombinations/ParserGrammarCorpusTest.AcceptsValidGrammar/Case0034_expr (0 ms)
[ RUN      ] GrammarCombinations/ParserGrammarCorpusTest.AcceptsValidGrammar/Case0035_type_expr
[       OK ] GrammarCombinations/ParserGrammarCorpusTest.AcceptsValidGrammar/Case0035_type_expr (0 ms)
[ RUN      ] GrammarCombinations/ParserGrammarCorpusTest.AcceptsValidGrammar/Case0036_pattern
[       OK ] GrammarCombinations/ParserGrammarCorpusTest.AcceptsValidGrammar/Case0036_pattern (0 ms)
[ RUN      ] GrammarCombinations/ParserGrammarCorpusTest.AcceptsValidGrammar/Case0037_binding_pattern
[       OK ] GrammarCombinations/ParserGrammarCorpusTest.AcceptsValidGrammar/Case0037_binding_pattern (0 ms)
[ RUN      ] GrammarCombinations/ParserGrammarCorpusTest.AcceptsValidGrammar/Case0038_decl
[       OK ] GrammarCombinations/ParserGrammarCorpusTest.AcceptsValidGrammar/Case0038_decl (0 ms)
[ RUN      ] GrammarCombinations/ParserGrammarCorpusTest.AcceptsValidGrammar/Case0039_for_header
[       OK ] GrammarCombinations/ParserGrammarCorpusTest.AcceptsValidGrammar/Case0039_for_header (0 ms)
[ RUN      ] GrammarCombinations/ParserGrammarCorpusTest.AcceptsValidGrammar/Case0040_stmt
[       OK ] GrammarCombinations/ParserGrammarCorpusTest.AcceptsValidGrammar/Case0040_stmt (0 ms)
[ RUN      ] GrammarCombinations/ParserGrammarCorpusTest.AcceptsValidGrammar/Case0041_expr
[       OK ] GrammarCombinations/ParserGrammarCorpusTest.AcceptsValidGrammar/Case0041_expr (0 ms)
[ RUN      ] GrammarCombinations/ParserGrammarCorpusTest.AcceptsValidGrammar/Case0042_expr
[       OK ] GrammarCombinations/ParserGrammarCorpusTest.AcceptsValidGrammar/Case0042_expr (0 ms)
[ RUN      ] GrammarCombinations/ParserGrammarCorpusTest.AcceptsValidGrammar/Case0043_type_expr
[       OK ] GrammarCombinations/ParserGrammarCorpusTest.AcceptsValidGrammar/Case0043_type_expr (0 ms)
[ RUN      ] GrammarCombinations/ParserGrammarCorpusTest.AcceptsValidGrammar/Case0044_pattern
[       OK ] GrammarCombinations/ParserGrammarCorpusTest.AcceptsValidGrammar/Case0044_pattern (0 ms)
[ RUN      ] GrammarCombinations/ParserGrammarCorpusTest.AcceptsValidGrammar/Case0045_binding_pattern
[       OK ] GrammarCombinations/ParserGrammarCorpusTest.AcceptsValidGrammar/Case0045_binding_pattern (0 ms)
[ RUN      ] GrammarCombinations/ParserGrammarCorpusTest.AcceptsValidGrammar/Case0046_decl
[       OK ] GrammarCombinations/ParserGrammarCorpusTest.AcceptsValidGrammar/Case0046_decl (0 ms)
[ RUN      ] GrammarCombinations/ParserGrammarCorpusTest.AcceptsValidGrammar/Case0047_for_header
[       OK ] GrammarCombinations/ParserGrammarCorpusTest.AcceptsValidGrammar/Case0047_for_header (0 ms)
[ RUN      ] GrammarCombinations/ParserGrammarCorpusTest.AcceptsValidGrammar/Case0048_stmt
[       OK ] GrammarCombinations/ParserGrammarCorpusTest.AcceptsValidGrammar/Case0048_stmt (0 ms)
[ RUN      ] GrammarCombinations/ParserGrammarCorpusTest.AcceptsValidGrammar/Case0049_expr
[       OK ] GrammarCombinations/ParserGrammarCorpusTest.AcceptsValidGrammar/Case0049_expr (0 ms)
[ RUN      ] GrammarCombinations/ParserGrammarCorpusTest.AcceptsValidGrammar/Case0050_expr
[       OK ] GrammarCombinations/ParserGrammarCorpusTest.AcceptsValidGrammar/Case0050_expr (0 ms)
[ RUN      ] GrammarCombinations/ParserGrammarCorpusTest.AcceptsValidGrammar/Case0051_type_expr
[       OK ] GrammarCombinations/ParserGrammarCorpusTest.AcceptsValidGrammar/Case0051_type_expr (0 ms)
[ RUN      ] GrammarCombinations/ParserGrammarCorpusTest.AcceptsValidGrammar/Case0052_pattern
[       OK ] GrammarCombinations/ParserGrammarCorpusTest.AcceptsValidGrammar/Case0052_pattern (0 ms)
[ RUN      ] GrammarCombinations/ParserGrammarCorpusTest.AcceptsValidGrammar/Case0053_binding_pattern
[       OK ] GrammarCombinations/ParserGrammarCorpusTest.AcceptsValidGrammar/Case0053_binding_pattern (0 ms)
[ RUN      ] GrammarCombinations/ParserGrammarCorpusTest.AcceptsValidGrammar/Case0054_decl
[       OK ] GrammarCombinations/ParserGrammarCorpusTest.AcceptsValidGrammar/Case0054_decl (0 ms)
[ RUN      ] GrammarCombinations/ParserGrammarCorpusTest.AcceptsValidGrammar/Case0055_for_header
[       OK ] GrammarCombinations/ParserGrammarCorpusTest.AcceptsValidGrammar/Case0055_for_header (0 ms)
[ RUN      ] GrammarCombinations/ParserGrammarCorpusTest.AcceptsValidGrammar/Case0056_stmt
[       OK ] GrammarCombinations/ParserGrammarCorpusTest.AcceptsValidGrammar/Case0056_stmt (0 ms)
[ RUN      ] GrammarCombinations/ParserGrammarCorpusTest.AcceptsValidGrammar/Case0057_expr
[       OK ] GrammarCombinations/ParserGrammarCorpusTest.AcceptsValidGrammar/Case0057_expr (0 ms)
[ RUN      ] GrammarCombinations/ParserGrammarCorpusTest.AcceptsValidGrammar/Case0058_expr
[       OK ] GrammarCombinations/ParserGrammarCorpusTest.AcceptsValidGrammar/Case0058_expr (0 ms)
[ RUN      ] GrammarCombinations/ParserGrammarCorpusTest.AcceptsValidGrammar/Case0059_type_expr
[       OK ] GrammarCombinations/ParserGrammarCorpusTest.AcceptsValidGrammar/Case0059_type_expr (0 ms)
[ RUN      ] GrammarCombinations/ParserGrammarCorpusTest.AcceptsValidGrammar/Case0060_pattern
[       OK ] GrammarCombinations/ParserGrammarCorpusTest.AcceptsValidGrammar/Case0060_pattern (0 ms)
[ RUN      ] GrammarCombinations/ParserGrammarCorpusTest.AcceptsValidGrammar/Case0061_binding_pattern
[       OK ] GrammarCombinations/ParserGrammarCorpusTest.AcceptsValidGrammar/Case0061_binding_pattern (0 ms)
[ RUN      ] GrammarCombinations/ParserGrammarCorpusTest.AcceptsValidGrammar/Case0062_decl
[       OK ] GrammarCombinations/ParserGrammarCorpusTest.AcceptsValidGrammar/Case0062_decl (0 ms)
[ RUN      ] GrammarCombinations/ParserGrammarCorpusTest.AcceptsValidGrammar/Case0063_for_header
[       OK ] GrammarCombinations/ParserGrammarCorpusTest.AcceptsValidGrammar/Case0063_for_header (0 ms)
[ RUN      ] GrammarCombinations/ParserGrammarCorpusTest.AcceptsValidGrammar/Case0064_stmt
[       OK ] GrammarCombinations/ParserGrammarCorpusTest.AcceptsValidGrammar/Case0064_stmt (0 ms)
[ RUN      ] GrammarCombinations/ParserGrammarCorpusTest.AcceptsValidGrammar/Case0065_expr
[       OK ] GrammarCombinations/ParserGrammarCorpusTest.AcceptsValidGrammar/Case0065_expr (0 ms)
[ RUN      ] GrammarCombinations/ParserGrammarCorpusTest.AcceptsValidGrammar/Case0066_expr
[       OK ] GrammarCombinations/ParserGrammarCorpusTest.AcceptsValidGrammar/Case0066_expr (0 ms)
[ RUN      ] GrammarCombinations/ParserGrammarCorpusTest.AcceptsValidGrammar/Case0067_type_expr
[       OK ] GrammarCombinations/ParserGrammarCorpusTest.AcceptsValidGrammar/Case0067_type_expr (0 ms)
[ RUN      ] GrammarCombinations/ParserGrammarCorpusTest.AcceptsValidGrammar/Case0068_pattern
[       OK ] GrammarCombinations/ParserGrammarCorpusTest.AcceptsValidGrammar/Case0068_pattern (0 ms)
[ RUN      ] GrammarCombinations/ParserGrammarCorpusTest.AcceptsValidGrammar/Case0069_binding_pattern
[       OK ] GrammarCombinations/ParserGrammarCorpusTest.AcceptsValidGrammar/Case0069_binding_pattern (0 ms)
[ RUN      ] GrammarCombinations/ParserGrammarCorpusTest.AcceptsValidGrammar/Case0070_decl
[       OK ] GrammarCombinations/ParserGrammarCorpusTest.AcceptsValidGrammar/Case0070_decl (0 ms)
[ RUN      ] GrammarCombinations/ParserGrammarCorpusTest.AcceptsValidGrammar/Case0071_for_header
[       OK ] GrammarCombinations/ParserGrammarCorpusTest.AcceptsValidGrammar/Case0071_for_header (0 ms)
[ RUN      ] GrammarCombinations/ParserGrammarCorpusTest.AcceptsValidGrammar/Case0072_stmt
[       OK ] GrammarCombinations/ParserGrammarCorpusTest.AcceptsValidGrammar/Case0072_stmt (0 ms)
[ RUN      ] GrammarCombinations/ParserGrammarCorpusTest.AcceptsValidGrammar/Case0073_expr
[       OK ] GrammarCombinations/ParserGrammarCorpusTest.AcceptsValidGrammar/Case0073_expr (0 ms)
[ RUN      ] GrammarCombinations/ParserGrammarCorpusTest.AcceptsValidGrammar/Case0074_expr
[       OK ] GrammarCombinations/ParserGrammarCorpusTest.AcceptsValidGrammar/Case0074_expr (0 ms)
[ RUN      ] GrammarCombinations/ParserGrammarCorpusTest.AcceptsValidGrammar/Case0075_type_expr
[       OK ] GrammarCombinations/ParserGrammarCorpusTest.AcceptsValidGrammar/Case0075_type_expr (0 ms)
[ RUN      ] GrammarCombinations/ParserGrammarCorpusTest.AcceptsValidGrammar/Case0076_pattern
[       OK ] GrammarCombinations/ParserGrammarCorpusTest.AcceptsValidGrammar/Case0076_pattern (0 ms)
[ RUN      ] GrammarCombinations/ParserGrammarCorpusTest.AcceptsValidGrammar/Case0077_binding_pattern
[       OK ] GrammarCombinations/ParserGrammarCorpusTest.AcceptsValidGrammar/Case0077_binding_pattern (0 ms)
[ RUN      ] GrammarCombinations/ParserGrammarCorpusTest.AcceptsValidGrammar/Case0078_decl
[       OK ] GrammarCombinations/ParserGrammarCorpusTest.AcceptsValidGrammar/Case0078_decl (0 ms)
[ RUN      ] GrammarCombinations/ParserGrammarCorpusTest.AcceptsValidGrammar/Case0079_for_header
[       OK ] GrammarCombinations/ParserGrammarCorpusTest.AcceptsValidGrammar/Case0079_for_header (0 ms)
[ RUN      ] GrammarCombinations/ParserGrammarCorpusTest.AcceptsValidGrammar/Case0080_stmt
[       OK ] GrammarCombinations/ParserGrammarCorpusTest.AcceptsValidGrammar/Case0080_stmt (0 ms)
[ RUN      ] GrammarCombinations/ParserGrammarCorpusTest.AcceptsValidGrammar/Case0081_expr
[       OK ] GrammarCombinations/ParserGrammarCorpusTest.AcceptsValidGrammar/Case0081_expr (0 ms)
[ RUN      ] GrammarCombinations/ParserGrammarCorpusTest.AcceptsValidGrammar/Case0082_expr
[       OK ] GrammarCombinations/ParserGrammarCorpusTest.AcceptsValidGrammar/Case0082_expr (0 ms)
[ RUN      ] GrammarCombinations/ParserGrammarCorpusTest.AcceptsValidGrammar/Case0083_type_expr
[       OK ] GrammarCombinations/ParserGrammarCorpusTest.AcceptsValidGrammar/Case0083_type_expr (0 ms)
[ RUN      ] GrammarCombinations/ParserGrammarCorpusTest.AcceptsValidGrammar/Case0084_pattern
[       OK ] GrammarCombinations/ParserGrammarCorpusTest.AcceptsValidGrammar/Case0084_pattern (0 ms)
[ RUN      ] GrammarCombinations/ParserGrammarCorpusTest.AcceptsValidGrammar/Case0085_binding_pattern
[       OK ] GrammarCombinations/ParserGrammarCorpusTest.AcceptsValidGrammar/Case0085_binding_pattern (0 ms)
[ RUN      ] GrammarCombinations/ParserGrammarCorpusTest.AcceptsValidGrammar/Case0086_decl
[       OK ] GrammarCombinations/ParserGrammarCorpusTest.AcceptsValidGrammar/Case0086_decl (0 ms)
[ RUN      ] GrammarCombinations/ParserGrammarCorpusTest.AcceptsValidGrammar/Case0087_for_header
[       OK ] GrammarCombinations/ParserGrammarCorpusTest.AcceptsValidGrammar/Case0087_for_header (0 ms)
[ RUN      ] GrammarCombinations/ParserGrammarCorpusTest.AcceptsValidGrammar/Case0088_stmt
[       OK ] GrammarCombinations/ParserGrammarCorpusTest.AcceptsValidGrammar/Case0088_stmt (0 ms)
[ RUN      ] GrammarCombinations/ParserGrammarCorpusTest.AcceptsValidGrammar/Case0089_expr
[       OK ] GrammarCombinations/ParserGrammarCorpusTest.AcceptsValidGrammar/Case0089_expr (0 ms)
[ RUN      ] GrammarCombinations/ParserGrammarCorpusTest.AcceptsValidGrammar/Case0090_expr
[       OK ] GrammarCombinations/ParserGrammarCorpusTest.AcceptsValidGrammar/Case0090_expr (0 ms)
[ RUN      ] GrammarCombinations/ParserGrammarCorpusTest.AcceptsValidGrammar/Case0091_type_expr
[       OK ] GrammarCombinations/ParserGrammarCorpusTest.AcceptsValidGrammar/Case0091_type_expr (0 ms)
[ RUN      ] GrammarCombinations/ParserGrammarCorpusTest.AcceptsValidGrammar/Case0092_pattern
[       OK ] GrammarCombinations/ParserGrammarCorpusTest.AcceptsValidGrammar/Case0092_pattern (0 ms)
[ RUN      ] GrammarCombinations/ParserGrammarCorpusTest.AcceptsValidGrammar/Case0093_binding_pattern
[       OK ] GrammarCombinations/ParserGrammarCorpusTest.AcceptsValidGrammar/Case0093_binding_pattern (0 ms)
[ RUN      ] GrammarCombinations/ParserGrammarCorpusTest.AcceptsValidGrammar/Case0094_decl
[       OK ] GrammarCombinations/ParserGrammarCorpusTest.AcceptsValidGrammar/Case0094_decl (0 ms)
[ RUN      ] GrammarCombinations/ParserGrammarCorpusTest.AcceptsValidGrammar/Case0095_for_header
[       OK ] GrammarCombinations/ParserGrammarCorpusTest.AcceptsValidGrammar/Case0095_for_header (0 ms)
[ RUN      ] GrammarCombinations/ParserGrammarCorpusTest.AcceptsValidGrammar/Case0096_stmt
[       OK ] GrammarCombinations/ParserGrammarCorpusTest.AcceptsValidGrammar/Case0096_stmt (0 ms)
[ RUN      ] GrammarCombinations/ParserGrammarCorpusTest.AcceptsValidGrammar/Case0097_expr
[       OK ] GrammarCombinations/ParserGrammarCorpusTest.AcceptsValidGrammar/Case0097_expr (0 ms)
[ RUN      ] GrammarCombinations/ParserGrammarCorpusTest.AcceptsValidGrammar/Case0098_expr
[       OK ] GrammarCombinations/ParserGrammarCorpusTest.AcceptsValidGrammar/Case0098_expr (0 ms)
[ RUN      ] GrammarCombinations/ParserGrammarCorpusTest.AcceptsValidGrammar/Case0099_type_expr
[       OK ] GrammarCombinations/ParserGrammarCorpusTest.AcceptsValidGrammar/Case0099_type_expr (0 ms)
[ RUN      ] GrammarCombinations/ParserGrammarCorpusTest.AcceptsValidGrammar/Case0100_pattern
[       OK ] GrammarCombinations/ParserGrammarCorpusTest.AcceptsValidGrammar/Case0100_pattern (0 ms)
[ RUN      ] GrammarCombinations/ParserGrammarCorpusTest.AcceptsValidGrammar/Case0101_binding_pattern
[       OK ] GrammarCombinations/ParserGrammarCorpusTest.AcceptsValidGrammar/Case0101_binding_pattern (0 ms)
[ RUN      ] GrammarCombinations/ParserGrammarCorpusTest.AcceptsValidGrammar/Case0102_decl
[       OK ] GrammarCombinations/ParserGrammarCorpusTest.AcceptsValidGrammar/Case0102_decl (0 ms)
[ RUN      ] GrammarCombinations/ParserGrammarCorpusTest.AcceptsValidGrammar/Case0103_for_header
[       OK ] GrammarCombinations/ParserGrammarCorpusTest.AcceptsValidGrammar/Case0103_for_header (0 ms)
[ RUN      ] GrammarCombinations/ParserGrammarCorpusTest.AcceptsValidGrammar/Case0104_stmt
[       OK ] GrammarCombinations/ParserGrammarCorpusTest.AcceptsValidGrammar/Case0104_stmt (0 ms)
[ RUN      ] GrammarCombinations/ParserGrammarCorpusTest.AcceptsValidGrammar/Case0105_expr
[       OK ] GrammarCombinations/ParserGrammarCorpusTest.AcceptsValidGrammar/Case0105_expr (0 ms)
[ RUN      ] GrammarCombinations/ParserGrammarCorpusTest.AcceptsValidGrammar/Case0106_expr
[       OK ] GrammarCombinations/ParserGrammarCorpusTest.AcceptsValidGrammar/Case0106_expr (0 ms)
[ RUN      ] GrammarCombinations/ParserGrammarCorpusTest.AcceptsValidGrammar/Case0107_type_expr
[       OK ] GrammarCombinations/ParserGrammarCorpusTest.AcceptsValidGrammar/Case0107_type_expr (0 ms)
[ RUN      ] GrammarCombinations/ParserGrammarCorpusTest.AcceptsValidGrammar/Case0108_pattern
[       OK ] GrammarCombinations/ParserGrammarCorpusTest.AcceptsValidGrammar/Case0108_pattern (0 ms)
[ RUN      ] GrammarCombinations/ParserGrammarCorpusTest.AcceptsValidGrammar/Case0109_binding_pattern
[       OK ] GrammarCombinations/ParserGrammarCorpusTest.AcceptsValidGrammar/Case0109_binding_pattern (0 ms)
[ RUN      ] GrammarCombinations/ParserGrammarCorpusTest.AcceptsValidGrammar/Case0110_decl
[       OK ] GrammarCombinations/ParserGrammarCorpusTest.AcceptsValidGrammar/Case0110_decl (0 ms)
[ RUN      ] GrammarCombinations/ParserGrammarCorpusTest.AcceptsValidGrammar/Case0111_for_header
[       OK ] GrammarCombinations/ParserGrammarCorpusTest.AcceptsValidGrammar/Case0111_for_header (0 ms)
[ RUN      ] GrammarCombinations/ParserGrammarCorpusTest.AcceptsValidGrammar/Case0112_stmt
[       OK ] GrammarCombinations/ParserGrammarCorpusTest.AcceptsValidGrammar/Case0112_stmt (0 ms)
[ RUN      ] GrammarCombinations/ParserGrammarCorpusTest.AcceptsValidGrammar/Case0113_expr
[       OK ] GrammarCombinations/ParserGrammarCorpusTest.AcceptsValidGrammar/Case0113_expr (0 ms)
[ RUN      ] GrammarCombinations/ParserGrammarCorpusTest.AcceptsValidGrammar/Case0114_expr
[       OK ] GrammarCombinations/ParserGrammarCorpusTest.AcceptsValidGrammar/Case0114_expr (0 ms)
[ RUN      ] GrammarCombinations/ParserGrammarCorpusTest.AcceptsValidGrammar/Case0115_type_expr
[       OK ] GrammarCombinations/ParserGrammarCorpusTest.AcceptsValidGrammar/Case0115_type_expr (0 ms)
[ RUN      ] GrammarCombinations/ParserGrammarCorpusTest.AcceptsValidGrammar/Case0116_pattern
[       OK ] GrammarCombinations/ParserGrammarCorpusTest.AcceptsValidGrammar/Case0116_pattern (0 ms)
[ RUN      ] GrammarCombinations/ParserGrammarCorpusTest.AcceptsValidGrammar/Case0117_binding_pattern
[       OK ] GrammarCombinations/ParserGrammarCorpusTest.AcceptsValidGrammar/Case0117_binding_pattern (0 ms)
[ RUN      ] GrammarCombinations/ParserGrammarCorpusTest.AcceptsValidGrammar/Case0118_decl
[       OK ] GrammarCombinations/ParserGrammarCorpusTest.AcceptsValidGrammar/Case0118_decl (0 ms)
[ RUN      ] GrammarCombinations/ParserGrammarCorpusTest.AcceptsValidGrammar/Case0119_for_header
[       OK ] GrammarCombinations/ParserGrammarCorpusTest.AcceptsValidGrammar/Case0119_for_header (0 ms)
[ RUN      ] GrammarCombinations/ParserGrammarCorpusTest.AcceptsValidGrammar/Case0120_stmt
[       OK ] GrammarCombinations/ParserGrammarCorpusTest.AcceptsValidGrammar/Case0120_stmt (0 ms)
[ RUN      ] GrammarCombinations/ParserGrammarCorpusTest.AcceptsValidGrammar/Case0121_expr
[       OK ] GrammarCombinations/ParserGrammarCorpusTest.AcceptsValidGrammar/Case0121_expr (0 ms)
[ RUN      ] GrammarCombinations/ParserGrammarCorpusTest.AcceptsValidGrammar/Case0122_expr
[       OK ] GrammarCombinations/ParserGrammarCorpusTest.AcceptsValidGrammar/Case0122_expr (0 ms)
[ RUN      ] GrammarCombinations/ParserGrammarCorpusTest.AcceptsValidGrammar/Case0123_type_expr
[       OK ] GrammarCombinations/ParserGrammarCorpusTest.AcceptsValidGrammar/Case0123_type_expr (0 ms)
[ RUN      ] GrammarCombinations/ParserGrammarCorpusTest.AcceptsValidGrammar/Case0124_pattern
[       OK ] GrammarCombinations/ParserGrammarCorpusTest.AcceptsValidGrammar/Case0124_pattern (0 ms)
[ RUN      ] GrammarCombinations/ParserGrammarCorpusTest.AcceptsValidGrammar/Case0125_binding_pattern
[       OK ] GrammarCombinations/ParserGrammarCorpusTest.AcceptsValidGrammar/Case0125_binding_pattern (0 ms)
[ RUN      ] GrammarCombinations/ParserGrammarCorpusTest.AcceptsValidGrammar/Case0126_decl
[       OK ] GrammarCombinations/ParserGrammarCorpusTest.AcceptsValidGrammar/Case0126_decl (0 ms)
[ RUN      ] GrammarCombinations/ParserGrammarCorpusTest.AcceptsValidGrammar/Case0127_for_header
[       OK ] GrammarCombinations/ParserGrammarCorpusTest.AcceptsValidGrammar/Case0127_for_header (0 ms)
[ RUN      ] GrammarCombinations/ParserGrammarCorpusTest.AcceptsValidGrammar/Case0128_stmt
[       OK ] GrammarCombinations/ParserGrammarCorpusTest.AcceptsValidGrammar/Case0128_stmt (0 ms)
[ RUN      ] GrammarCombinations/ParserGrammarCorpusTest.AcceptsValidGrammar/Case0129_expr
[       OK ] GrammarCombinations/ParserGrammarCorpusTest.AcceptsValidGrammar/Case0129_expr (0 ms)
[ RUN      ] GrammarCombinations/ParserGrammarCorpusTest.AcceptsValidGrammar/Case0130_expr
[       OK ] GrammarCombinations/ParserGrammarCorpusTest.AcceptsValidGrammar/Case0130_expr (0 ms)
[ RUN      ] GrammarCombinations/ParserGrammarCorpusTest.AcceptsValidGrammar/Case0131_type_expr
[       OK ] GrammarCombinations/ParserGrammarCorpusTest.AcceptsValidGrammar/Case0131_type_expr (0 ms)
[ RUN      ] GrammarCombinations/ParserGrammarCorpusTest.AcceptsValidGrammar/Case0132_pattern
[       OK ] GrammarCombinations/ParserGrammarCorpusTest.AcceptsValidGrammar/Case0132_pattern (0 ms)
[ RUN      ] GrammarCombinations/ParserGrammarCorpusTest.AcceptsValidGrammar/Case0133_binding_pattern
[       OK ] GrammarCombinations/ParserGrammarCorpusTest.AcceptsValidGrammar/Case0133_binding_pattern (0 ms)
[ RUN      ] GrammarCombinations/ParserGrammarCorpusTest.AcceptsValidGrammar/Case0134_decl
[       OK ] GrammarCombinations/ParserGrammarCorpusTest.AcceptsValidGrammar/Case0134_decl (0 ms)
[ RUN      ] GrammarCombinations/ParserGrammarCorpusTest.AcceptsValidGrammar/Case0135_for_header
[       OK ] GrammarCombinations/ParserGrammarCorpusTest.AcceptsValidGrammar/Case0135_for_header (0 ms)
[ RUN      ] GrammarCombinations/ParserGrammarCorpusTest.AcceptsValidGrammar/Case0136_stmt
[       OK ] GrammarCombinations/ParserGrammarCorpusTest.AcceptsValidGrammar/Case0136_stmt (0 ms)
[ RUN      ] GrammarCombinations/ParserGrammarCorpusTest.AcceptsValidGrammar/Case0137_expr
[       OK ] GrammarCombinations/ParserGrammarCorpusTest.AcceptsValidGrammar/Case0137_expr (0 ms)
[ RUN      ] GrammarCombinations/ParserGrammarCorpusTest.AcceptsValidGrammar/Case0138_expr
[       OK ] GrammarCombinations/ParserGrammarCorpusTest.AcceptsValidGrammar/Case0138_expr (0 ms)
[ RUN      ] GrammarCombinations/ParserGrammarCorpusTest.AcceptsValidGrammar/Case0139_type_expr
[       OK ] GrammarCombinations/ParserGrammarCorpusTest.AcceptsValidGrammar/Case0139_type_expr (0 ms)
[ RUN      ] GrammarCombinations/ParserGrammarCorpusTest.AcceptsValidGrammar/Case0140_pattern
[       OK ] GrammarCombinations/ParserGrammarCorpusTest.AcceptsValidGrammar/Case0140_pattern (0 ms)
[ RUN      ] GrammarCombinations/ParserGrammarCorpusTest.AcceptsValidGrammar/Case0141_binding_pattern
[       OK ] GrammarCombinations/ParserGrammarCorpusTest.AcceptsValidGrammar/Case0141_binding_pattern (0 ms)
[ RUN      ] GrammarCombinations/ParserGrammarCorpusTest.AcceptsValidGrammar/Case0142_decl
[       OK ] GrammarCombinations/ParserGrammarCorpusTest.AcceptsValidGrammar/Case0142_decl (0 ms)
[ RUN      ] GrammarCombinations/ParserGrammarCorpusTest.AcceptsValidGrammar/Case0143_for_header
[       OK ] GrammarCombinations/ParserGrammarCorpusTest.AcceptsValidGrammar/Case0143_for_header (0 ms)
[ RUN      ] GrammarCombinations/ParserGrammarCorpusTest.AcceptsValidGrammar/Case0144_stmt
[       OK ] GrammarCombinations/ParserGrammarCorpusTest.AcceptsValidGrammar/Case0144_stmt (0 ms)
[ RUN      ] GrammarCombinations/ParserGrammarCorpusTest.AcceptsValidGrammar/Case0145_expr
[       OK ] GrammarCombinations/ParserGrammarCorpusTest.AcceptsValidGrammar/Case0145_expr (0 ms)
[ RUN      ] GrammarCombinations/ParserGrammarCorpusTest.AcceptsValidGrammar/Case0146_expr
[       OK ] GrammarCombinations/ParserGrammarCorpusTest.AcceptsValidGrammar/Case0146_expr (0 ms)
[ RUN      ] GrammarCombinations/ParserGrammarCorpusTest.AcceptsValidGrammar/Case0147_type_expr
[       OK ] GrammarCombinations/ParserGrammarCorpusTest.AcceptsValidGrammar/Case0147_type_expr (0 ms)
[ RUN      ] GrammarCombinations/ParserGrammarCorpusTest.AcceptsValidGrammar/Case0148_pattern
[       OK ] GrammarCombinations/ParserGrammarCorpusTest.AcceptsValidGrammar/Case0148_pattern (0 ms)
[ RUN      ] GrammarCombinations/ParserGrammarCorpusTest.AcceptsValidGrammar/Case0149_binding_pattern
[       OK ] GrammarCombinations/ParserGrammarCorpusTest.AcceptsValidGrammar/Case0149_binding_pattern (0 ms)
[ RUN      ] GrammarCombinations/ParserGrammarCorpusTest.AcceptsValidGrammar/Case0150_decl
[       OK ] GrammarCombinations/ParserGrammarCorpusTest.AcceptsValidGrammar/Case0150_decl (0 ms)
[ RUN      ] GrammarCombinations/ParserGrammarCorpusTest.AcceptsValidGrammar/Case0151_for_header
[       OK ] GrammarCombinations/ParserGrammarCorpusTest.AcceptsValidGrammar/Case0151_for_header (0 ms)
[ RUN      ] GrammarCombinations/ParserGrammarCorpusTest.AcceptsValidGrammar/Case0152_stmt
[       OK ] GrammarCombinations/ParserGrammarCorpusTest.AcceptsValidGrammar/Case0152_stmt (0 ms)
[ RUN      ] GrammarCombinations/ParserGrammarCorpusTest.AcceptsValidGrammar/Case0153_expr
[       OK ] GrammarCombinations/ParserGrammarCorpusTest.AcceptsValidGrammar/Case0153_expr (0 ms)
[ RUN      ] GrammarCombinations/ParserGrammarCorpusTest.AcceptsValidGrammar/Case0154_expr
[       OK ] GrammarCombinations/ParserGrammarCorpusTest.AcceptsValidGrammar/Case0154_expr (0 ms)
[ RUN      ] GrammarCombinations/ParserGrammarCorpusTest.AcceptsValidGrammar/Case0155_type_expr
[       OK ] GrammarCombinations/ParserGrammarCorpusTest.AcceptsValidGrammar/Case0155_type_expr (0 ms)
[ RUN      ] GrammarCombinations/ParserGrammarCorpusTest.AcceptsValidGrammar/Case0156_pattern
[       OK ] GrammarCombinations/ParserGrammarCorpusTest.AcceptsValidGrammar/Case0156_pattern (0 ms)
[ RUN      ] GrammarCombinations/ParserGrammarCorpusTest.AcceptsValidGrammar/Case0157_binding_pattern
[       OK ] GrammarCombinations/ParserGrammarCorpusTest.AcceptsValidGrammar/Case0157_binding_pattern (0 ms)
[ RUN      ] GrammarCombinations/ParserGrammarCorpusTest.AcceptsValidGrammar/Case0158_decl
[       OK ] GrammarCombinations/ParserGrammarCorpusTest.AcceptsValidGrammar/Case0158_decl (0 ms)
[ RUN      ] GrammarCombinations/ParserGrammarCorpusTest.AcceptsValidGrammar/Case0159_for_header
[       OK ] GrammarCombinations/ParserGrammarCorpusTest.AcceptsValidGrammar/Case0159_for_header (0 ms)
[ RUN      ] GrammarCombinations/ParserGrammarCorpusTest.AcceptsValidGrammar/Case0160_stmt
[       OK ] GrammarCombinations/ParserGrammarCorpusTest.AcceptsValidGrammar/Case0160_stmt (0 ms)
[ RUN      ] GrammarCombinations/ParserGrammarCorpusTest.AcceptsValidGrammar/Case0161_expr
[       OK ] GrammarCombinations/ParserGrammarCorpusTest.AcceptsValidGrammar/Case0161_expr (0 ms)
[ RUN      ] GrammarCombinations/ParserGrammarCorpusTest.AcceptsValidGrammar/Case0162_expr
[       OK ] GrammarCombinations/ParserGrammarCorpusTest.AcceptsValidGrammar/Case0162_expr (0 ms)
[ RUN      ] GrammarCombinations/ParserGrammarCorpusTest.AcceptsValidGrammar/Case0163_type_expr
[       OK ] GrammarCombinations/ParserGrammarCorpusTest.AcceptsValidGrammar/Case0163_type_expr (0 ms)
[ RUN      ] GrammarCombinations/ParserGrammarCorpusTest.AcceptsValidGrammar/Case0164_pattern
[       OK ] GrammarCombinations/ParserGrammarCorpusTest.AcceptsValidGrammar/Case0164_pattern (0 ms)
[ RUN      ] GrammarCombinations/ParserGrammarCorpusTest.AcceptsValidGrammar/Case0165_binding_pattern
[       OK ] GrammarCombinations/ParserGrammarCorpusTest.AcceptsValidGrammar/Case0165_binding_pattern (0 ms)
[ RUN      ] GrammarCombinations/ParserGrammarCorpusTest.AcceptsValidGrammar/Case0166_decl
[       OK ] GrammarCombinations/ParserGrammarCorpusTest.AcceptsValidGrammar/Case0166_decl (0 ms)
[ RUN      ] GrammarCombinations/ParserGrammarCorpusTest.AcceptsValidGrammar/Case0167_for_header
[       OK ] GrammarCombinations/ParserGrammarCorpusTest.AcceptsValidGrammar/Case0167_for_header (0 ms)
[ RUN      ] GrammarCombinations/ParserGrammarCorpusTest.AcceptsValidGrammar/Case0168_stmt
[       OK ] GrammarCombinations/ParserGrammarCorpusTest.AcceptsValidGrammar/Case0168_stmt (0 ms)
[ RUN      ] GrammarCombinations/ParserGrammarCorpusTest.AcceptsValidGrammar/Case0169_expr
[       OK ] GrammarCombinations/ParserGrammarCorpusTest.AcceptsValidGrammar/Case0169_expr (0 ms)
[ RUN      ] GrammarCombinations/ParserGrammarCorpusTest.AcceptsValidGrammar/Case0170_expr
[       OK ] GrammarCombinations/ParserGrammarCorpusTest.AcceptsValidGrammar/Case0170_expr (0 ms)
[ RUN      ] GrammarCombinations/ParserGrammarCorpusTest.AcceptsValidGrammar/Case0171_type_expr
[       OK ] GrammarCombinations/ParserGrammarCorpusTest.AcceptsValidGrammar/Case0171_type_expr (0 ms)
[ RUN      ] GrammarCombinations/ParserGrammarCorpusTest.AcceptsValidGrammar/Case0172_pattern
[       OK ] GrammarCombinations/ParserGrammarCorpusTest.AcceptsValidGrammar/Case0172_pattern (0 ms)
[ RUN      ] GrammarCombinations/ParserGrammarCorpusTest.AcceptsValidGrammar/Case0173_binding_pattern
[       OK ] GrammarCombinations/ParserGrammarCorpusTest.AcceptsValidGrammar/Case0173_binding_pattern (0 ms)
[ RUN      ] GrammarCombinations/ParserGrammarCorpusTest.AcceptsValidGrammar/Case0174_decl
[       OK ] GrammarCombinations/ParserGrammarCorpusTest.AcceptsValidGrammar/Case0174_decl (0 ms)
[ RUN      ] GrammarCombinations/ParserGrammarCorpusTest.AcceptsValidGrammar/Case0175_for_header
[       OK ] GrammarCombinations/ParserGrammarCorpusTest.AcceptsValidGrammar/Case0175_for_header (0 ms)
[ RUN      ] GrammarCombinations/ParserGrammarCorpusTest.AcceptsValidGrammar/Case0176_stmt
[       OK ] GrammarCombinations/ParserGrammarCorpusTest.AcceptsValidGrammar/Case0176_stmt (0 ms)
[ RUN      ] GrammarCombinations/ParserGrammarCorpusTest.AcceptsValidGrammar/Case0177_expr
[       OK ] GrammarCombinations/ParserGrammarCorpusTest.AcceptsValidGrammar/Case0177_expr (0 ms)
[ RUN      ] GrammarCombinations/ParserGrammarCorpusTest.AcceptsValidGrammar/Case0178_expr
[       OK ] GrammarCombinations/ParserGrammarCorpusTest.AcceptsValidGrammar/Case0178_expr (0 ms)
[ RUN      ] GrammarCombinations/ParserGrammarCorpusTest.AcceptsValidGrammar/Case0179_type_expr
[       OK ] GrammarCombinations/ParserGrammarCorpusTest.AcceptsValidGrammar/Case0179_type_expr (0 ms)
[ RUN      ] GrammarCombinations/ParserGrammarCorpusTest.AcceptsValidGrammar/Case0180_pattern
[       OK ] GrammarCombinations/ParserGrammarCorpusTest.AcceptsValidGrammar/Case0180_pattern (0 ms)
[ RUN      ] GrammarCombinations/ParserGrammarCorpusTest.AcceptsValidGrammar/Case0181_binding_pattern
[       OK ] GrammarCombinations/ParserGrammarCorpusTest.AcceptsValidGrammar/Case0181_binding_pattern (0 ms)
[ RUN      ] GrammarCombinations/ParserGrammarCorpusTest.AcceptsValidGrammar/Case0182_decl
[       OK ] GrammarCombinations/ParserGrammarCorpusTest.AcceptsValidGrammar/Case0182_decl (0 ms)
[ RUN      ] GrammarCombinations/ParserGrammarCorpusTest.AcceptsValidGrammar/Case0183_for_header
[       OK ] GrammarCombinations/ParserGrammarCorpusTest.AcceptsValidGrammar/Case0183_for_header (0 ms)
[ RUN      ] GrammarCombinations/ParserGrammarCorpusTest.AcceptsValidGrammar/Case0184_stmt
[       OK ] GrammarCombinations/ParserGrammarCorpusTest.AcceptsValidGrammar/Case0184_stmt (0 ms)
[ RUN      ] GrammarCombinations/ParserGrammarCorpusTest.AcceptsValidGrammar/Case0185_expr
[       OK ] GrammarCombinations/ParserGrammarCorpusTest.AcceptsValidGrammar/Case0185_expr (0 ms)
[ RUN      ] GrammarCombinations/ParserGrammarCorpusTest.AcceptsValidGrammar/Case0186_expr
[       OK ] GrammarCombinations/ParserGrammarCorpusTest.AcceptsValidGrammar/Case0186_expr (0 ms)
[ RUN      ] GrammarCombinations/ParserGrammarCorpusTest.AcceptsValidGrammar/Case0187_type_expr
[       OK ] GrammarCombinations/ParserGrammarCorpusTest.AcceptsValidGrammar/Case0187_type_expr (0 ms)
[ RUN      ] GrammarCombinations/ParserGrammarCorpusTest.AcceptsValidGrammar/Case0188_pattern
[       OK ] GrammarCombinations/ParserGrammarCorpusTest.AcceptsValidGrammar/Case0188_pattern (0 ms)
[ RUN      ] GrammarCombinations/ParserGrammarCorpusTest.AcceptsValidGrammar/Case0189_binding_pattern
[       OK ] GrammarCombinations/ParserGrammarCorpusTest.AcceptsValidGrammar/Case0189_binding_pattern (0 ms)
[ RUN      ] GrammarCombinations/ParserGrammarCorpusTest.AcceptsValidGrammar/Case0190_decl
[       OK ] GrammarCombinations/ParserGrammarCorpusTest.AcceptsValidGrammar/Case0190_decl (0 ms)
[ RUN      ] GrammarCombinations/ParserGrammarCorpusTest.AcceptsValidGrammar/Case0191_for_header
[       OK ] GrammarCombinations/ParserGrammarCorpusTest.AcceptsValidGrammar/Case0191_for_header (0 ms)
[ RUN      ] GrammarCombinations/ParserGrammarCorpusTest.AcceptsValidGrammar/Case0192_stmt
[       OK ] GrammarCombinations/ParserGrammarCorpusTest.AcceptsValidGrammar/Case0192_stmt (0 ms)
[ RUN      ] GrammarCombinations/ParserGrammarCorpusTest.AcceptsValidGrammar/Case0193_expr
[       OK ] GrammarCombinations/ParserGrammarCorpusTest.AcceptsValidGrammar/Case0193_expr (0 ms)
[ RUN      ] GrammarCombinations/ParserGrammarCorpusTest.AcceptsValidGrammar/Case0194_expr
[       OK ] GrammarCombinations/ParserGrammarCorpusTest.AcceptsValidGrammar/Case0194_expr (0 ms)
[ RUN      ] GrammarCombinations/ParserGrammarCorpusTest.AcceptsValidGrammar/Case0195_type_expr
[       OK ] GrammarCombinations/ParserGrammarCorpusTest.AcceptsValidGrammar/Case0195_type_expr (0 ms)
[ RUN      ] GrammarCombinations/ParserGrammarCorpusTest.AcceptsValidGrammar/Case0196_pattern
[       OK ] GrammarCombinations/ParserGrammarCorpusTest.AcceptsValidGrammar/Case0196_pattern (0 ms)
[ RUN      ] GrammarCombinations/ParserGrammarCorpusTest.AcceptsValidGrammar/Case0197_binding_pattern
[       OK ] GrammarCombinations/ParserGrammarCorpusTest.AcceptsValidGrammar/Case0197_binding_pattern (0 ms)
[ RUN      ] GrammarCombinations/ParserGrammarCorpusTest.AcceptsValidGrammar/Case0198_decl
[       OK ] GrammarCombinations/ParserGrammarCorpusTest.AcceptsValidGrammar/Case0198_decl (0 ms)
[ RUN      ] GrammarCombinations/ParserGrammarCorpusTest.AcceptsValidGrammar/Case0199_for_header
[       OK ] GrammarCombinations/ParserGrammarCorpusTest.AcceptsValidGrammar/Case0199_for_header (0 ms)
[ RUN      ] GrammarCombinations/ParserGrammarCorpusTest.AcceptsValidGrammar/Case0200_stmt
[       OK ] GrammarCombinations/ParserGrammarCorpusTest.AcceptsValidGrammar/Case0200_stmt (0 ms)
[ RUN      ] GrammarCombinations/ParserGrammarCorpusTest.AcceptsValidGrammar/Case0201_expr
[       OK ] GrammarCombinations/ParserGrammarCorpusTest.AcceptsValidGrammar/Case0201_expr (0 ms)
[ RUN      ] GrammarCombinations/ParserGrammarCorpusTest.AcceptsValidGrammar/Case0202_expr
[       OK ] GrammarCombinations/ParserGrammarCorpusTest.AcceptsValidGrammar/Case0202_expr (0 ms)
[ RUN      ] GrammarCombinations/ParserGrammarCorpusTest.AcceptsValidGrammar/Case0203_type_expr
[       OK ] GrammarCombinations/ParserGrammarCorpusTest.AcceptsValidGrammar/Case0203_type_expr (0 ms)
[ RUN      ] GrammarCombinations/ParserGrammarCorpusTest.AcceptsValidGrammar/Case0204_pattern
[       OK ] GrammarCombinations/ParserGrammarCorpusTest.AcceptsValidGrammar/Case0204_pattern (0 ms)
[ RUN      ] GrammarCombinations/ParserGrammarCorpusTest.AcceptsValidGrammar/Case0205_binding_pattern
[       OK ] GrammarCombinations/ParserGrammarCorpusTest.AcceptsValidGrammar/Case0205_binding_pattern (0 ms)
[ RUN      ] GrammarCombinations/ParserGrammarCorpusTest.AcceptsValidGrammar/Case0206_decl
[       OK ] GrammarCombinations/ParserGrammarCorpusTest.AcceptsValidGrammar/Case0206_decl (0 ms)
[ RUN      ] GrammarCombinations/ParserGrammarCorpusTest.AcceptsValidGrammar/Case0207_for_header
[       OK ] GrammarCombinations/ParserGrammarCorpusTest.AcceptsValidGrammar/Case0207_for_header (0 ms)
[ RUN      ] GrammarCombinations/ParserGrammarCorpusTest.AcceptsValidGrammar/Case0208_stmt
[       OK ] GrammarCombinations/ParserGrammarCorpusTest.AcceptsValidGrammar/Case0208_stmt (0 ms)
[ RUN      ] GrammarCombinations/ParserGrammarCorpusTest.AcceptsValidGrammar/Case0209_expr
[       OK ] GrammarCombinations/ParserGrammarCorpusTest.AcceptsValidGrammar/Case0209_expr (0 ms)
[ RUN      ] GrammarCombinations/ParserGrammarCorpusTest.AcceptsValidGrammar/Case0210_expr
[       OK ] GrammarCombinations/ParserGrammarCorpusTest.AcceptsValidGrammar/Case0210_expr (0 ms)
[ RUN      ] GrammarCombinations/ParserGrammarCorpusTest.AcceptsValidGrammar/Case0211_type_expr
[       OK ] GrammarCombinations/ParserGrammarCorpusTest.AcceptsValidGrammar/Case0211_type_expr (0 ms)
[ RUN      ] GrammarCombinations/ParserGrammarCorpusTest.AcceptsValidGrammar/Case0212_pattern
[       OK ] GrammarCombinations/ParserGrammarCorpusTest.AcceptsValidGrammar/Case0212_pattern (0 ms)
[ RUN      ] GrammarCombinations/ParserGrammarCorpusTest.AcceptsValidGrammar/Case0213_binding_pattern
[       OK ] GrammarCombinations/ParserGrammarCorpusTest.AcceptsValidGrammar/Case0213_binding_pattern (0 ms)
[ RUN      ] GrammarCombinations/ParserGrammarCorpusTest.AcceptsValidGrammar/Case0214_decl
[       OK ] GrammarCombinations/ParserGrammarCorpusTest.AcceptsValidGrammar/Case0214_decl (0 ms)
[ RUN      ] GrammarCombinations/ParserGrammarCorpusTest.AcceptsValidGrammar/Case0215_for_header
[       OK ] GrammarCombinations/ParserGrammarCorpusTest.AcceptsValidGrammar/Case0215_for_header (0 ms)
[ RUN      ] GrammarCombinations/ParserGrammarCorpusTest.AcceptsValidGrammar/Case0216_stmt
[       OK ] GrammarCombinations/ParserGrammarCorpusTest.AcceptsValidGrammar/Case0216_stmt (0 ms)
[ RUN      ] GrammarCombinations/ParserGrammarCorpusTest.AcceptsValidGrammar/Case0217_expr
[       OK ] GrammarCombinations/ParserGrammarCorpusTest.AcceptsValidGrammar/Case0217_expr (0 ms)
[ RUN      ] GrammarCombinations/ParserGrammarCorpusTest.AcceptsValidGrammar/Case0218_expr
[       OK ] GrammarCombinations/ParserGrammarCorpusTest.AcceptsValidGrammar/Case0218_expr (0 ms)
[ RUN      ] GrammarCombinations/ParserGrammarCorpusTest.AcceptsValidGrammar/Case0219_type_expr
[       OK ] GrammarCombinations/ParserGrammarCorpusTest.AcceptsValidGrammar/Case0219_type_expr (0 ms)
[ RUN      ] GrammarCombinations/ParserGrammarCorpusTest.AcceptsValidGrammar/Case0220_pattern
[       OK ] GrammarCombinations/ParserGrammarCorpusTest.AcceptsValidGrammar/Case0220_pattern (0 ms)
[ RUN      ] GrammarCombinations/ParserGrammarCorpusTest.AcceptsValidGrammar/Case0221_binding_pattern
[       OK ] GrammarCombinations/ParserGrammarCorpusTest.AcceptsValidGrammar/Case0221_binding_pattern (0 ms)
[ RUN      ] GrammarCombinations/ParserGrammarCorpusTest.AcceptsValidGrammar/Case0222_decl
[       OK ] GrammarCombinations/ParserGrammarCorpusTest.AcceptsValidGrammar/Case0222_decl (0 ms)
[ RUN      ] GrammarCombinations/ParserGrammarCorpusTest.AcceptsValidGrammar/Case0223_for_header
[       OK ] GrammarCombinations/ParserGrammarCorpusTest.AcceptsValidGrammar/Case0223_for_header (0 ms)
[ RUN      ] GrammarCombinations/ParserGrammarCorpusTest.AcceptsValidGrammar/Case0224_stmt
[       OK ] GrammarCombinations/ParserGrammarCorpusTest.AcceptsValidGrammar/Case0224_stmt (0 ms)
[ RUN      ] GrammarCombinations/ParserGrammarCorpusTest.AcceptsValidGrammar/Case0225_expr
[       OK ] GrammarCombinations/ParserGrammarCorpusTest.AcceptsValidGrammar/Case0225_expr (0 ms)
[ RUN      ] GrammarCombinations/ParserGrammarCorpusTest.AcceptsValidGrammar/Case0226_expr
[       OK ] GrammarCombinations/ParserGrammarCorpusTest.AcceptsValidGrammar/Case0226_expr (0 ms)
[ RUN      ] GrammarCombinations/ParserGrammarCorpusTest.AcceptsValidGrammar/Case0227_type_expr
[       OK ] GrammarCombinations/ParserGrammarCorpusTest.AcceptsValidGrammar/Case0227_type_expr (0 ms)
[ RUN      ] GrammarCombinations/ParserGrammarCorpusTest.AcceptsValidGrammar/Case0228_pattern
[       OK ] GrammarCombinations/ParserGrammarCorpusTest.AcceptsValidGrammar/Case0228_pattern (0 ms)
[ RUN      ] GrammarCombinations/ParserGrammarCorpusTest.AcceptsValidGrammar/Case0229_binding_pattern
[       OK ] GrammarCombinations/ParserGrammarCorpusTest.AcceptsValidGrammar/Case0229_binding_pattern (0 ms)
[ RUN      ] GrammarCombinations/ParserGrammarCorpusTest.AcceptsValidGrammar/Case0230_decl
[       OK ] GrammarCombinations/ParserGrammarCorpusTest.AcceptsValidGrammar/Case0230_decl (0 ms)
[ RUN      ] GrammarCombinations/ParserGrammarCorpusTest.AcceptsValidGrammar/Case0231_for_header
[       OK ] GrammarCombinations/ParserGrammarCorpusTest.AcceptsValidGrammar/Case0231_for_header (0 ms)
[ RUN      ] GrammarCombinations/ParserGrammarCorpusTest.AcceptsValidGrammar/Case0232_stmt
[       OK ] GrammarCombinations/ParserGrammarCorpusTest.AcceptsValidGrammar/Case0232_stmt (0 ms)
[ RUN      ] GrammarCombinations/ParserGrammarCorpusTest.AcceptsValidGrammar/Case0233_expr
[       OK ] GrammarCombinations/ParserGrammarCorpusTest.AcceptsValidGrammar/Case0233_expr (0 ms)
[ RUN      ] GrammarCombinations/ParserGrammarCorpusTest.AcceptsValidGrammar/Case0234_expr
[       OK ] GrammarCombinations/ParserGrammarCorpusTest.AcceptsValidGrammar/Case0234_expr (0 ms)
[ RUN      ] GrammarCombinations/ParserGrammarCorpusTest.AcceptsValidGrammar/Case0235_type_expr
[       OK ] GrammarCombinations/ParserGrammarCorpusTest.AcceptsValidGrammar/Case0235_type_expr (0 ms)
[ RUN      ] GrammarCombinations/ParserGrammarCorpusTest.AcceptsValidGrammar/Case0236_pattern
[       OK ] GrammarCombinations/ParserGrammarCorpusTest.AcceptsValidGrammar/Case0236_pattern (0 ms)
[ RUN      ] GrammarCombinations/ParserGrammarCorpusTest.AcceptsValidGrammar/Case0237_binding_pattern
[       OK ] GrammarCombinations/ParserGrammarCorpusTest.AcceptsValidGrammar/Case0237_binding_pattern (0 ms)
[ RUN      ] GrammarCombinations/ParserGrammarCorpusTest.AcceptsValidGrammar/Case0238_decl
[       OK ] GrammarCombinations/ParserGrammarCorpusTest.AcceptsValidGrammar/Case0238_decl (0 ms)
[ RUN      ] GrammarCombinations/ParserGrammarCorpusTest.AcceptsValidGrammar/Case0239_for_header
[       OK ] GrammarCombinations/ParserGrammarCorpusTest.AcceptsValidGrammar/Case0239_for_header (0 ms)
[ RUN      ] GrammarCombinations/ParserGrammarCorpusTest.AcceptsValidGrammar/Case0240_stmt
[       OK ] GrammarCombinations/ParserGrammarCorpusTest.AcceptsValidGrammar/Case0240_stmt (0 ms)
[ RUN      ] GrammarCombinations/ParserGrammarCorpusTest.AcceptsValidGrammar/Case0241_expr
[       OK ] GrammarCombinations/ParserGrammarCorpusTest.AcceptsValidGrammar/Case0241_expr (0 ms)
[ RUN      ] GrammarCombinations/ParserGrammarCorpusTest.AcceptsValidGrammar/Case0242_expr
[       OK ] GrammarCombinations/ParserGrammarCorpusTest.AcceptsValidGrammar/Case0242_expr (0 ms)
[ RUN      ] GrammarCombinations/ParserGrammarCorpusTest.AcceptsValidGrammar/Case0243_type_expr
[       OK ] GrammarCombinations/ParserGrammarCorpusTest.AcceptsValidGrammar/Case0243_type_expr (0 ms)
[ RUN      ] GrammarCombinations/ParserGrammarCorpusTest.AcceptsValidGrammar/Case0244_pattern
[       OK ] GrammarCombinations/ParserGrammarCorpusTest.AcceptsValidGrammar/Case0244_pattern (0 ms)
[ RUN      ] GrammarCombinations/ParserGrammarCorpusTest.AcceptsValidGrammar/Case0245_binding_pattern
[       OK ] GrammarCombinations/ParserGrammarCorpusTest.AcceptsValidGrammar/Case0245_binding_pattern (0 ms)
[ RUN      ] GrammarCombinations/ParserGrammarCorpusTest.AcceptsValidGrammar/Case0246_decl
[       OK ] GrammarCombinations/ParserGrammarCorpusTest.AcceptsValidGrammar/Case0246_decl (0 ms)
[ RUN      ] GrammarCombinations/ParserGrammarCorpusTest.AcceptsValidGrammar/Case0247_for_header
[       OK ] GrammarCombinations/ParserGrammarCorpusTest.AcceptsValidGrammar/Case0247_for_header (0 ms)
[ RUN      ] GrammarCombinations/ParserGrammarCorpusTest.AcceptsValidGrammar/Case0248_stmt
[       OK ] GrammarCombinations/ParserGrammarCorpusTest.AcceptsValidGrammar/Case0248_stmt (0 ms)
[ RUN      ] GrammarCombinations/ParserGrammarCorpusTest.AcceptsValidGrammar/Case0249_expr
[       OK ] GrammarCombinations/ParserGrammarCorpusTest.AcceptsValidGrammar/Case0249_expr (0 ms)
[ RUN      ] GrammarCombinations/ParserGrammarCorpusTest.AcceptsValidGrammar/Case0250_expr
[       OK ] GrammarCombinations/ParserGrammarCorpusTest.AcceptsValidGrammar/Case0250_expr (0 ms)
[ RUN      ] GrammarCombinations/ParserGrammarCorpusTest.AcceptsValidGrammar/Case0251_type_expr
[       OK ] GrammarCombinations/ParserGrammarCorpusTest.AcceptsValidGrammar/Case0251_type_expr (0 ms)
[ RUN      ] GrammarCombinations/ParserGrammarCorpusTest.AcceptsValidGrammar/Case0252_pattern
[       OK ] GrammarCombinations/ParserGrammarCorpusTest.AcceptsValidGrammar/Case0252_pattern (0 ms)
[ RUN      ] GrammarCombinations/ParserGrammarCorpusTest.AcceptsValidGrammar/Case0253_binding_pattern
[       OK ] GrammarCombinations/ParserGrammarCorpusTest.AcceptsValidGrammar/Case0253_binding_pattern (0 ms)
[ RUN      ] GrammarCombinations/ParserGrammarCorpusTest.AcceptsValidGrammar/Case0254_decl
[       OK ] GrammarCombinations/ParserGrammarCorpusTest.AcceptsValidGrammar/Case0254_decl (0 ms)
[ RUN      ] GrammarCombinations/ParserGrammarCorpusTest.AcceptsValidGrammar/Case0255_for_header
[       OK ] GrammarCombinations/ParserGrammarCorpusTest.AcceptsValidGrammar/Case0255_for_header (0 ms)
[ RUN      ] GrammarCombinations/ParserGrammarCorpusTest.AcceptsValidGrammar/Case0256_stmt
[       OK ] GrammarCombinations/ParserGrammarCorpusTest.AcceptsValidGrammar/Case0256_stmt (0 ms)
[ RUN      ] GrammarCombinations/ParserGrammarCorpusTest.AcceptsValidGrammar/Case0257_expr
[       OK ] GrammarCombinations/ParserGrammarCorpusTest.AcceptsValidGrammar/Case0257_expr (0 ms)
[ RUN      ] GrammarCombinations/ParserGrammarCorpusTest.AcceptsValidGrammar/Case0258_expr
[       OK ] GrammarCombinations/ParserGrammarCorpusTest.AcceptsValidGrammar/Case0258_expr (0 ms)
[ RUN      ] GrammarCombinations/ParserGrammarCorpusTest.AcceptsValidGrammar/Case0259_type_expr
[       OK ] GrammarCombinations/ParserGrammarCorpusTest.AcceptsValidGrammar/Case0259_type_expr (0 ms)
[ RUN      ] GrammarCombinations/ParserGrammarCorpusTest.AcceptsValidGrammar/Case0260_pattern
[       OK ] GrammarCombinations/ParserGrammarCorpusTest.AcceptsValidGrammar/Case0260_pattern (0 ms)
[ RUN      ] GrammarCombinations/ParserGrammarCorpusTest.AcceptsValidGrammar/Case0261_binding_pattern
[       OK ] GrammarCombinations/ParserGrammarCorpusTest.AcceptsValidGrammar/Case0261_binding_pattern (0 ms)
[ RUN      ] GrammarCombinations/ParserGrammarCorpusTest.AcceptsValidGrammar/Case0262_decl
[       OK ] GrammarCombinations/ParserGrammarCorpusTest.AcceptsValidGrammar/Case0262_decl (0 ms)
[ RUN      ] GrammarCombinations/ParserGrammarCorpusTest.AcceptsValidGrammar/Case0263_for_header
[       OK ] GrammarCombinations/ParserGrammarCorpusTest.AcceptsValidGrammar/Case0263_for_header (0 ms)
[ RUN      ] GrammarCombinations/ParserGrammarCorpusTest.AcceptsValidGrammar/Case0264_stmt
[       OK ] GrammarCombinations/ParserGrammarCorpusTest.AcceptsValidGrammar/Case0264_stmt (0 ms)
[ RUN      ] GrammarCombinations/ParserGrammarCorpusTest.AcceptsValidGrammar/Case0265_expr
[       OK ] GrammarCombinations/ParserGrammarCorpusTest.AcceptsValidGrammar/Case0265_expr (0 ms)
[ RUN      ] GrammarCombinations/ParserGrammarCorpusTest.AcceptsValidGrammar/Case0266_expr
[       OK ] GrammarCombinations/ParserGrammarCorpusTest.AcceptsValidGrammar/Case0266_expr (0 ms)
[ RUN      ] GrammarCombinations/ParserGrammarCorpusTest.AcceptsValidGrammar/Case0267_type_expr
[       OK ] GrammarCombinations/ParserGrammarCorpusTest.AcceptsValidGrammar/Case0267_type_expr (0 ms)
[ RUN      ] GrammarCombinations/ParserGrammarCorpusTest.AcceptsValidGrammar/Case0268_pattern
[       OK ] GrammarCombinations/ParserGrammarCorpusTest.AcceptsValidGrammar/Case0268_pattern (0 ms)
[ RUN      ] GrammarCombinations/ParserGrammarCorpusTest.AcceptsValidGrammar/Case0269_binding_pattern
[       OK ] GrammarCombinations/ParserGrammarCorpusTest.AcceptsValidGrammar/Case0269_binding_pattern (0 ms)
[ RUN      ] GrammarCombinations/ParserGrammarCorpusTest.AcceptsValidGrammar/Case0270_decl
[       OK ] GrammarCombinations/ParserGrammarCorpusTest.AcceptsValidGrammar/Case0270_decl (0 ms)
[ RUN      ] GrammarCombinations/ParserGrammarCorpusTest.AcceptsValidGrammar/Case0271_for_header
[       OK ] GrammarCombinations/ParserGrammarCorpusTest.AcceptsValidGrammar/Case0271_for_header (0 ms)
[ RUN      ] GrammarCombinations/ParserGrammarCorpusTest.AcceptsValidGrammar/Case0272_stmt
[       OK ] GrammarCombinations/ParserGrammarCorpusTest.AcceptsValidGrammar/Case0272_stmt (0 ms)
[ RUN      ] GrammarCombinations/ParserGrammarCorpusTest.AcceptsValidGrammar/Case0273_expr
[       OK ] GrammarCombinations/ParserGrammarCorpusTest.AcceptsValidGrammar/Case0273_expr (0 ms)
[ RUN      ] GrammarCombinations/ParserGrammarCorpusTest.AcceptsValidGrammar/Case0274_expr
[       OK ] GrammarCombinations/ParserGrammarCorpusTest.AcceptsValidGrammar/Case0274_expr (0 ms)
[ RUN      ] GrammarCombinations/ParserGrammarCorpusTest.AcceptsValidGrammar/Case0275_type_expr
[       OK ] GrammarCombinations/ParserGrammarCorpusTest.AcceptsValidGrammar/Case0275_type_expr (0 ms)
[ RUN      ] GrammarCombinations/ParserGrammarCorpusTest.AcceptsValidGrammar/Case0276_pattern
[       OK ] GrammarCombinations/ParserGrammarCorpusTest.AcceptsValidGrammar/Case0276_pattern (0 ms)
[ RUN      ] GrammarCombinations/ParserGrammarCorpusTest.AcceptsValidGrammar/Case0277_binding_pattern
[       OK ] GrammarCombinations/ParserGrammarCorpusTest.AcceptsValidGrammar/Case0277_binding_pattern (0 ms)
[ RUN      ] GrammarCombinations/ParserGrammarCorpusTest.AcceptsValidGrammar/Case0278_decl
[       OK ] GrammarCombinations/ParserGrammarCorpusTest.AcceptsValidGrammar/Case0278_decl (0 ms)
[ RUN      ] GrammarCombinations/ParserGrammarCorpusTest.AcceptsValidGrammar/Case0279_for_header
[       OK ] GrammarCombinations/ParserGrammarCorpusTest.AcceptsValidGrammar/Case0279_for_header (0 ms)
[ RUN      ] GrammarCombinations/ParserGrammarCorpusTest.AcceptsValidGrammar/Case0280_stmt
[       OK ] GrammarCombinations/ParserGrammarCorpusTest.AcceptsValidGrammar/Case0280_stmt (0 ms)
[ RUN      ] GrammarCombinations/ParserGrammarCorpusTest.AcceptsValidGrammar/Case0281_expr
[       OK ] GrammarCombinations/ParserGrammarCorpusTest.AcceptsValidGrammar/Case0281_expr (0 ms)
[ RUN      ] GrammarCombinations/ParserGrammarCorpusTest.AcceptsValidGrammar/Case0282_expr
[       OK ] GrammarCombinations/ParserGrammarCorpusTest.AcceptsValidGrammar/Case0282_expr (0 ms)
[ RUN      ] GrammarCombinations/ParserGrammarCorpusTest.AcceptsValidGrammar/Case0283_type_expr
[       OK ] GrammarCombinations/ParserGrammarCorpusTest.AcceptsValidGrammar/Case0283_type_expr (0 ms)
[ RUN      ] GrammarCombinations/ParserGrammarCorpusTest.AcceptsValidGrammar/Case0284_pattern
[       OK ] GrammarCombinations/ParserGrammarCorpusTest.AcceptsValidGrammar/Case0284_pattern (0 ms)
[ RUN      ] GrammarCombinations/ParserGrammarCorpusTest.AcceptsValidGrammar/Case0285_binding_pattern
[       OK ] GrammarCombinations/ParserGrammarCorpusTest.AcceptsValidGrammar/Case0285_binding_pattern (0 ms)
[ RUN      ] GrammarCombinations/ParserGrammarCorpusTest.AcceptsValidGrammar/Case0286_decl
[       OK ] GrammarCombinations/ParserGrammarCorpusTest.AcceptsValidGrammar/Case0286_decl (0 ms)
[ RUN      ] GrammarCombinations/ParserGrammarCorpusTest.AcceptsValidGrammar/Case0287_for_header
[       OK ] GrammarCombinations/ParserGrammarCorpusTest.AcceptsValidGrammar/Case0287_for_header (0 ms)
[ RUN      ] GrammarCombinations/ParserGrammarCorpusTest.AcceptsValidGrammar/Case0288_stmt
[       OK ] GrammarCombinations/ParserGrammarCorpusTest.AcceptsValidGrammar/Case0288_stmt (0 ms)
[ RUN      ] GrammarCombinations/ParserGrammarCorpusTest.AcceptsValidGrammar/Case0289_expr
[       OK ] GrammarCombinations/ParserGrammarCorpusTest.AcceptsValidGrammar/Case0289_expr (0 ms)
[ RUN      ] GrammarCombinations/ParserGrammarCorpusTest.AcceptsValidGrammar/Case0290_expr
[       OK ] GrammarCombinations/ParserGrammarCorpusTest.AcceptsValidGrammar/Case0290_expr (0 ms)
[ RUN      ] GrammarCombinations/ParserGrammarCorpusTest.AcceptsValidGrammar/Case0291_type_expr
[       OK ] GrammarCombinations/ParserGrammarCorpusTest.AcceptsValidGrammar/Case0291_type_expr (0 ms)
[ RUN      ] GrammarCombinations/ParserGrammarCorpusTest.AcceptsValidGrammar/Case0292_pattern
[       OK ] GrammarCombinations/ParserGrammarCorpusTest.AcceptsValidGrammar/Case0292_pattern (0 ms)
[ RUN      ] GrammarCombinations/ParserGrammarCorpusTest.AcceptsValidGrammar/Case0293_binding_pattern
[       OK ] GrammarCombinations/ParserGrammarCorpusTest.AcceptsValidGrammar/Case0293_binding_pattern (0 ms)
[ RUN      ] GrammarCombinations/ParserGrammarCorpusTest.AcceptsValidGrammar/Case0294_decl
[       OK ] GrammarCombinations/ParserGrammarCorpusTest.AcceptsValidGrammar/Case0294_decl (0 ms)
[ RUN      ] GrammarCombinations/ParserGrammarCorpusTest.AcceptsValidGrammar/Case0295_for_header
[       OK ] GrammarCombinations/ParserGrammarCorpusTest.AcceptsValidGrammar/Case0295_for_header (0 ms)
[ RUN      ] GrammarCombinations/ParserGrammarCorpusTest.AcceptsValidGrammar/Case0296_stmt
[       OK ] GrammarCombinations/ParserGrammarCorpusTest.AcceptsValidGrammar/Case0296_stmt (0 ms)
[ RUN      ] GrammarCombinations/ParserGrammarCorpusTest.AcceptsValidGrammar/Case0297_expr
[       OK ] GrammarCombinations/ParserGrammarCorpusTest.AcceptsValidGrammar/Case0297_expr (0 ms)
[ RUN      ] GrammarCombinations/ParserGrammarCorpusTest.AcceptsValidGrammar/Case0298_expr
[       OK ] GrammarCombinations/ParserGrammarCorpusTest.AcceptsValidGrammar/Case0298_expr (0 ms)
[ RUN      ] GrammarCombinations/ParserGrammarCorpusTest.AcceptsValidGrammar/Case0299_type_expr
[       OK ] GrammarCombinations/ParserGrammarCorpusTest.AcceptsValidGrammar/Case0299_type_expr (0 ms)
[ RUN      ] GrammarCombinations/ParserGrammarCorpusTest.AcceptsValidGrammar/Case0300_pattern
[       OK ] GrammarCombinations/ParserGrammarCorpusTest.AcceptsValidGrammar/Case0300_pattern (0 ms)
[ RUN      ] GrammarCombinations/ParserGrammarCorpusTest.AcceptsValidGrammar/Case0301_binding_pattern
[       OK ] GrammarCombinations/ParserGrammarCorpusTest.AcceptsValidGrammar/Case0301_binding_pattern (0 ms)
[ RUN      ] GrammarCombinations/ParserGrammarCorpusTest.AcceptsValidGrammar/Case0302_decl
[       OK ] GrammarCombinations/ParserGrammarCorpusTest.AcceptsValidGrammar/Case0302_decl (0 ms)
[ RUN      ] GrammarCombinations/ParserGrammarCorpusTest.AcceptsValidGrammar/Case0303_for_header
[       OK ] GrammarCombinations/ParserGrammarCorpusTest.AcceptsValidGrammar/Case0303_for_header (0 ms)
[ RUN      ] GrammarCombinations/ParserGrammarCorpusTest.AcceptsValidGrammar/Case0304_stmt
[       OK ] GrammarCombinations/ParserGrammarCorpusTest.AcceptsValidGrammar/Case0304_stmt (0 ms)
[ RUN      ] GrammarCombinations/ParserGrammarCorpusTest.AcceptsValidGrammar/Case0305_expr
[       OK ] GrammarCombinations/ParserGrammarCorpusTest.AcceptsValidGrammar/Case0305_expr (0 ms)
[ RUN      ] GrammarCombinations/ParserGrammarCorpusTest.AcceptsValidGrammar/Case0306_expr
[       OK ] GrammarCombinations/ParserGrammarCorpusTest.AcceptsValidGrammar/Case0306_expr (0 ms)
[ RUN      ] GrammarCombinations/ParserGrammarCorpusTest.AcceptsValidGrammar/Case0307_type_expr
[       OK ] GrammarCombinations/ParserGrammarCorpusTest.AcceptsValidGrammar/Case0307_type_expr (0 ms)
[ RUN      ] GrammarCombinations/ParserGrammarCorpusTest.AcceptsValidGrammar/Case0308_pattern
[       OK ] GrammarCombinations/ParserGrammarCorpusTest.AcceptsValidGrammar/Case0308_pattern (0 ms)
[ RUN      ] GrammarCombinations/ParserGrammarCorpusTest.AcceptsValidGrammar/Case0309_binding_pattern
[       OK ] GrammarCombinations/ParserGrammarCorpusTest.AcceptsValidGrammar/Case0309_binding_pattern (0 ms)
[ RUN      ] GrammarCombinations/ParserGrammarCorpusTest.AcceptsValidGrammar/Case0310_decl
[       OK ] GrammarCombinations/ParserGrammarCorpusTest.AcceptsValidGrammar/Case0310_decl (0 ms)
[ RUN      ] GrammarCombinations/ParserGrammarCorpusTest.AcceptsValidGrammar/Case0311_for_header
[       OK ] GrammarCombinations/ParserGrammarCorpusTest.AcceptsValidGrammar/Case0311_for_header (0 ms)
[ RUN      ] GrammarCombinations/ParserGrammarCorpusTest.AcceptsValidGrammar/Case0312_stmt
[       OK ] GrammarCombinations/ParserGrammarCorpusTest.AcceptsValidGrammar/Case0312_stmt (0 ms)
[ RUN      ] GrammarCombinations/ParserGrammarCorpusTest.AcceptsValidGrammar/Case0313_expr
[       OK ] GrammarCombinations/ParserGrammarCorpusTest.AcceptsValidGrammar/Case0313_expr (0 ms)
[ RUN      ] GrammarCombinations/ParserGrammarCorpusTest.AcceptsValidGrammar/Case0314_expr
[       OK ] GrammarCombinations/ParserGrammarCorpusTest.AcceptsValidGrammar/Case0314_expr (0 ms)
[ RUN      ] GrammarCombinations/ParserGrammarCorpusTest.AcceptsValidGrammar/Case0315_type_expr
[       OK ] GrammarCombinations/ParserGrammarCorpusTest.AcceptsValidGrammar/Case0315_type_expr (0 ms)
[ RUN      ] GrammarCombinations/ParserGrammarCorpusTest.AcceptsValidGrammar/Case0316_pattern
[       OK ] GrammarCombinations/ParserGrammarCorpusTest.AcceptsValidGrammar/Case0316_pattern (0 ms)
[ RUN      ] GrammarCombinations/ParserGrammarCorpusTest.AcceptsValidGrammar/Case0317_binding_pattern
[       OK ] GrammarCombinations/ParserGrammarCorpusTest.AcceptsValidGrammar/Case0317_binding_pattern (0 ms)
[ RUN      ] GrammarCombinations/ParserGrammarCorpusTest.AcceptsValidGrammar/Case0318_decl
[       OK ] GrammarCombinations/ParserGrammarCorpusTest.AcceptsValidGrammar/Case0318_decl (0 ms)
[ RUN      ] GrammarCombinations/ParserGrammarCorpusTest.AcceptsValidGrammar/Case0319_for_header
[       OK ] GrammarCombinations/ParserGrammarCorpusTest.AcceptsValidGrammar/Case0319_for_header (0 ms)
[ RUN      ] GrammarCombinations/ParserGrammarCorpusTest.AcceptsValidGrammar/Case0320_stmt
[       OK ] GrammarCombinations/ParserGrammarCorpusTest.AcceptsValidGrammar/Case0320_stmt (0 ms)
[ RUN      ] GrammarCombinations/ParserGrammarCorpusTest.AcceptsValidGrammar/Case0321_expr
[       OK ] GrammarCombinations/ParserGrammarCorpusTest.AcceptsValidGrammar/Case0321_expr (0 ms)
[ RUN      ] GrammarCombinations/ParserGrammarCorpusTest.AcceptsValidGrammar/Case0322_expr
[       OK ] GrammarCombinations/ParserGrammarCorpusTest.AcceptsValidGrammar/Case0322_expr (0 ms)
[ RUN      ] GrammarCombinations/ParserGrammarCorpusTest.AcceptsValidGrammar/Case0323_type_expr
[       OK ] GrammarCombinations/ParserGrammarCorpusTest.AcceptsValidGrammar/Case0323_type_expr (0 ms)
[ RUN      ] GrammarCombinations/ParserGrammarCorpusTest.AcceptsValidGrammar/Case0324_pattern
[       OK ] GrammarCombinations/ParserGrammarCorpusTest.AcceptsValidGrammar/Case0324_pattern (0 ms)
[ RUN      ] GrammarCombinations/ParserGrammarCorpusTest.AcceptsValidGrammar/Case0325_binding_pattern
[       OK ] GrammarCombinations/ParserGrammarCorpusTest.AcceptsValidGrammar/Case0325_binding_pattern (0 ms)
[ RUN      ] GrammarCombinations/ParserGrammarCorpusTest.AcceptsValidGrammar/Case0326_decl
[       OK ] GrammarCombinations/ParserGrammarCorpusTest.AcceptsValidGrammar/Case0326_decl (0 ms)
[ RUN      ] GrammarCombinations/ParserGrammarCorpusTest.AcceptsValidGrammar/Case0327_for_header
[       OK ] GrammarCombinations/ParserGrammarCorpusTest.AcceptsValidGrammar/Case0327_for_header (0 ms)
[ RUN      ] GrammarCombinations/ParserGrammarCorpusTest.AcceptsValidGrammar/Case0328_stmt
[       OK ] GrammarCombinations/ParserGrammarCorpusTest.AcceptsValidGrammar/Case0328_stmt (0 ms)
[ RUN      ] GrammarCombinations/ParserGrammarCorpusTest.AcceptsValidGrammar/Case0329_expr
[       OK ] GrammarCombinations/ParserGrammarCorpusTest.AcceptsValidGrammar/Case0329_expr (0 ms)
[ RUN      ] GrammarCombinations/ParserGrammarCorpusTest.AcceptsValidGrammar/Case0330_expr
[       OK ] GrammarCombinations/ParserGrammarCorpusTest.AcceptsValidGrammar/Case0330_expr (0 ms)
[ RUN      ] GrammarCombinations/ParserGrammarCorpusTest.AcceptsValidGrammar/Case0331_type_expr
[       OK ] GrammarCombinations/ParserGrammarCorpusTest.AcceptsValidGrammar/Case0331_type_expr (0 ms)
[ RUN      ] GrammarCombinations/ParserGrammarCorpusTest.AcceptsValidGrammar/Case0332_pattern
[       OK ] GrammarCombinations/ParserGrammarCorpusTest.AcceptsValidGrammar/Case0332_pattern (0 ms)
[ RUN      ] GrammarCombinations/ParserGrammarCorpusTest.AcceptsValidGrammar/Case0333_binding_pattern
[       OK ] GrammarCombinations/ParserGrammarCorpusTest.AcceptsValidGrammar/Case0333_binding_pattern (0 ms)
[ RUN      ] GrammarCombinations/ParserGrammarCorpusTest.AcceptsValidGrammar/Case0334_decl
[       OK ] GrammarCombinations/ParserGrammarCorpusTest.AcceptsValidGrammar/Case0334_decl (0 ms)
[ RUN      ] GrammarCombinations/ParserGrammarCorpusTest.AcceptsValidGrammar/Case0335_for_header
[       OK ] GrammarCombinations/ParserGrammarCorpusTest.AcceptsValidGrammar/Case0335_for_header (0 ms)
[ RUN      ] GrammarCombinations/ParserGrammarCorpusTest.AcceptsValidGrammar/Case0336_stmt
[       OK ] GrammarCombinations/ParserGrammarCorpusTest.AcceptsValidGrammar/Case0336_stmt (0 ms)
[ RUN      ] GrammarCombinations/ParserGrammarCorpusTest.AcceptsValidGrammar/Case0337_expr
[       OK ] GrammarCombinations/ParserGrammarCorpusTest.AcceptsValidGrammar/Case0337_expr (0 ms)
[ RUN      ] GrammarCombinations/ParserGrammarCorpusTest.AcceptsValidGrammar/Case0338_expr
[       OK ] GrammarCombinations/ParserGrammarCorpusTest.AcceptsValidGrammar/Case0338_expr (0 ms)
[ RUN      ] GrammarCombinations/ParserGrammarCorpusTest.AcceptsValidGrammar/Case0339_type_expr
[       OK ] GrammarCombinations/ParserGrammarCorpusTest.AcceptsValidGrammar/Case0339_type_expr (0 ms)
[ RUN      ] GrammarCombinations/ParserGrammarCorpusTest.AcceptsValidGrammar/Case0340_pattern
[       OK ] GrammarCombinations/ParserGrammarCorpusTest.AcceptsValidGrammar/Case0340_pattern (0 ms)
[ RUN      ] GrammarCombinations/ParserGrammarCorpusTest.AcceptsValidGrammar/Case0341_binding_pattern
[       OK ] GrammarCombinations/ParserGrammarCorpusTest.AcceptsValidGrammar/Case0341_binding_pattern (0 ms)
[ RUN      ] GrammarCombinations/ParserGrammarCorpusTest.AcceptsValidGrammar/Case0342_decl
[       OK ] GrammarCombinations/ParserGrammarCorpusTest.AcceptsValidGrammar/Case0342_decl (0 ms)
[ RUN      ] GrammarCombinations/ParserGrammarCorpusTest.AcceptsValidGrammar/Case0343_for_header
[       OK ] GrammarCombinations/ParserGrammarCorpusTest.AcceptsValidGrammar/Case0343_for_header (0 ms)
[ RUN      ] GrammarCombinations/ParserGrammarCorpusTest.AcceptsValidGrammar/Case0344_stmt
[       OK ] GrammarCombinations/ParserGrammarCorpusTest.AcceptsValidGrammar/Case0344_stmt (0 ms)
[ RUN      ] GrammarCombinations/ParserGrammarCorpusTest.AcceptsValidGrammar/Case0345_expr
[       OK ] GrammarCombinations/ParserGrammarCorpusTest.AcceptsValidGrammar/Case0345_expr (0 ms)
[ RUN      ] GrammarCombinations/ParserGrammarCorpusTest.AcceptsValidGrammar/Case0346_expr
[       OK ] GrammarCombinations/ParserGrammarCorpusTest.AcceptsValidGrammar/Case0346_expr (0 ms)
[ RUN      ] GrammarCombinations/ParserGrammarCorpusTest.AcceptsValidGrammar/Case0347_type_expr
[       OK ] GrammarCombinations/ParserGrammarCorpusTest.AcceptsValidGrammar/Case0347_type_expr (0 ms)
[ RUN      ] GrammarCombinations/ParserGrammarCorpusTest.AcceptsValidGrammar/Case0348_pattern
[       OK ] GrammarCombinations/ParserGrammarCorpusTest.AcceptsValidGrammar/Case0348_pattern (0 ms)
[ RUN      ] GrammarCombinations/ParserGrammarCorpusTest.AcceptsValidGrammar/Case0349_binding_pattern
[       OK ] GrammarCombinations/ParserGrammarCorpusTest.AcceptsValidGrammar/Case0349_binding_pattern (0 ms)
[ RUN      ] GrammarCombinations/ParserGrammarCorpusTest.AcceptsValidGrammar/Case0350_decl
[       OK ] GrammarCombinations/ParserGrammarCorpusTest.AcceptsValidGrammar/Case0350_decl (0 ms)
[ RUN      ] GrammarCombinations/ParserGrammarCorpusTest.AcceptsValidGrammar/Case0351_for_header
[       OK ] GrammarCombinations/ParserGrammarCorpusTest.AcceptsValidGrammar/Case0351_for_header (0 ms)
[ RUN      ] GrammarCombinations/ParserGrammarCorpusTest.AcceptsValidGrammar/Case0352_stmt
[       OK ] GrammarCombinations/ParserGrammarCorpusTest.AcceptsValidGrammar/Case0352_stmt (0 ms)
[ RUN      ] GrammarCombinations/ParserGrammarCorpusTest.AcceptsValidGrammar/Case0353_expr
[       OK ] GrammarCombinations/ParserGrammarCorpusTest.AcceptsValidGrammar/Case0353_expr (0 ms)
[ RUN      ] GrammarCombinations/ParserGrammarCorpusTest.AcceptsValidGrammar/Case0354_expr
[       OK ] GrammarCombinations/ParserGrammarCorpusTest.AcceptsValidGrammar/Case0354_expr (0 ms)
[ RUN      ] GrammarCombinations/ParserGrammarCorpusTest.AcceptsValidGrammar/Case0355_type_expr
[       OK ] GrammarCombinations/ParserGrammarCorpusTest.AcceptsValidGrammar/Case0355_type_expr (0 ms)
[ RUN      ] GrammarCombinations/ParserGrammarCorpusTest.AcceptsValidGrammar/Case0356_pattern
[       OK ] GrammarCombinations/ParserGrammarCorpusTest.AcceptsValidGrammar/Case0356_pattern (0 ms)
[ RUN      ] GrammarCombinations/ParserGrammarCorpusTest.AcceptsValidGrammar/Case0357_binding_pattern
[       OK ] GrammarCombinations/ParserGrammarCorpusTest.AcceptsValidGrammar/Case0357_binding_pattern (0 ms)
[ RUN      ] GrammarCombinations/ParserGrammarCorpusTest.AcceptsValidGrammar/Case0358_decl
[       OK ] GrammarCombinations/ParserGrammarCorpusTest.AcceptsValidGrammar/Case0358_decl (0 ms)
[ RUN      ] GrammarCombinations/ParserGrammarCorpusTest.AcceptsValidGrammar/Case0359_for_header
[       OK ] GrammarCombinations/ParserGrammarCorpusTest.AcceptsValidGrammar/Case0359_for_header (0 ms)
[ RUN      ] GrammarCombinations/ParserGrammarCorpusTest.AcceptsValidGrammar/Case0360_stmt
[       OK ] GrammarCombinations/ParserGrammarCorpusTest.AcceptsValidGrammar/Case0360_stmt (0 ms)
[ RUN      ] GrammarCombinations/ParserGrammarCorpusTest.AcceptsValidGrammar/Case0361_expr
[       OK ] GrammarCombinations/ParserGrammarCorpusTest.AcceptsValidGrammar/Case0361_expr (0 ms)
[ RUN      ] GrammarCombinations/ParserGrammarCorpusTest.AcceptsValidGrammar/Case0362_expr
[       OK ] GrammarCombinations/ParserGrammarCorpusTest.AcceptsValidGrammar/Case0362_expr (0 ms)
[ RUN      ] GrammarCombinations/ParserGrammarCorpusTest.AcceptsValidGrammar/Case0363_type_expr
[       OK ] GrammarCombinations/ParserGrammarCorpusTest.AcceptsValidGrammar/Case0363_type_expr (0 ms)
[ RUN      ] GrammarCombinations/ParserGrammarCorpusTest.AcceptsValidGrammar/Case0364_pattern
[       OK ] GrammarCombinations/ParserGrammarCorpusTest.AcceptsValidGrammar/Case0364_pattern (0 ms)
[ RUN      ] GrammarCombinations/ParserGrammarCorpusTest.AcceptsValidGrammar/Case0365_binding_pattern
[       OK ] GrammarCombinations/ParserGrammarCorpusTest.AcceptsValidGrammar/Case0365_binding_pattern (0 ms)
[ RUN      ] GrammarCombinations/ParserGrammarCorpusTest.AcceptsValidGrammar/Case0366_decl
[       OK ] GrammarCombinations/ParserGrammarCorpusTest.AcceptsValidGrammar/Case0366_decl (0 ms)
[ RUN      ] GrammarCombinations/ParserGrammarCorpusTest.AcceptsValidGrammar/Case0367_for_header
[       OK ] GrammarCombinations/ParserGrammarCorpusTest.AcceptsValidGrammar/Case0367_for_header (0 ms)
[ RUN      ] GrammarCombinations/ParserGrammarCorpusTest.AcceptsValidGrammar/Case0368_stmt
[       OK ] GrammarCombinations/ParserGrammarCorpusTest.AcceptsValidGrammar/Case0368_stmt (0 ms)
[ RUN      ] GrammarCombinations/ParserGrammarCorpusTest.AcceptsValidGrammar/Case0369_expr
[       OK ] GrammarCombinations/ParserGrammarCorpusTest.AcceptsValidGrammar/Case0369_expr (0 ms)
[ RUN      ] GrammarCombinations/ParserGrammarCorpusTest.AcceptsValidGrammar/Case0370_expr
[       OK ] GrammarCombinations/ParserGrammarCorpusTest.AcceptsValidGrammar/Case0370_expr (0 ms)
[ RUN      ] GrammarCombinations/ParserGrammarCorpusTest.AcceptsValidGrammar/Case0371_type_expr
[       OK ] GrammarCombinations/ParserGrammarCorpusTest.AcceptsValidGrammar/Case0371_type_expr (0 ms)
[ RUN      ] GrammarCombinations/ParserGrammarCorpusTest.AcceptsValidGrammar/Case0372_pattern
[       OK ] GrammarCombinations/ParserGrammarCorpusTest.AcceptsValidGrammar/Case0372_pattern (0 ms)
[ RUN      ] GrammarCombinations/ParserGrammarCorpusTest.AcceptsValidGrammar/Case0373_binding_pattern
[       OK ] GrammarCombinations/ParserGrammarCorpusTest.AcceptsValidGrammar/Case0373_binding_pattern (0 ms)
[ RUN      ] GrammarCombinations/ParserGrammarCorpusTest.AcceptsValidGrammar/Case0374_decl
[       OK ] GrammarCombinations/ParserGrammarCorpusTest.AcceptsValidGrammar/Case0374_decl (0 ms)
[ RUN      ] GrammarCombinations/ParserGrammarCorpusTest.AcceptsValidGrammar/Case0375_for_header
[       OK ] GrammarCombinations/ParserGrammarCorpusTest.AcceptsValidGrammar/Case0375_for_header (0 ms)
[ RUN      ] GrammarCombinations/ParserGrammarCorpusTest.AcceptsValidGrammar/Case0376_stmt
[       OK ] GrammarCombinations/ParserGrammarCorpusTest.AcceptsValidGrammar/Case0376_stmt (0 ms)
[ RUN      ] GrammarCombinations/ParserGrammarCorpusTest.AcceptsValidGrammar/Case0377_expr
[       OK ] GrammarCombinations/ParserGrammarCorpusTest.AcceptsValidGrammar/Case0377_expr (0 ms)
[ RUN      ] GrammarCombinations/ParserGrammarCorpusTest.AcceptsValidGrammar/Case0378_expr
[       OK ] GrammarCombinations/ParserGrammarCorpusTest.AcceptsValidGrammar/Case0378_expr (0 ms)
[ RUN      ] GrammarCombinations/ParserGrammarCorpusTest.AcceptsValidGrammar/Case0379_type_expr
[       OK ] GrammarCombinations/ParserGrammarCorpusTest.AcceptsValidGrammar/Case0379_type_expr (0 ms)
[ RUN      ] GrammarCombinations/ParserGrammarCorpusTest.AcceptsValidGrammar/Case0380_pattern
[       OK ] GrammarCombinations/ParserGrammarCorpusTest.AcceptsValidGrammar/Case0380_pattern (0 ms)
[ RUN      ] GrammarCombinations/ParserGrammarCorpusTest.AcceptsValidGrammar/Case0381_binding_pattern
[       OK ] GrammarCombinations/ParserGrammarCorpusTest.AcceptsValidGrammar/Case0381_binding_pattern (0 ms)
[ RUN      ] GrammarCombinations/ParserGrammarCorpusTest.AcceptsValidGrammar/Case0382_decl
[       OK ] GrammarCombinations/ParserGrammarCorpusTest.AcceptsValidGrammar/Case0382_decl (0 ms)
[ RUN      ] GrammarCombinations/ParserGrammarCorpusTest.AcceptsValidGrammar/Case0383_for_header
[       OK ] GrammarCombinations/ParserGrammarCorpusTest.AcceptsValidGrammar/Case0383_for_header (0 ms)
[ RUN      ] GrammarCombinations/ParserGrammarCorpusTest.AcceptsValidGrammar/Case0384_stmt
[       OK ] GrammarCombinations/ParserGrammarCorpusTest.AcceptsValidGrammar/Case0384_stmt (0 ms)
[ RUN      ] GrammarCombinations/ParserGrammarCorpusTest.AcceptsValidGrammar/Case0385_expr
[       OK ] GrammarCombinations/ParserGrammarCorpusTest.AcceptsValidGrammar/Case0385_expr (0 ms)
[ RUN      ] GrammarCombinations/ParserGrammarCorpusTest.AcceptsValidGrammar/Case0386_expr
[       OK ] GrammarCombinations/ParserGrammarCorpusTest.AcceptsValidGrammar/Case0386_expr (0 ms)
[ RUN      ] GrammarCombinations/ParserGrammarCorpusTest.AcceptsValidGrammar/Case0387_type_expr
[       OK ] GrammarCombinations/ParserGrammarCorpusTest.AcceptsValidGrammar/Case0387_type_expr (0 ms)
[ RUN      ] GrammarCombinations/ParserGrammarCorpusTest.AcceptsValidGrammar/Case0388_pattern
[       OK ] GrammarCombinations/ParserGrammarCorpusTest.AcceptsValidGrammar/Case0388_pattern (0 ms)
[ RUN      ] GrammarCombinations/ParserGrammarCorpusTest.AcceptsValidGrammar/Case0389_binding_pattern
[       OK ] GrammarCombinations/ParserGrammarCorpusTest.AcceptsValidGrammar/Case0389_binding_pattern (0 ms)
[ RUN      ] GrammarCombinations/ParserGrammarCorpusTest.AcceptsValidGrammar/Case0390_decl
[       OK ] GrammarCombinations/ParserGrammarCorpusTest.AcceptsValidGrammar/Case0390_decl (0 ms)
[ RUN      ] GrammarCombinations/ParserGrammarCorpusTest.AcceptsValidGrammar/Case0391_for_header
[       OK ] GrammarCombinations/ParserGrammarCorpusTest.AcceptsValidGrammar/Case0391_for_header (0 ms)
[ RUN      ] GrammarCombinations/ParserGrammarCorpusTest.AcceptsValidGrammar/Case0392_stmt
[       OK ] GrammarCombinations/ParserGrammarCorpusTest.AcceptsValidGrammar/Case0392_stmt (0 ms)
[ RUN      ] GrammarCombinations/ParserGrammarCorpusTest.AcceptsValidGrammar/Case0393_expr
[       OK ] GrammarCombinations/ParserGrammarCorpusTest.AcceptsValidGrammar/Case0393_expr (0 ms)
[ RUN      ] GrammarCombinations/ParserGrammarCorpusTest.AcceptsValidGrammar/Case0394_expr
[       OK ] GrammarCombinations/ParserGrammarCorpusTest.AcceptsValidGrammar/Case0394_expr (0 ms)
[ RUN      ] GrammarCombinations/ParserGrammarCorpusTest.AcceptsValidGrammar/Case0395_type_expr
[       OK ] GrammarCombinations/ParserGrammarCorpusTest.AcceptsValidGrammar/Case0395_type_expr (0 ms)
[ RUN      ] GrammarCombinations/ParserGrammarCorpusTest.AcceptsValidGrammar/Case0396_pattern
[       OK ] GrammarCombinations/ParserGrammarCorpusTest.AcceptsValidGrammar/Case0396_pattern (0 ms)
[ RUN      ] GrammarCombinations/ParserGrammarCorpusTest.AcceptsValidGrammar/Case0397_binding_pattern
[       OK ] GrammarCombinations/ParserGrammarCorpusTest.AcceptsValidGrammar/Case0397_binding_pattern (0 ms)
[ RUN      ] GrammarCombinations/ParserGrammarCorpusTest.AcceptsValidGrammar/Case0398_decl
[       OK ] GrammarCombinations/ParserGrammarCorpusTest.AcceptsValidGrammar/Case0398_decl (0 ms)
[ RUN      ] GrammarCombinations/ParserGrammarCorpusTest.AcceptsValidGrammar/Case0399_for_header
[       OK ] GrammarCombinations/ParserGrammarCorpusTest.AcceptsValidGrammar/Case0399_for_header (0 ms)
[ RUN      ] GrammarCombinations/ParserGrammarCorpusTest.AcceptsValidGrammar/Case0400_stmt
[       OK ] GrammarCombinations/ParserGrammarCorpusTest.AcceptsValidGrammar/Case0400_stmt (0 ms)
[ RUN      ] GrammarCombinations/ParserGrammarCorpusTest.AcceptsValidGrammar/Case0401_expr
[       OK ] GrammarCombinations/ParserGrammarCorpusTest.AcceptsValidGrammar/Case0401_expr (0 ms)
[ RUN      ] GrammarCombinations/ParserGrammarCorpusTest.AcceptsValidGrammar/Case0402_expr
[       OK ] GrammarCombinations/ParserGrammarCorpusTest.AcceptsValidGrammar/Case0402_expr (0 ms)
[ RUN      ] GrammarCombinations/ParserGrammarCorpusTest.AcceptsValidGrammar/Case0403_type_expr
[       OK ] GrammarCombinations/ParserGrammarCorpusTest.AcceptsValidGrammar/Case0403_type_expr (0 ms)
[ RUN      ] GrammarCombinations/ParserGrammarCorpusTest.AcceptsValidGrammar/Case0404_pattern
[       OK ] GrammarCombinations/ParserGrammarCorpusTest.AcceptsValidGrammar/Case0404_pattern (0 ms)
[ RUN      ] GrammarCombinations/ParserGrammarCorpusTest.AcceptsValidGrammar/Case0405_binding_pattern
[       OK ] GrammarCombinations/ParserGrammarCorpusTest.AcceptsValidGrammar/Case0405_binding_pattern (0 ms)
[ RUN      ] GrammarCombinations/ParserGrammarCorpusTest.AcceptsValidGrammar/Case0406_decl
[       OK ] GrammarCombinations/ParserGrammarCorpusTest.AcceptsValidGrammar/Case0406_decl (0 ms)
[ RUN      ] GrammarCombinations/ParserGrammarCorpusTest.AcceptsValidGrammar/Case0407_for_header
[       OK ] GrammarCombinations/ParserGrammarCorpusTest.AcceptsValidGrammar/Case0407_for_header (0 ms)
[ RUN      ] GrammarCombinations/ParserGrammarCorpusTest.AcceptsValidGrammar/Case0408_stmt
[       OK ] GrammarCombinations/ParserGrammarCorpusTest.AcceptsValidGrammar/Case0408_stmt (0 ms)
[ RUN      ] GrammarCombinations/ParserGrammarCorpusTest.AcceptsValidGrammar/Case0409_expr
[       OK ] GrammarCombinations/ParserGrammarCorpusTest.AcceptsValidGrammar/Case0409_expr (0 ms)
[ RUN      ] GrammarCombinations/ParserGrammarCorpusTest.AcceptsValidGrammar/Case0410_expr
[       OK ] GrammarCombinations/ParserGrammarCorpusTest.AcceptsValidGrammar/Case0410_expr (0 ms)
[ RUN      ] GrammarCombinations/ParserGrammarCorpusTest.AcceptsValidGrammar/Case0411_type_expr
[       OK ] GrammarCombinations/ParserGrammarCorpusTest.AcceptsValidGrammar/Case0411_type_expr (0 ms)
[ RUN      ] GrammarCombinations/ParserGrammarCorpusTest.AcceptsValidGrammar/Case0412_pattern
[       OK ] GrammarCombinations/ParserGrammarCorpusTest.AcceptsValidGrammar/Case0412_pattern (0 ms)
[ RUN      ] GrammarCombinations/ParserGrammarCorpusTest.AcceptsValidGrammar/Case0413_binding_pattern
[       OK ] GrammarCombinations/ParserGrammarCorpusTest.AcceptsValidGrammar/Case0413_binding_pattern (0 ms)
[ RUN      ] GrammarCombinations/ParserGrammarCorpusTest.AcceptsValidGrammar/Case0414_decl
[       OK ] GrammarCombinations/ParserGrammarCorpusTest.AcceptsValidGrammar/Case0414_decl (0 ms)
[ RUN      ] GrammarCombinations/ParserGrammarCorpusTest.AcceptsValidGrammar/Case0415_for_header
[       OK ] GrammarCombinations/ParserGrammarCorpusTest.AcceptsValidGrammar/Case0415_for_header (0 ms)
[ RUN      ] GrammarCombinations/ParserGrammarCorpusTest.AcceptsValidGrammar/Case0416_stmt
[       OK ] GrammarCombinations/ParserGrammarCorpusTest.AcceptsValidGrammar/Case0416_stmt (0 ms)
[ RUN      ] GrammarCombinations/ParserGrammarCorpusTest.AcceptsValidGrammar/Case0417_expr
[       OK ] GrammarCombinations/ParserGrammarCorpusTest.AcceptsValidGrammar/Case0417_expr (0 ms)
[ RUN      ] GrammarCombinations/ParserGrammarCorpusTest.AcceptsValidGrammar/Case0418_expr
[       OK ] GrammarCombinations/ParserGrammarCorpusTest.AcceptsValidGrammar/Case0418_expr (0 ms)
[ RUN      ] GrammarCombinations/ParserGrammarCorpusTest.AcceptsValidGrammar/Case0419_type_expr
[       OK ] GrammarCombinations/ParserGrammarCorpusTest.AcceptsValidGrammar/Case0419_type_expr (0 ms)
[ RUN      ] GrammarCombinations/ParserGrammarCorpusTest.AcceptsValidGrammar/Case0420_pattern
[       OK ] GrammarCombinations/ParserGrammarCorpusTest.AcceptsValidGrammar/Case0420_pattern (0 ms)
[ RUN      ] GrammarCombinations/ParserGrammarCorpusTest.AcceptsValidGrammar/Case0421_binding_pattern
[       OK ] GrammarCombinations/ParserGrammarCorpusTest.AcceptsValidGrammar/Case0421_binding_pattern (0 ms)
[ RUN      ] GrammarCombinations/ParserGrammarCorpusTest.AcceptsValidGrammar/Case0422_decl
[       OK ] GrammarCombinations/ParserGrammarCorpusTest.AcceptsValidGrammar/Case0422_decl (0 ms)
[ RUN      ] GrammarCombinations/ParserGrammarCorpusTest.AcceptsValidGrammar/Case0423_for_header
[       OK ] GrammarCombinations/ParserGrammarCorpusTest.AcceptsValidGrammar/Case0423_for_header (0 ms)
[ RUN      ] GrammarCombinations/ParserGrammarCorpusTest.AcceptsValidGrammar/Case0424_stmt
[       OK ] GrammarCombinations/ParserGrammarCorpusTest.AcceptsValidGrammar/Case0424_stmt (0 ms)
[ RUN      ] GrammarCombinations/ParserGrammarCorpusTest.AcceptsValidGrammar/Case0425_expr
[       OK ] GrammarCombinations/ParserGrammarCorpusTest.AcceptsValidGrammar/Case0425_expr (0 ms)
[ RUN      ] GrammarCombinations/ParserGrammarCorpusTest.AcceptsValidGrammar/Case0426_expr
[       OK ] GrammarCombinations/ParserGrammarCorpusTest.AcceptsValidGrammar/Case0426_expr (0 ms)
[ RUN      ] GrammarCombinations/ParserGrammarCorpusTest.AcceptsValidGrammar/Case0427_type_expr
[       OK ] GrammarCombinations/ParserGrammarCorpusTest.AcceptsValidGrammar/Case0427_type_expr (0 ms)
[ RUN      ] GrammarCombinations/ParserGrammarCorpusTest.AcceptsValidGrammar/Case0428_pattern
[       OK ] GrammarCombinations/ParserGrammarCorpusTest.AcceptsValidGrammar/Case0428_pattern (0 ms)
[ RUN      ] GrammarCombinations/ParserGrammarCorpusTest.AcceptsValidGrammar/Case0429_binding_pattern
[       OK ] GrammarCombinations/ParserGrammarCorpusTest.AcceptsValidGrammar/Case0429_binding_pattern (0 ms)
[ RUN      ] GrammarCombinations/ParserGrammarCorpusTest.AcceptsValidGrammar/Case0430_decl
[       OK ] GrammarCombinations/ParserGrammarCorpusTest.AcceptsValidGrammar/Case0430_decl (0 ms)
[ RUN      ] GrammarCombinations/ParserGrammarCorpusTest.AcceptsValidGrammar/Case0431_for_header
[       OK ] GrammarCombinations/ParserGrammarCorpusTest.AcceptsValidGrammar/Case0431_for_header (0 ms)
[ RUN      ] GrammarCombinations/ParserGrammarCorpusTest.AcceptsValidGrammar/Case0432_stmt
[       OK ] GrammarCombinations/ParserGrammarCorpusTest.AcceptsValidGrammar/Case0432_stmt (0 ms)
[ RUN      ] GrammarCombinations/ParserGrammarCorpusTest.AcceptsValidGrammar/Case0433_expr
[       OK ] GrammarCombinations/ParserGrammarCorpusTest.AcceptsValidGrammar/Case0433_expr (0 ms)
[ RUN      ] GrammarCombinations/ParserGrammarCorpusTest.AcceptsValidGrammar/Case0434_expr
[       OK ] GrammarCombinations/ParserGrammarCorpusTest.AcceptsValidGrammar/Case0434_expr (0 ms)
[ RUN      ] GrammarCombinations/ParserGrammarCorpusTest.AcceptsValidGrammar/Case0435_type_expr
[       OK ] GrammarCombinations/ParserGrammarCorpusTest.AcceptsValidGrammar/Case0435_type_expr (0 ms)
[ RUN      ] GrammarCombinations/ParserGrammarCorpusTest.AcceptsValidGrammar/Case0436_pattern
[       OK ] GrammarCombinations/ParserGrammarCorpusTest.AcceptsValidGrammar/Case0436_pattern (0 ms)
[ RUN      ] GrammarCombinations/ParserGrammarCorpusTest.AcceptsValidGrammar/Case0437_binding_pattern
[       OK ] GrammarCombinations/ParserGrammarCorpusTest.AcceptsValidGrammar/Case0437_binding_pattern (0 ms)
[ RUN      ] GrammarCombinations/ParserGrammarCorpusTest.AcceptsValidGrammar/Case0438_decl
[       OK ] GrammarCombinations/ParserGrammarCorpusTest.AcceptsValidGrammar/Case0438_decl (0 ms)
[ RUN      ] GrammarCombinations/ParserGrammarCorpusTest.AcceptsValidGrammar/Case0439_for_header
[       OK ] GrammarCombinations/ParserGrammarCorpusTest.AcceptsValidGrammar/Case0439_for_header (0 ms)
[ RUN      ] GrammarCombinations/ParserGrammarCorpusTest.AcceptsValidGrammar/Case0440_stmt
[       OK ] GrammarCombinations/ParserGrammarCorpusTest.AcceptsValidGrammar/Case0440_stmt (0 ms)
[ RUN      ] GrammarCombinations/ParserGrammarCorpusTest.AcceptsValidGrammar/Case0441_expr
[       OK ] GrammarCombinations/ParserGrammarCorpusTest.AcceptsValidGrammar/Case0441_expr (0 ms)
[ RUN      ] GrammarCombinations/ParserGrammarCorpusTest.AcceptsValidGrammar/Case0442_expr
[       OK ] GrammarCombinations/ParserGrammarCorpusTest.AcceptsValidGrammar/Case0442_expr (0 ms)
[ RUN      ] GrammarCombinations/ParserGrammarCorpusTest.AcceptsValidGrammar/Case0443_type_expr
[       OK ] GrammarCombinations/ParserGrammarCorpusTest.AcceptsValidGrammar/Case0443_type_expr (0 ms)
[ RUN      ] GrammarCombinations/ParserGrammarCorpusTest.AcceptsValidGrammar/Case0444_pattern
[       OK ] GrammarCombinations/ParserGrammarCorpusTest.AcceptsValidGrammar/Case0444_pattern (0 ms)
[ RUN      ] GrammarCombinations/ParserGrammarCorpusTest.AcceptsValidGrammar/Case0445_binding_pattern
[       OK ] GrammarCombinations/ParserGrammarCorpusTest.AcceptsValidGrammar/Case0445_binding_pattern (0 ms)
[ RUN      ] GrammarCombinations/ParserGrammarCorpusTest.AcceptsValidGrammar/Case0446_decl
[       OK ] GrammarCombinations/ParserGrammarCorpusTest.AcceptsValidGrammar/Case0446_decl (0 ms)
[ RUN      ] GrammarCombinations/ParserGrammarCorpusTest.AcceptsValidGrammar/Case0447_for_header
[       OK ] GrammarCombinations/ParserGrammarCorpusTest.AcceptsValidGrammar/Case0447_for_header (0 ms)
[ RUN      ] GrammarCombinations/ParserGrammarCorpusTest.AcceptsValidGrammar/Case0448_stmt
[       OK ] GrammarCombinations/ParserGrammarCorpusTest.AcceptsValidGrammar/Case0448_stmt (0 ms)
[ RUN      ] GrammarCombinations/ParserGrammarCorpusTest.AcceptsValidGrammar/Case0449_expr
[       OK ] GrammarCombinations/ParserGrammarCorpusTest.AcceptsValidGrammar/Case0449_expr (0 ms)
[ RUN      ] GrammarCombinations/ParserGrammarCorpusTest.AcceptsValidGrammar/Case0450_expr
[       OK ] GrammarCombinations/ParserGrammarCorpusTest.AcceptsValidGrammar/Case0450_expr (0 ms)
[ RUN      ] GrammarCombinations/ParserGrammarCorpusTest.AcceptsValidGrammar/Case0451_type_expr
[       OK ] GrammarCombinations/ParserGrammarCorpusTest.AcceptsValidGrammar/Case0451_type_expr (0 ms)
[ RUN      ] GrammarCombinations/ParserGrammarCorpusTest.AcceptsValidGrammar/Case0452_pattern
[       OK ] GrammarCombinations/ParserGrammarCorpusTest.AcceptsValidGrammar/Case0452_pattern (0 ms)
[ RUN      ] GrammarCombinations/ParserGrammarCorpusTest.AcceptsValidGrammar/Case0453_binding_pattern
[       OK ] GrammarCombinations/ParserGrammarCorpusTest.AcceptsValidGrammar/Case0453_binding_pattern (0 ms)
[ RUN      ] GrammarCombinations/ParserGrammarCorpusTest.AcceptsValidGrammar/Case0454_decl
[       OK ] GrammarCombinations/ParserGrammarCorpusTest.AcceptsValidGrammar/Case0454_decl (0 ms)
[ RUN      ] GrammarCombinations/ParserGrammarCorpusTest.AcceptsValidGrammar/Case0455_for_header
[       OK ] GrammarCombinations/ParserGrammarCorpusTest.AcceptsValidGrammar/Case0455_for_header (0 ms)
[ RUN      ] GrammarCombinations/ParserGrammarCorpusTest.AcceptsValidGrammar/Case0456_stmt
[       OK ] GrammarCombinations/ParserGrammarCorpusTest.AcceptsValidGrammar/Case0456_stmt (0 ms)
[ RUN      ] GrammarCombinations/ParserGrammarCorpusTest.AcceptsValidGrammar/Case0457_expr
[       OK ] GrammarCombinations/ParserGrammarCorpusTest.AcceptsValidGrammar/Case0457_expr (0 ms)
[ RUN      ] GrammarCombinations/ParserGrammarCorpusTest.AcceptsValidGrammar/Case0458_expr
[       OK ] GrammarCombinations/ParserGrammarCorpusTest.AcceptsValidGrammar/Case0458_expr (0 ms)
[ RUN      ] GrammarCombinations/ParserGrammarCorpusTest.AcceptsValidGrammar/Case0459_type_expr
[       OK ] GrammarCombinations/ParserGrammarCorpusTest.AcceptsValidGrammar/Case0459_type_expr (0 ms)
[ RUN      ] GrammarCombinations/ParserGrammarCorpusTest.AcceptsValidGrammar/Case0460_pattern
[       OK ] GrammarCombinations/ParserGrammarCorpusTest.AcceptsValidGrammar/Case0460_pattern (0 ms)
[ RUN      ] GrammarCombinations/ParserGrammarCorpusTest.AcceptsValidGrammar/Case0461_binding_pattern
[       OK ] GrammarCombinations/ParserGrammarCorpusTest.AcceptsValidGrammar/Case0461_binding_pattern (0 ms)
[ RUN      ] GrammarCombinations/ParserGrammarCorpusTest.AcceptsValidGrammar/Case0462_decl
[       OK ] GrammarCombinations/ParserGrammarCorpusTest.AcceptsValidGrammar/Case0462_decl (0 ms)
[ RUN      ] GrammarCombinations/ParserGrammarCorpusTest.AcceptsValidGrammar/Case0463_for_header
[       OK ] GrammarCombinations/ParserGrammarCorpusTest.AcceptsValidGrammar/Case0463_for_header (0 ms)
[ RUN      ] GrammarCombinations/ParserGrammarCorpusTest.AcceptsValidGrammar/Case0464_stmt
[       OK ] GrammarCombinations/ParserGrammarCorpusTest.AcceptsValidGrammar/Case0464_stmt (0 ms)
[ RUN      ] GrammarCombinations/ParserGrammarCorpusTest.AcceptsValidGrammar/Case0465_expr
[       OK ] GrammarCombinations/ParserGrammarCorpusTest.AcceptsValidGrammar/Case0465_expr (0 ms)
[ RUN      ] GrammarCombinations/ParserGrammarCorpusTest.AcceptsValidGrammar/Case0466_expr
[       OK ] GrammarCombinations/ParserGrammarCorpusTest.AcceptsValidGrammar/Case0466_expr (0 ms)
[ RUN      ] GrammarCombinations/ParserGrammarCorpusTest.AcceptsValidGrammar/Case0467_type_expr
[       OK ] GrammarCombinations/ParserGrammarCorpusTest.AcceptsValidGrammar/Case0467_type_expr (0 ms)
[ RUN      ] GrammarCombinations/ParserGrammarCorpusTest.AcceptsValidGrammar/Case0468_pattern
[       OK ] GrammarCombinations/ParserGrammarCorpusTest.AcceptsValidGrammar/Case0468_pattern (0 ms)
[ RUN      ] GrammarCombinations/ParserGrammarCorpusTest.AcceptsValidGrammar/Case0469_binding_pattern
[       OK ] GrammarCombinations/ParserGrammarCorpusTest.AcceptsValidGrammar/Case0469_binding_pattern (0 ms)
[ RUN      ] GrammarCombinations/ParserGrammarCorpusTest.AcceptsValidGrammar/Case0470_decl
[       OK ] GrammarCombinations/ParserGrammarCorpusTest.AcceptsValidGrammar/Case0470_decl (0 ms)
[ RUN      ] GrammarCombinations/ParserGrammarCorpusTest.AcceptsValidGrammar/Case0471_for_header
[       OK ] GrammarCombinations/ParserGrammarCorpusTest.AcceptsValidGrammar/Case0471_for_header (0 ms)
[ RUN      ] GrammarCombinations/ParserGrammarCorpusTest.AcceptsValidGrammar/Case0472_stmt
[       OK ] GrammarCombinations/ParserGrammarCorpusTest.AcceptsValidGrammar/Case0472_stmt (0 ms)
[ RUN      ] GrammarCombinations/ParserGrammarCorpusTest.AcceptsValidGrammar/Case0473_expr
[       OK ] GrammarCombinations/ParserGrammarCorpusTest.AcceptsValidGrammar/Case0473_expr (0 ms)
[ RUN      ] GrammarCombinations/ParserGrammarCorpusTest.AcceptsValidGrammar/Case0474_expr
[       OK ] GrammarCombinations/ParserGrammarCorpusTest.AcceptsValidGrammar/Case0474_expr (0 ms)
[ RUN      ] GrammarCombinations/ParserGrammarCorpusTest.AcceptsValidGrammar/Case0475_type_expr
[       OK ] GrammarCombinations/ParserGrammarCorpusTest.AcceptsValidGrammar/Case0475_type_expr (0 ms)
[ RUN      ] GrammarCombinations/ParserGrammarCorpusTest.AcceptsValidGrammar/Case0476_pattern
[       OK ] GrammarCombinations/ParserGrammarCorpusTest.AcceptsValidGrammar/Case0476_pattern (0 ms)
[ RUN      ] GrammarCombinations/ParserGrammarCorpusTest.AcceptsValidGrammar/Case0477_binding_pattern
[       OK ] GrammarCombinations/ParserGrammarCorpusTest.AcceptsValidGrammar/Case0477_binding_pattern (0 ms)
[ RUN      ] GrammarCombinations/ParserGrammarCorpusTest.AcceptsValidGrammar/Case0478_decl
[       OK ] GrammarCombinations/ParserGrammarCorpusTest.AcceptsValidGrammar/Case0478_decl (0 ms)
[ RUN      ] GrammarCombinations/ParserGrammarCorpusTest.AcceptsValidGrammar/Case0479_for_header
[       OK ] GrammarCombinations/ParserGrammarCorpusTest.AcceptsValidGrammar/Case0479_for_header (0 ms)
[ RUN      ] GrammarCombinations/ParserGrammarCorpusTest.AcceptsValidGrammar/Case0480_stmt
[       OK ] GrammarCombinations/ParserGrammarCorpusTest.AcceptsValidGrammar/Case0480_stmt (0 ms)
[ RUN      ] GrammarCombinations/ParserGrammarCorpusTest.AcceptsValidGrammar/Case0481_expr
[       OK ] GrammarCombinations/ParserGrammarCorpusTest.AcceptsValidGrammar/Case0481_expr (0 ms)
[ RUN      ] GrammarCombinations/ParserGrammarCorpusTest.AcceptsValidGrammar/Case0482_expr
[       OK ] GrammarCombinations/ParserGrammarCorpusTest.AcceptsValidGrammar/Case0482_expr (0 ms)
[ RUN      ] GrammarCombinations/ParserGrammarCorpusTest.AcceptsValidGrammar/Case0483_type_expr
[       OK ] GrammarCombinations/ParserGrammarCorpusTest.AcceptsValidGrammar/Case0483_type_expr (0 ms)
[ RUN      ] GrammarCombinations/ParserGrammarCorpusTest.AcceptsValidGrammar/Case0484_pattern
[       OK ] GrammarCombinations/ParserGrammarCorpusTest.AcceptsValidGrammar/Case0484_pattern (0 ms)
[ RUN      ] GrammarCombinations/ParserGrammarCorpusTest.AcceptsValidGrammar/Case0485_binding_pattern
[       OK ] GrammarCombinations/ParserGrammarCorpusTest.AcceptsValidGrammar/Case0485_binding_pattern (0 ms)
[ RUN      ] GrammarCombinations/ParserGrammarCorpusTest.AcceptsValidGrammar/Case0486_decl
[       OK ] GrammarCombinations/ParserGrammarCorpusTest.AcceptsValidGrammar/Case0486_decl (0 ms)
[ RUN      ] GrammarCombinations/ParserGrammarCorpusTest.AcceptsValidGrammar/Case0487_for_header
[       OK ] GrammarCombinations/ParserGrammarCorpusTest.AcceptsValidGrammar/Case0487_for_header (0 ms)
[ RUN      ] GrammarCombinations/ParserGrammarCorpusTest.AcceptsValidGrammar/Case0488_stmt
[       OK ] GrammarCombinations/ParserGrammarCorpusTest.AcceptsValidGrammar/Case0488_stmt (0 ms)
[ RUN      ] GrammarCombinations/ParserGrammarCorpusTest.AcceptsValidGrammar/Case0489_expr
[       OK ] GrammarCombinations/ParserGrammarCorpusTest.AcceptsValidGrammar/Case0489_expr (0 ms)
[ RUN      ] GrammarCombinations/ParserGrammarCorpusTest.AcceptsValidGrammar/Case0490_expr
[       OK ] GrammarCombinations/ParserGrammarCorpusTest.AcceptsValidGrammar/Case0490_expr (0 ms)
[ RUN      ] GrammarCombinations/ParserGrammarCorpusTest.AcceptsValidGrammar/Case0491_type_expr
[       OK ] GrammarCombinations/ParserGrammarCorpusTest.AcceptsValidGrammar/Case0491_type_expr (0 ms)
[ RUN      ] GrammarCombinations/ParserGrammarCorpusTest.AcceptsValidGrammar/Case0492_pattern
[       OK ] GrammarCombinations/ParserGrammarCorpusTest.AcceptsValidGrammar/Case0492_pattern (0 ms)
[ RUN      ] GrammarCombinations/ParserGrammarCorpusTest.AcceptsValidGrammar/Case0493_binding_pattern
[       OK ] GrammarCombinations/ParserGrammarCorpusTest.AcceptsValidGrammar/Case0493_binding_pattern (0 ms)
[ RUN      ] GrammarCombinations/ParserGrammarCorpusTest.AcceptsValidGrammar/Case0494_decl
[       OK ] GrammarCombinations/ParserGrammarCorpusTest.AcceptsValidGrammar/Case0494_decl (0 ms)
[ RUN      ] GrammarCombinations/ParserGrammarCorpusTest.AcceptsValidGrammar/Case0495_for_header
[       OK ] GrammarCombinations/ParserGrammarCorpusTest.AcceptsValidGrammar/Case0495_for_header (0 ms)
[ RUN      ] GrammarCombinations/ParserGrammarCorpusTest.AcceptsValidGrammar/Case0496_stmt
[       OK ] GrammarCombinations/ParserGrammarCorpusTest.AcceptsValidGrammar/Case0496_stmt (0 ms)
[ RUN      ] GrammarCombinations/ParserGrammarCorpusTest.AcceptsValidGrammar/Case0497_expr
[       OK ] GrammarCombinations/ParserGrammarCorpusTest.AcceptsValidGrammar/Case0497_expr (0 ms)
[ RUN      ] GrammarCombinations/ParserGrammarCorpusTest.AcceptsValidGrammar/Case0498_expr
[       OK ] GrammarCombinations/ParserGrammarCorpusTest.AcceptsValidGrammar/Case0498_expr (0 ms)
[ RUN      ] GrammarCombinations/ParserGrammarCorpusTest.AcceptsValidGrammar/Case0499_type_expr
[       OK ] GrammarCombinations/ParserGrammarCorpusTest.AcceptsValidGrammar/Case0499_type_expr (0 ms)
[ RUN      ] GrammarCombinations/ParserGrammarCorpusTest.AcceptsValidGrammar/Case0500_pattern
[       OK ] GrammarCombinations/ParserGrammarCorpusTest.AcceptsValidGrammar/Case0500_pattern (0 ms)
[ RUN      ] GrammarCombinations/ParserGrammarCorpusTest.AcceptsValidGrammar/Case0501_binding_pattern
[       OK ] GrammarCombinations/ParserGrammarCorpusTest.AcceptsValidGrammar/Case0501_binding_pattern (0 ms)
[ RUN      ] GrammarCombinations/ParserGrammarCorpusTest.AcceptsValidGrammar/Case0502_decl
[       OK ] GrammarCombinations/ParserGrammarCorpusTest.AcceptsValidGrammar/Case0502_decl (0 ms)
[ RUN      ] GrammarCombinations/ParserGrammarCorpusTest.AcceptsValidGrammar/Case0503_for_header
[       OK ] GrammarCombinations/ParserGrammarCorpusTest.AcceptsValidGrammar/Case0503_for_header (0 ms)
[ RUN      ] GrammarCombinations/ParserGrammarCorpusTest.AcceptsValidGrammar/Case0504_stmt
[       OK ] GrammarCombinations/ParserGrammarCorpusTest.AcceptsValidGrammar/Case0504_stmt (0 ms)
[ RUN      ] GrammarCombinations/ParserGrammarCorpusTest.AcceptsValidGrammar/Case0505_expr
[       OK ] GrammarCombinations/ParserGrammarCorpusTest.AcceptsValidGrammar/Case0505_expr (0 ms)
[ RUN      ] GrammarCombinations/ParserGrammarCorpusTest.AcceptsValidGrammar/Case0506_expr
[       OK ] GrammarCombinations/ParserGrammarCorpusTest.AcceptsValidGrammar/Case0506_expr (0 ms)
[ RUN      ] GrammarCombinations/ParserGrammarCorpusTest.AcceptsValidGrammar/Case0507_type_expr
[       OK ] GrammarCombinations/ParserGrammarCorpusTest.AcceptsValidGrammar/Case0507_type_expr (0 ms)
[ RUN      ] GrammarCombinations/ParserGrammarCorpusTest.AcceptsValidGrammar/Case0508_pattern
[       OK ] GrammarCombinations/ParserGrammarCorpusTest.AcceptsValidGrammar/Case0508_pattern (0 ms)
[ RUN      ] GrammarCombinations/ParserGrammarCorpusTest.AcceptsValidGrammar/Case0509_binding_pattern
[       OK ] GrammarCombinations/ParserGrammarCorpusTest.AcceptsValidGrammar/Case0509_binding_pattern (0 ms)
[ RUN      ] GrammarCombinations/ParserGrammarCorpusTest.AcceptsValidGrammar/Case0510_decl
[       OK ] GrammarCombinations/ParserGrammarCorpusTest.AcceptsValidGrammar/Case0510_decl (0 ms)
[ RUN      ] GrammarCombinations/ParserGrammarCorpusTest.AcceptsValidGrammar/Case0511_for_header
[       OK ] GrammarCombinations/ParserGrammarCorpusTest.AcceptsValidGrammar/Case0511_for_header (0 ms)
[ RUN      ] GrammarCombinations/ParserGrammarCorpusTest.AcceptsValidGrammar/Case0512_stmt
[       OK ] GrammarCombinations/ParserGrammarCorpusTest.AcceptsValidGrammar/Case0512_stmt (0 ms)
[ RUN      ] GrammarCombinations/ParserGrammarCorpusTest.AcceptsValidGrammar/Case0513_expr
[       OK ] GrammarCombinations/ParserGrammarCorpusTest.AcceptsValidGrammar/Case0513_expr (0 ms)
[ RUN      ] GrammarCombinations/ParserGrammarCorpusTest.AcceptsValidGrammar/Case0514_expr
[       OK ] GrammarCombinations/ParserGrammarCorpusTest.AcceptsValidGrammar/Case0514_expr (0 ms)
[ RUN      ] GrammarCombinations/ParserGrammarCorpusTest.AcceptsValidGrammar/Case0515_type_expr
[       OK ] GrammarCombinations/ParserGrammarCorpusTest.AcceptsValidGrammar/Case0515_type_expr (0 ms)
[ RUN      ] GrammarCombinations/ParserGrammarCorpusTest.AcceptsValidGrammar/Case0516_pattern
[       OK ] GrammarCombinations/ParserGrammarCorpusTest.AcceptsValidGrammar/Case0516_pattern (0 ms)
[ RUN      ] GrammarCombinations/ParserGrammarCorpusTest.AcceptsValidGrammar/Case0517_binding_pattern
[       OK ] GrammarCombinations/ParserGrammarCorpusTest.AcceptsValidGrammar/Case0517_binding_pattern (0 ms)
[ RUN      ] GrammarCombinations/ParserGrammarCorpusTest.AcceptsValidGrammar/Case0518_decl
[       OK ] GrammarCombinations/ParserGrammarCorpusTest.AcceptsValidGrammar/Case0518_decl (0 ms)
[ RUN      ] GrammarCombinations/ParserGrammarCorpusTest.AcceptsValidGrammar/Case0519_for_header
[       OK ] GrammarCombinations/ParserGrammarCorpusTest.AcceptsValidGrammar/Case0519_for_header (0 ms)
[ RUN      ] GrammarCombinations/ParserGrammarCorpusTest.AcceptsValidGrammar/Case0520_stmt
[       OK ] GrammarCombinations/ParserGrammarCorpusTest.AcceptsValidGrammar/Case0520_stmt (0 ms)
[ RUN      ] GrammarCombinations/ParserGrammarCorpusTest.AcceptsValidGrammar/Case0521_expr
[       OK ] GrammarCombinations/ParserGrammarCorpusTest.AcceptsValidGrammar/Case0521_expr (0 ms)
[ RUN      ] GrammarCombinations/ParserGrammarCorpusTest.AcceptsValidGrammar/Case0522_expr
[       OK ] GrammarCombinations/ParserGrammarCorpusTest.AcceptsValidGrammar/Case0522_expr (0 ms)
[ RUN      ] GrammarCombinations/ParserGrammarCorpusTest.AcceptsValidGrammar/Case0523_type_expr
[       OK ] GrammarCombinations/ParserGrammarCorpusTest.AcceptsValidGrammar/Case0523_type_expr (0 ms)
[ RUN      ] GrammarCombinations/ParserGrammarCorpusTest.AcceptsValidGrammar/Case0524_pattern
[       OK ] GrammarCombinations/ParserGrammarCorpusTest.AcceptsValidGrammar/Case0524_pattern (0 ms)
[ RUN      ] GrammarCombinations/ParserGrammarCorpusTest.AcceptsValidGrammar/Case0525_binding_pattern
[       OK ] GrammarCombinations/ParserGrammarCorpusTest.AcceptsValidGrammar/Case0525_binding_pattern (0 ms)
[ RUN      ] GrammarCombinations/ParserGrammarCorpusTest.AcceptsValidGrammar/Case0526_decl
[       OK ] GrammarCombinations/ParserGrammarCorpusTest.AcceptsValidGrammar/Case0526_decl (0 ms)
[ RUN      ] GrammarCombinations/ParserGrammarCorpusTest.AcceptsValidGrammar/Case0527_for_header
[       OK ] GrammarCombinations/ParserGrammarCorpusTest.AcceptsValidGrammar/Case0527_for_header (0 ms)
[ RUN      ] GrammarCombinations/ParserGrammarCorpusTest.AcceptsValidGrammar/Case0528_stmt
[       OK ] GrammarCombinations/ParserGrammarCorpusTest.AcceptsValidGrammar/Case0528_stmt (0 ms)
[ RUN      ] GrammarCombinations/ParserGrammarCorpusTest.AcceptsValidGrammar/Case0529_expr
[       OK ] GrammarCombinations/ParserGrammarCorpusTest.AcceptsValidGrammar/Case0529_expr (0 ms)
[ RUN      ] GrammarCombinations/ParserGrammarCorpusTest.AcceptsValidGrammar/Case0530_expr
[       OK ] GrammarCombinations/ParserGrammarCorpusTest.AcceptsValidGrammar/Case0530_expr (0 ms)
[ RUN      ] GrammarCombinations/ParserGrammarCorpusTest.AcceptsValidGrammar/Case0531_type_expr
[       OK ] GrammarCombinations/ParserGrammarCorpusTest.AcceptsValidGrammar/Case0531_type_expr (0 ms)
[ RUN      ] GrammarCombinations/ParserGrammarCorpusTest.AcceptsValidGrammar/Case0532_pattern
[       OK ] GrammarCombinations/ParserGrammarCorpusTest.AcceptsValidGrammar/Case0532_pattern (0 ms)
[ RUN      ] GrammarCombinations/ParserGrammarCorpusTest.AcceptsValidGrammar/Case0533_binding_pattern
[       OK ] GrammarCombinations/ParserGrammarCorpusTest.AcceptsValidGrammar/Case0533_binding_pattern (0 ms)
[ RUN      ] GrammarCombinations/ParserGrammarCorpusTest.AcceptsValidGrammar/Case0534_decl
[       OK ] GrammarCombinations/ParserGrammarCorpusTest.AcceptsValidGrammar/Case0534_decl (0 ms)
[ RUN      ] GrammarCombinations/ParserGrammarCorpusTest.AcceptsValidGrammar/Case0535_for_header
[       OK ] GrammarCombinations/ParserGrammarCorpusTest.AcceptsValidGrammar/Case0535_for_header (0 ms)
[ RUN      ] GrammarCombinations/ParserGrammarCorpusTest.AcceptsValidGrammar/Case0536_stmt
[       OK ] GrammarCombinations/ParserGrammarCorpusTest.AcceptsValidGrammar/Case0536_stmt (0 ms)
[ RUN      ] GrammarCombinations/ParserGrammarCorpusTest.AcceptsValidGrammar/Case0537_expr
[       OK ] GrammarCombinations/ParserGrammarCorpusTest.AcceptsValidGrammar/Case0537_expr (0 ms)
[ RUN      ] GrammarCombinations/ParserGrammarCorpusTest.AcceptsValidGrammar/Case0538_expr
[       OK ] GrammarCombinations/ParserGrammarCorpusTest.AcceptsValidGrammar/Case0538_expr (0 ms)
[ RUN      ] GrammarCombinations/ParserGrammarCorpusTest.AcceptsValidGrammar/Case0539_type_expr
[       OK ] GrammarCombinations/ParserGrammarCorpusTest.AcceptsValidGrammar/Case0539_type_expr (0 ms)
[ RUN      ] GrammarCombinations/ParserGrammarCorpusTest.AcceptsValidGrammar/Case0540_pattern
[       OK ] GrammarCombinations/ParserGrammarCorpusTest.AcceptsValidGrammar/Case0540_pattern (0 ms)
[ RUN      ] GrammarCombinations/ParserGrammarCorpusTest.AcceptsValidGrammar/Case0541_binding_pattern
[       OK ] GrammarCombinations/ParserGrammarCorpusTest.AcceptsValidGrammar/Case0541_binding_pattern (0 ms)
[ RUN      ] GrammarCombinations/ParserGrammarCorpusTest.AcceptsValidGrammar/Case0542_decl
[       OK ] GrammarCombinations/ParserGrammarCorpusTest.AcceptsValidGrammar/Case0542_decl (0 ms)
[ RUN      ] GrammarCombinations/ParserGrammarCorpusTest.AcceptsValidGrammar/Case0543_for_header
[       OK ] GrammarCombinations/ParserGrammarCorpusTest.AcceptsValidGrammar/Case0543_for_header (0 ms)
[ RUN      ] GrammarCombinations/ParserGrammarCorpusTest.AcceptsValidGrammar/Case0544_stmt
[       OK ] GrammarCombinations/ParserGrammarCorpusTest.AcceptsValidGrammar/Case0544_stmt (0 ms)
[ RUN      ] GrammarCombinations/ParserGrammarCorpusTest.AcceptsValidGrammar/Case0545_expr
[       OK ] GrammarCombinations/ParserGrammarCorpusTest.AcceptsValidGrammar/Case0545_expr (0 ms)
[ RUN      ] GrammarCombinations/ParserGrammarCorpusTest.AcceptsValidGrammar/Case0546_expr
[       OK ] GrammarCombinations/ParserGrammarCorpusTest.AcceptsValidGrammar/Case0546_expr (0 ms)
[ RUN      ] GrammarCombinations/ParserGrammarCorpusTest.AcceptsValidGrammar/Case0547_type_expr
[       OK ] GrammarCombinations/ParserGrammarCorpusTest.AcceptsValidGrammar/Case0547_type_expr (0 ms)
[ RUN      ] GrammarCombinations/ParserGrammarCorpusTest.AcceptsValidGrammar/Case0548_pattern
[       OK ] GrammarCombinations/ParserGrammarCorpusTest.AcceptsValidGrammar/Case0548_pattern (0 ms)
[ RUN      ] GrammarCombinations/ParserGrammarCorpusTest.AcceptsValidGrammar/Case0549_binding_pattern
[       OK ] GrammarCombinations/ParserGrammarCorpusTest.AcceptsValidGrammar/Case0549_binding_pattern (0 ms)
[ RUN      ] GrammarCombinations/ParserGrammarCorpusTest.AcceptsValidGrammar/Case0550_decl
[       OK ] GrammarCombinations/ParserGrammarCorpusTest.AcceptsValidGrammar/Case0550_decl (0 ms)
[ RUN      ] GrammarCombinations/ParserGrammarCorpusTest.AcceptsValidGrammar/Case0551_for_header
[       OK ] GrammarCombinations/ParserGrammarCorpusTest.AcceptsValidGrammar/Case0551_for_header (0 ms)
[ RUN      ] GrammarCombinations/ParserGrammarCorpusTest.AcceptsValidGrammar/Case0552_stmt
[       OK ] GrammarCombinations/ParserGrammarCorpusTest.AcceptsValidGrammar/Case0552_stmt (0 ms)
[ RUN      ] GrammarCombinations/ParserGrammarCorpusTest.AcceptsValidGrammar/Case0553_expr
[       OK ] GrammarCombinations/ParserGrammarCorpusTest.AcceptsValidGrammar/Case0553_expr (0 ms)
[ RUN      ] GrammarCombinations/ParserGrammarCorpusTest.AcceptsValidGrammar/Case0554_expr
[       OK ] GrammarCombinations/ParserGrammarCorpusTest.AcceptsValidGrammar/Case0554_expr (0 ms)
[ RUN      ] GrammarCombinations/ParserGrammarCorpusTest.AcceptsValidGrammar/Case0555_type_expr
[       OK ] GrammarCombinations/ParserGrammarCorpusTest.AcceptsValidGrammar/Case0555_type_expr (0 ms)
[ RUN      ] GrammarCombinations/ParserGrammarCorpusTest.AcceptsValidGrammar/Case0556_pattern
[       OK ] GrammarCombinations/ParserGrammarCorpusTest.AcceptsValidGrammar/Case0556_pattern (0 ms)
[ RUN      ] GrammarCombinations/ParserGrammarCorpusTest.AcceptsValidGrammar/Case0557_binding_pattern
[       OK ] GrammarCombinations/ParserGrammarCorpusTest.AcceptsValidGrammar/Case0557_binding_pattern (0 ms)
[ RUN      ] GrammarCombinations/ParserGrammarCorpusTest.AcceptsValidGrammar/Case0558_decl
[       OK ] GrammarCombinations/ParserGrammarCorpusTest.AcceptsValidGrammar/Case0558_decl (0 ms)
[ RUN      ] GrammarCombinations/ParserGrammarCorpusTest.AcceptsValidGrammar/Case0559_for_header
[       OK ] GrammarCombinations/ParserGrammarCorpusTest.AcceptsValidGrammar/Case0559_for_header (0 ms)
[ RUN      ] GrammarCombinations/ParserGrammarCorpusTest.AcceptsValidGrammar/Case0560_stmt
[       OK ] GrammarCombinations/ParserGrammarCorpusTest.AcceptsValidGrammar/Case0560_stmt (0 ms)
[ RUN      ] GrammarCombinations/ParserGrammarCorpusTest.AcceptsValidGrammar/Case0561_expr
[       OK ] GrammarCombinations/ParserGrammarCorpusTest.AcceptsValidGrammar/Case0561_expr (0 ms)
[ RUN      ] GrammarCombinations/ParserGrammarCorpusTest.AcceptsValidGrammar/Case0562_expr
[       OK ] GrammarCombinations/ParserGrammarCorpusTest.AcceptsValidGrammar/Case0562_expr (0 ms)
[ RUN      ] GrammarCombinations/ParserGrammarCorpusTest.AcceptsValidGrammar/Case0563_type_expr
[       OK ] GrammarCombinations/ParserGrammarCorpusTest.AcceptsValidGrammar/Case0563_type_expr (0 ms)
[ RUN      ] GrammarCombinations/ParserGrammarCorpusTest.AcceptsValidGrammar/Case0564_pattern
[       OK ] GrammarCombinations/ParserGrammarCorpusTest.AcceptsValidGrammar/Case0564_pattern (0 ms)
[ RUN      ] GrammarCombinations/ParserGrammarCorpusTest.AcceptsValidGrammar/Case0565_binding_pattern
[       OK ] GrammarCombinations/ParserGrammarCorpusTest.AcceptsValidGrammar/Case0565_binding_pattern (0 ms)
[ RUN      ] GrammarCombinations/ParserGrammarCorpusTest.AcceptsValidGrammar/Case0566_decl
[       OK ] GrammarCombinations/ParserGrammarCorpusTest.AcceptsValidGrammar/Case0566_decl (0 ms)
[ RUN      ] GrammarCombinations/ParserGrammarCorpusTest.AcceptsValidGrammar/Case0567_for_header
[       OK ] GrammarCombinations/ParserGrammarCorpusTest.AcceptsValidGrammar/Case0567_for_header (0 ms)
[ RUN      ] GrammarCombinations/ParserGrammarCorpusTest.AcceptsValidGrammar/Case0568_stmt
[       OK ] GrammarCombinations/ParserGrammarCorpusTest.AcceptsValidGrammar/Case0568_stmt (0 ms)
[ RUN      ] GrammarCombinations/ParserGrammarCorpusTest.AcceptsValidGrammar/Case0569_expr
[       OK ] GrammarCombinations/ParserGrammarCorpusTest.AcceptsValidGrammar/Case0569_expr (0 ms)
[ RUN      ] GrammarCombinations/ParserGrammarCorpusTest.AcceptsValidGrammar/Case0570_expr
[       OK ] GrammarCombinations/ParserGrammarCorpusTest.AcceptsValidGrammar/Case0570_expr (0 ms)
[ RUN      ] GrammarCombinations/ParserGrammarCorpusTest.AcceptsValidGrammar/Case0571_type_expr
[       OK ] GrammarCombinations/ParserGrammarCorpusTest.AcceptsValidGrammar/Case0571_type_expr (0 ms)
[ RUN      ] GrammarCombinations/ParserGrammarCorpusTest.AcceptsValidGrammar/Case0572_pattern
[       OK ] GrammarCombinations/ParserGrammarCorpusTest.AcceptsValidGrammar/Case0572_pattern (0 ms)
[ RUN      ] GrammarCombinations/ParserGrammarCorpusTest.AcceptsValidGrammar/Case0573_binding_pattern
[       OK ] GrammarCombinations/ParserGrammarCorpusTest.AcceptsValidGrammar/Case0573_binding_pattern (0 ms)
[ RUN      ] GrammarCombinations/ParserGrammarCorpusTest.AcceptsValidGrammar/Case0574_decl
[       OK ] GrammarCombinations/ParserGrammarCorpusTest.AcceptsValidGrammar/Case0574_decl (0 ms)
[ RUN      ] GrammarCombinations/ParserGrammarCorpusTest.AcceptsValidGrammar/Case0575_for_header
[       OK ] GrammarCombinations/ParserGrammarCorpusTest.AcceptsValidGrammar/Case0575_for_header (0 ms)
[ RUN      ] GrammarCombinations/ParserGrammarCorpusTest.AcceptsValidGrammar/Case0576_stmt
[       OK ] GrammarCombinations/ParserGrammarCorpusTest.AcceptsValidGrammar/Case0576_stmt (0 ms)
[ RUN      ] GrammarCombinations/ParserGrammarCorpusTest.AcceptsValidGrammar/Case0577_expr
[       OK ] GrammarCombinations/ParserGrammarCorpusTest.AcceptsValidGrammar/Case0577_expr (0 ms)
[ RUN      ] GrammarCombinations/ParserGrammarCorpusTest.AcceptsValidGrammar/Case0578_expr
[       OK ] GrammarCombinations/ParserGrammarCorpusTest.AcceptsValidGrammar/Case0578_expr (0 ms)
[ RUN      ] GrammarCombinations/ParserGrammarCorpusTest.AcceptsValidGrammar/Case0579_type_expr
[       OK ] GrammarCombinations/ParserGrammarCorpusTest.AcceptsValidGrammar/Case0579_type_expr (0 ms)
[ RUN      ] GrammarCombinations/ParserGrammarCorpusTest.AcceptsValidGrammar/Case0580_pattern
[       OK ] GrammarCombinations/ParserGrammarCorpusTest.AcceptsValidGrammar/Case0580_pattern (0 ms)
[ RUN      ] GrammarCombinations/ParserGrammarCorpusTest.AcceptsValidGrammar/Case0581_binding_pattern
[       OK ] GrammarCombinations/ParserGrammarCorpusTest.AcceptsValidGrammar/Case0581_binding_pattern (0 ms)
[ RUN      ] GrammarCombinations/ParserGrammarCorpusTest.AcceptsValidGrammar/Case0582_decl
[       OK ] GrammarCombinations/ParserGrammarCorpusTest.AcceptsValidGrammar/Case0582_decl (0 ms)
[ RUN      ] GrammarCombinations/ParserGrammarCorpusTest.AcceptsValidGrammar/Case0583_for_header
[       OK ] GrammarCombinations/ParserGrammarCorpusTest.AcceptsValidGrammar/Case0583_for_header (0 ms)
[ RUN      ] GrammarCombinations/ParserGrammarCorpusTest.AcceptsValidGrammar/Case0584_stmt
[       OK ] GrammarCombinations/ParserGrammarCorpusTest.AcceptsValidGrammar/Case0584_stmt (0 ms)
[ RUN      ] GrammarCombinations/ParserGrammarCorpusTest.AcceptsValidGrammar/Case0585_expr
[       OK ] GrammarCombinations/ParserGrammarCorpusTest.AcceptsValidGrammar/Case0585_expr (0 ms)
[ RUN      ] GrammarCombinations/ParserGrammarCorpusTest.AcceptsValidGrammar/Case0586_expr
[       OK ] GrammarCombinations/ParserGrammarCorpusTest.AcceptsValidGrammar/Case0586_expr (0 ms)
[ RUN      ] GrammarCombinations/ParserGrammarCorpusTest.AcceptsValidGrammar/Case0587_type_expr
[       OK ] GrammarCombinations/ParserGrammarCorpusTest.AcceptsValidGrammar/Case0587_type_expr (0 ms)
[ RUN      ] GrammarCombinations/ParserGrammarCorpusTest.AcceptsValidGrammar/Case0588_pattern
[       OK ] GrammarCombinations/ParserGrammarCorpusTest.AcceptsValidGrammar/Case0588_pattern (0 ms)
[ RUN      ] GrammarCombinations/ParserGrammarCorpusTest.AcceptsValidGrammar/Case0589_binding_pattern
[       OK ] GrammarCombinations/ParserGrammarCorpusTest.AcceptsValidGrammar/Case0589_binding_pattern (0 ms)
[ RUN      ] GrammarCombinations/ParserGrammarCorpusTest.AcceptsValidGrammar/Case0590_decl
[       OK ] GrammarCombinations/ParserGrammarCorpusTest.AcceptsValidGrammar/Case0590_decl (0 ms)
[ RUN      ] GrammarCombinations/ParserGrammarCorpusTest.AcceptsValidGrammar/Case0591_for_header
[       OK ] GrammarCombinations/ParserGrammarCorpusTest.AcceptsValidGrammar/Case0591_for_header (0 ms)
[ RUN      ] GrammarCombinations/ParserGrammarCorpusTest.AcceptsValidGrammar/Case0592_stmt
[       OK ] GrammarCombinations/ParserGrammarCorpusTest.AcceptsValidGrammar/Case0592_stmt (0 ms)
[ RUN      ] GrammarCombinations/ParserGrammarCorpusTest.AcceptsValidGrammar/Case0593_expr
[       OK ] GrammarCombinations/ParserGrammarCorpusTest.AcceptsValidGrammar/Case0593_expr (0 ms)
[ RUN      ] GrammarCombinations/ParserGrammarCorpusTest.AcceptsValidGrammar/Case0594_expr
[       OK ] GrammarCombinations/ParserGrammarCorpusTest.AcceptsValidGrammar/Case0594_expr (0 ms)
[ RUN      ] GrammarCombinations/ParserGrammarCorpusTest.AcceptsValidGrammar/Case0595_type_expr
[       OK ] GrammarCombinations/ParserGrammarCorpusTest.AcceptsValidGrammar/Case0595_type_expr (0 ms)
[ RUN      ] GrammarCombinations/ParserGrammarCorpusTest.AcceptsValidGrammar/Case0596_pattern
[       OK ] GrammarCombinations/ParserGrammarCorpusTest.AcceptsValidGrammar/Case0596_pattern (0 ms)
[ RUN      ] GrammarCombinations/ParserGrammarCorpusTest.AcceptsValidGrammar/Case0597_binding_pattern
[       OK ] GrammarCombinations/ParserGrammarCorpusTest.AcceptsValidGrammar/Case0597_binding_pattern (0 ms)
[ RUN      ] GrammarCombinations/ParserGrammarCorpusTest.AcceptsValidGrammar/Case0598_decl
[       OK ] GrammarCombinations/ParserGrammarCorpusTest.AcceptsValidGrammar/Case0598_decl (0 ms)
[ RUN      ] GrammarCombinations/ParserGrammarCorpusTest.AcceptsValidGrammar/Case0599_for_header
[       OK ] GrammarCombinations/ParserGrammarCorpusTest.AcceptsValidGrammar/Case0599_for_header (0 ms)
[ RUN      ] GrammarCombinations/ParserGrammarCorpusTest.AcceptsValidGrammar/Case0600_stmt
[       OK ] GrammarCombinations/ParserGrammarCorpusTest.AcceptsValidGrammar/Case0600_stmt (0 ms)
[ RUN      ] GrammarCombinations/ParserGrammarCorpusTest.AcceptsValidGrammar/Case0601_expr
[       OK ] GrammarCombinations/ParserGrammarCorpusTest.AcceptsValidGrammar/Case0601_expr (0 ms)
[ RUN      ] GrammarCombinations/ParserGrammarCorpusTest.AcceptsValidGrammar/Case0602_expr
[       OK ] GrammarCombinations/ParserGrammarCorpusTest.AcceptsValidGrammar/Case0602_expr (0 ms)
[ RUN      ] GrammarCombinations/ParserGrammarCorpusTest.AcceptsValidGrammar/Case0603_type_expr
[       OK ] GrammarCombinations/ParserGrammarCorpusTest.AcceptsValidGrammar/Case0603_type_expr (0 ms)
[ RUN      ] GrammarCombinations/ParserGrammarCorpusTest.AcceptsValidGrammar/Case0604_pattern
[       OK ] GrammarCombinations/ParserGrammarCorpusTest.AcceptsValidGrammar/Case0604_pattern (0 ms)
[ RUN      ] GrammarCombinations/ParserGrammarCorpusTest.AcceptsValidGrammar/Case0605_binding_pattern
[       OK ] GrammarCombinations/ParserGrammarCorpusTest.AcceptsValidGrammar/Case0605_binding_pattern (0 ms)
[ RUN      ] GrammarCombinations/ParserGrammarCorpusTest.AcceptsValidGrammar/Case0606_decl
[       OK ] GrammarCombinations/ParserGrammarCorpusTest.AcceptsValidGrammar/Case0606_decl (0 ms)
[ RUN      ] GrammarCombinations/ParserGrammarCorpusTest.AcceptsValidGrammar/Case0607_for_header
[       OK ] GrammarCombinations/ParserGrammarCorpusTest.AcceptsValidGrammar/Case0607_for_header (0 ms)
[ RUN      ] GrammarCombinations/ParserGrammarCorpusTest.AcceptsValidGrammar/Case0608_stmt
[       OK ] GrammarCombinations/ParserGrammarCorpusTest.AcceptsValidGrammar/Case0608_stmt (0 ms)
[ RUN      ] GrammarCombinations/ParserGrammarCorpusTest.AcceptsValidGrammar/Case0609_expr
[       OK ] GrammarCombinations/ParserGrammarCorpusTest.AcceptsValidGrammar/Case0609_expr (0 ms)
[ RUN      ] GrammarCombinations/ParserGrammarCorpusTest.AcceptsValidGrammar/Case0610_expr
[       OK ] GrammarCombinations/ParserGrammarCorpusTest.AcceptsValidGrammar/Case0610_expr (0 ms)
[ RUN      ] GrammarCombinations/ParserGrammarCorpusTest.AcceptsValidGrammar/Case0611_type_expr
[       OK ] GrammarCombinations/ParserGrammarCorpusTest.AcceptsValidGrammar/Case0611_type_expr (0 ms)
[ RUN      ] GrammarCombinations/ParserGrammarCorpusTest.AcceptsValidGrammar/Case0612_pattern
[       OK ] GrammarCombinations/ParserGrammarCorpusTest.AcceptsValidGrammar/Case0612_pattern (0 ms)
[ RUN      ] GrammarCombinations/ParserGrammarCorpusTest.AcceptsValidGrammar/Case0613_binding_pattern
[       OK ] GrammarCombinations/ParserGrammarCorpusTest.AcceptsValidGrammar/Case0613_binding_pattern (0 ms)
[ RUN      ] GrammarCombinations/ParserGrammarCorpusTest.AcceptsValidGrammar/Case0614_decl
[       OK ] GrammarCombinations/ParserGrammarCorpusTest.AcceptsValidGrammar/Case0614_decl (0 ms)
[ RUN      ] GrammarCombinations/ParserGrammarCorpusTest.AcceptsValidGrammar/Case0615_for_header
[       OK ] GrammarCombinations/ParserGrammarCorpusTest.AcceptsValidGrammar/Case0615_for_header (0 ms)
[ RUN      ] GrammarCombinations/ParserGrammarCorpusTest.AcceptsValidGrammar/Case0616_stmt
[       OK ] GrammarCombinations/ParserGrammarCorpusTest.AcceptsValidGrammar/Case0616_stmt (0 ms)
[ RUN      ] GrammarCombinations/ParserGrammarCorpusTest.AcceptsValidGrammar/Case0617_expr
[       OK ] GrammarCombinations/ParserGrammarCorpusTest.AcceptsValidGrammar/Case0617_expr (0 ms)
[ RUN      ] GrammarCombinations/ParserGrammarCorpusTest.AcceptsValidGrammar/Case0618_expr
[       OK ] GrammarCombinations/ParserGrammarCorpusTest.AcceptsValidGrammar/Case0618_expr (0 ms)
[ RUN      ] GrammarCombinations/ParserGrammarCorpusTest.AcceptsValidGrammar/Case0619_type_expr
[       OK ] GrammarCombinations/ParserGrammarCorpusTest.AcceptsValidGrammar/Case0619_type_expr (0 ms)
[ RUN      ] GrammarCombinations/ParserGrammarCorpusTest.AcceptsValidGrammar/Case0620_pattern
[       OK ] GrammarCombinations/ParserGrammarCorpusTest.AcceptsValidGrammar/Case0620_pattern (0 ms)
[ RUN      ] GrammarCombinations/ParserGrammarCorpusTest.AcceptsValidGrammar/Case0621_binding_pattern
[       OK ] GrammarCombinations/ParserGrammarCorpusTest.AcceptsValidGrammar/Case0621_binding_pattern (0 ms)
[ RUN      ] GrammarCombinations/ParserGrammarCorpusTest.AcceptsValidGrammar/Case0622_decl
[       OK ] GrammarCombinations/ParserGrammarCorpusTest.AcceptsValidGrammar/Case0622_decl (0 ms)
[ RUN      ] GrammarCombinations/ParserGrammarCorpusTest.AcceptsValidGrammar/Case0623_for_header
[       OK ] GrammarCombinations/ParserGrammarCorpusTest.AcceptsValidGrammar/Case0623_for_header (0 ms)
[ RUN      ] GrammarCombinations/ParserGrammarCorpusTest.AcceptsValidGrammar/Case0624_stmt
[       OK ] GrammarCombinations/ParserGrammarCorpusTest.AcceptsValidGrammar/Case0624_stmt (0 ms)
[ RUN      ] GrammarCombinations/ParserGrammarCorpusTest.AcceptsValidGrammar/Case0625_expr
[       OK ] GrammarCombinations/ParserGrammarCorpusTest.AcceptsValidGrammar/Case0625_expr (0 ms)
[ RUN      ] GrammarCombinations/ParserGrammarCorpusTest.AcceptsValidGrammar/Case0626_expr
[       OK ] GrammarCombinations/ParserGrammarCorpusTest.AcceptsValidGrammar/Case0626_expr (0 ms)
[ RUN      ] GrammarCombinations/ParserGrammarCorpusTest.AcceptsValidGrammar/Case0627_type_expr
[       OK ] GrammarCombinations/ParserGrammarCorpusTest.AcceptsValidGrammar/Case0627_type_expr (0 ms)
[ RUN      ] GrammarCombinations/ParserGrammarCorpusTest.AcceptsValidGrammar/Case0628_pattern
[       OK ] GrammarCombinations/ParserGrammarCorpusTest.AcceptsValidGrammar/Case0628_pattern (0 ms)
[ RUN      ] GrammarCombinations/ParserGrammarCorpusTest.AcceptsValidGrammar/Case0629_binding_pattern
[       OK ] GrammarCombinations/ParserGrammarCorpusTest.AcceptsValidGrammar/Case0629_binding_pattern (0 ms)
[ RUN      ] GrammarCombinations/ParserGrammarCorpusTest.AcceptsValidGrammar/Case0630_decl
[       OK ] GrammarCombinations/ParserGrammarCorpusTest.AcceptsValidGrammar/Case0630_decl (0 ms)
[ RUN      ] GrammarCombinations/ParserGrammarCorpusTest.AcceptsValidGrammar/Case0631_for_header
[       OK ] GrammarCombinations/ParserGrammarCorpusTest.AcceptsValidGrammar/Case0631_for_header (0 ms)
[ RUN      ] GrammarCombinations/ParserGrammarCorpusTest.AcceptsValidGrammar/Case0632_stmt
[       OK ] GrammarCombinations/ParserGrammarCorpusTest.AcceptsValidGrammar/Case0632_stmt (0 ms)
[ RUN      ] GrammarCombinations/ParserGrammarCorpusTest.AcceptsValidGrammar/Case0633_expr
[       OK ] GrammarCombinations/ParserGrammarCorpusTest.AcceptsValidGrammar/Case0633_expr (0 ms)
[ RUN      ] GrammarCombinations/ParserGrammarCorpusTest.AcceptsValidGrammar/Case0634_expr
[       OK ] GrammarCombinations/ParserGrammarCorpusTest.AcceptsValidGrammar/Case0634_expr (0 ms)
[ RUN      ] GrammarCombinations/ParserGrammarCorpusTest.AcceptsValidGrammar/Case0635_type_expr
[       OK ] GrammarCombinations/ParserGrammarCorpusTest.AcceptsValidGrammar/Case0635_type_expr (0 ms)
[ RUN      ] GrammarCombinations/ParserGrammarCorpusTest.AcceptsValidGrammar/Case0636_pattern
[       OK ] GrammarCombinations/ParserGrammarCorpusTest.AcceptsValidGrammar/Case0636_pattern (0 ms)
[ RUN      ] GrammarCombinations/ParserGrammarCorpusTest.AcceptsValidGrammar/Case0637_binding_pattern
[       OK ] GrammarCombinations/ParserGrammarCorpusTest.AcceptsValidGrammar/Case0637_binding_pattern (0 ms)
[ RUN      ] GrammarCombinations/ParserGrammarCorpusTest.AcceptsValidGrammar/Case0638_decl
[       OK ] GrammarCombinations/ParserGrammarCorpusTest.AcceptsValidGrammar/Case0638_decl (0 ms)
[ RUN      ] GrammarCombinations/ParserGrammarCorpusTest.AcceptsValidGrammar/Case0639_for_header
[       OK ] GrammarCombinations/ParserGrammarCorpusTest.AcceptsValidGrammar/Case0639_for_header (0 ms)
[ RUN      ] GrammarCombinations/ParserGrammarCorpusTest.AcceptsValidGrammar/Case0640_stmt
[       OK ] GrammarCombinations/ParserGrammarCorpusTest.AcceptsValidGrammar/Case0640_stmt (0 ms)
[ RUN      ] GrammarCombinations/ParserGrammarCorpusTest.AcceptsValidGrammar/Case0641_expr
[       OK ] GrammarCombinations/ParserGrammarCorpusTest.AcceptsValidGrammar/Case0641_expr (0 ms)
[ RUN      ] GrammarCombinations/ParserGrammarCorpusTest.AcceptsValidGrammar/Case0642_expr
[       OK ] GrammarCombinations/ParserGrammarCorpusTest.AcceptsValidGrammar/Case0642_expr (0 ms)
[ RUN      ] GrammarCombinations/ParserGrammarCorpusTest.AcceptsValidGrammar/Case0643_type_expr
[       OK ] GrammarCombinations/ParserGrammarCorpusTest.AcceptsValidGrammar/Case0643_type_expr (0 ms)
[ RUN      ] GrammarCombinations/ParserGrammarCorpusTest.AcceptsValidGrammar/Case0644_pattern
[       OK ] GrammarCombinations/ParserGrammarCorpusTest.AcceptsValidGrammar/Case0644_pattern (0 ms)
[ RUN      ] GrammarCombinations/ParserGrammarCorpusTest.AcceptsValidGrammar/Case0645_binding_pattern
[       OK ] GrammarCombinations/ParserGrammarCorpusTest.AcceptsValidGrammar/Case0645_binding_pattern (0 ms)
[ RUN      ] GrammarCombinations/ParserGrammarCorpusTest.AcceptsValidGrammar/Case0646_decl
[       OK ] GrammarCombinations/ParserGrammarCorpusTest.AcceptsValidGrammar/Case0646_decl (0 ms)
[ RUN      ] GrammarCombinations/ParserGrammarCorpusTest.AcceptsValidGrammar/Case0647_for_header
[       OK ] GrammarCombinations/ParserGrammarCorpusTest.AcceptsValidGrammar/Case0647_for_header (0 ms)
[ RUN      ] GrammarCombinations/ParserGrammarCorpusTest.AcceptsValidGrammar/Case0648_stmt
[       OK ] GrammarCombinations/ParserGrammarCorpusTest.AcceptsValidGrammar/Case0648_stmt (0 ms)
[ RUN      ] GrammarCombinations/ParserGrammarCorpusTest.AcceptsValidGrammar/Case0649_expr
[       OK ] GrammarCombinations/ParserGrammarCorpusTest.AcceptsValidGrammar/Case0649_expr (0 ms)
[ RUN      ] GrammarCombinations/ParserGrammarCorpusTest.AcceptsValidGrammar/Case0650_expr
[       OK ] GrammarCombinations/ParserGrammarCorpusTest.AcceptsValidGrammar/Case0650_expr (0 ms)
[ RUN      ] GrammarCombinations/ParserGrammarCorpusTest.AcceptsValidGrammar/Case0651_type_expr
[       OK ] GrammarCombinations/ParserGrammarCorpusTest.AcceptsValidGrammar/Case0651_type_expr (0 ms)
[ RUN      ] GrammarCombinations/ParserGrammarCorpusTest.AcceptsValidGrammar/Case0652_pattern
[       OK ] GrammarCombinations/ParserGrammarCorpusTest.AcceptsValidGrammar/Case0652_pattern (0 ms)
[ RUN      ] GrammarCombinations/ParserGrammarCorpusTest.AcceptsValidGrammar/Case0653_binding_pattern
[       OK ] GrammarCombinations/ParserGrammarCorpusTest.AcceptsValidGrammar/Case0653_binding_pattern (0 ms)
[ RUN      ] GrammarCombinations/ParserGrammarCorpusTest.AcceptsValidGrammar/Case0654_decl
[       OK ] GrammarCombinations/ParserGrammarCorpusTest.AcceptsValidGrammar/Case0654_decl (0 ms)
[ RUN      ] GrammarCombinations/ParserGrammarCorpusTest.AcceptsValidGrammar/Case0655_for_header
[       OK ] GrammarCombinations/ParserGrammarCorpusTest.AcceptsValidGrammar/Case0655_for_header (0 ms)
[ RUN      ] GrammarCombinations/ParserGrammarCorpusTest.AcceptsValidGrammar/Case0656_stmt
[       OK ] GrammarCombinations/ParserGrammarCorpusTest.AcceptsValidGrammar/Case0656_stmt (0 ms)
[ RUN      ] GrammarCombinations/ParserGrammarCorpusTest.AcceptsValidGrammar/Case0657_expr
[       OK ] GrammarCombinations/ParserGrammarCorpusTest.AcceptsValidGrammar/Case0657_expr (0 ms)
[ RUN      ] GrammarCombinations/ParserGrammarCorpusTest.AcceptsValidGrammar/Case0658_expr
[       OK ] GrammarCombinations/ParserGrammarCorpusTest.AcceptsValidGrammar/Case0658_expr (0 ms)
[ RUN      ] GrammarCombinations/ParserGrammarCorpusTest.AcceptsValidGrammar/Case0659_type_expr
[       OK ] GrammarCombinations/ParserGrammarCorpusTest.AcceptsValidGrammar/Case0659_type_expr (0 ms)
[ RUN      ] GrammarCombinations/ParserGrammarCorpusTest.AcceptsValidGrammar/Case0660_pattern
[       OK ] GrammarCombinations/ParserGrammarCorpusTest.AcceptsValidGrammar/Case0660_pattern (0 ms)
[ RUN      ] GrammarCombinations/ParserGrammarCorpusTest.AcceptsValidGrammar/Case0661_binding_pattern
[       OK ] GrammarCombinations/ParserGrammarCorpusTest.AcceptsValidGrammar/Case0661_binding_pattern (0 ms)
[ RUN      ] GrammarCombinations/ParserGrammarCorpusTest.AcceptsValidGrammar/Case0662_decl
[       OK ] GrammarCombinations/ParserGrammarCorpusTest.AcceptsValidGrammar/Case0662_decl (0 ms)
[ RUN      ] GrammarCombinations/ParserGrammarCorpusTest.AcceptsValidGrammar/Case0663_for_header
[       OK ] GrammarCombinations/ParserGrammarCorpusTest.AcceptsValidGrammar/Case0663_for_header (0 ms)
[ RUN      ] GrammarCombinations/ParserGrammarCorpusTest.AcceptsValidGrammar/Case0664_stmt
[       OK ] GrammarCombinations/ParserGrammarCorpusTest.AcceptsValidGrammar/Case0664_stmt (0 ms)
[ RUN      ] GrammarCombinations/ParserGrammarCorpusTest.AcceptsValidGrammar/Case0665_expr
[       OK ] GrammarCombinations/ParserGrammarCorpusTest.AcceptsValidGrammar/Case0665_expr (0 ms)
[ RUN      ] GrammarCombinations/ParserGrammarCorpusTest.AcceptsValidGrammar/Case0666_expr
[       OK ] GrammarCombinations/ParserGrammarCorpusTest.AcceptsValidGrammar/Case0666_expr (0 ms)
[ RUN      ] GrammarCombinations/ParserGrammarCorpusTest.AcceptsValidGrammar/Case0667_type_expr
[       OK ] GrammarCombinations/ParserGrammarCorpusTest.AcceptsValidGrammar/Case0667_type_expr (0 ms)
[ RUN      ] GrammarCombinations/ParserGrammarCorpusTest.AcceptsValidGrammar/Case0668_pattern
[       OK ] GrammarCombinations/ParserGrammarCorpusTest.AcceptsValidGrammar/Case0668_pattern (0 ms)
[ RUN      ] GrammarCombinations/ParserGrammarCorpusTest.AcceptsValidGrammar/Case0669_binding_pattern
[       OK ] GrammarCombinations/ParserGrammarCorpusTest.AcceptsValidGrammar/Case0669_binding_pattern (0 ms)
[ RUN      ] GrammarCombinations/ParserGrammarCorpusTest.AcceptsValidGrammar/Case0670_decl
[       OK ] GrammarCombinations/ParserGrammarCorpusTest.AcceptsValidGrammar/Case0670_decl (0 ms)
[ RUN      ] GrammarCombinations/ParserGrammarCorpusTest.AcceptsValidGrammar/Case0671_for_header
[       OK ] GrammarCombinations/ParserGrammarCorpusTest.AcceptsValidGrammar/Case0671_for_header (0 ms)
[ RUN      ] GrammarCombinations/ParserGrammarCorpusTest.AcceptsValidGrammar/Case0672_stmt
[       OK ] GrammarCombinations/ParserGrammarCorpusTest.AcceptsValidGrammar/Case0672_stmt (0 ms)
[ RUN      ] GrammarCombinations/ParserGrammarCorpusTest.AcceptsValidGrammar/Case0673_expr
[       OK ] GrammarCombinations/ParserGrammarCorpusTest.AcceptsValidGrammar/Case0673_expr (0 ms)
[ RUN      ] GrammarCombinations/ParserGrammarCorpusTest.AcceptsValidGrammar/Case0674_expr
[       OK ] GrammarCombinations/ParserGrammarCorpusTest.AcceptsValidGrammar/Case0674_expr (0 ms)
[ RUN      ] GrammarCombinations/ParserGrammarCorpusTest.AcceptsValidGrammar/Case0675_type_expr
[       OK ] GrammarCombinations/ParserGrammarCorpusTest.AcceptsValidGrammar/Case0675_type_expr (0 ms)
[ RUN      ] GrammarCombinations/ParserGrammarCorpusTest.AcceptsValidGrammar/Case0676_pattern
[       OK ] GrammarCombinations/ParserGrammarCorpusTest.AcceptsValidGrammar/Case0676_pattern (0 ms)
[ RUN      ] GrammarCombinations/ParserGrammarCorpusTest.AcceptsValidGrammar/Case0677_binding_pattern
[       OK ] GrammarCombinations/ParserGrammarCorpusTest.AcceptsValidGrammar/Case0677_binding_pattern (0 ms)
[ RUN      ] GrammarCombinations/ParserGrammarCorpusTest.AcceptsValidGrammar/Case0678_decl
[       OK ] GrammarCombinations/ParserGrammarCorpusTest.AcceptsValidGrammar/Case0678_decl (0 ms)
[ RUN      ] GrammarCombinations/ParserGrammarCorpusTest.AcceptsValidGrammar/Case0679_for_header
[       OK ] GrammarCombinations/ParserGrammarCorpusTest.AcceptsValidGrammar/Case0679_for_header (0 ms)
[ RUN      ] GrammarCombinations/ParserGrammarCorpusTest.AcceptsValidGrammar/Case0680_stmt
[       OK ] GrammarCombinations/ParserGrammarCorpusTest.AcceptsValidGrammar/Case0680_stmt (0 ms)
[ RUN      ] GrammarCombinations/ParserGrammarCorpusTest.AcceptsValidGrammar/Case0681_expr
[       OK ] GrammarCombinations/ParserGrammarCorpusTest.AcceptsValidGrammar/Case0681_expr (0 ms)
[ RUN      ] GrammarCombinations/ParserGrammarCorpusTest.AcceptsValidGrammar/Case0682_expr
[       OK ] GrammarCombinations/ParserGrammarCorpusTest.AcceptsValidGrammar/Case0682_expr (0 ms)
[ RUN      ] GrammarCombinations/ParserGrammarCorpusTest.AcceptsValidGrammar/Case0683_type_expr
[       OK ] GrammarCombinations/ParserGrammarCorpusTest.AcceptsValidGrammar/Case0683_type_expr (0 ms)
[ RUN      ] GrammarCombinations/ParserGrammarCorpusTest.AcceptsValidGrammar/Case0684_pattern
[       OK ] GrammarCombinations/ParserGrammarCorpusTest.AcceptsValidGrammar/Case0684_pattern (0 ms)
[ RUN      ] GrammarCombinations/ParserGrammarCorpusTest.AcceptsValidGrammar/Case0685_binding_pattern
[       OK ] GrammarCombinations/ParserGrammarCorpusTest.AcceptsValidGrammar/Case0685_binding_pattern (0 ms)
[ RUN      ] GrammarCombinations/ParserGrammarCorpusTest.AcceptsValidGrammar/Case0686_decl
[       OK ] GrammarCombinations/ParserGrammarCorpusTest.AcceptsValidGrammar/Case0686_decl (0 ms)
[ RUN      ] GrammarCombinations/ParserGrammarCorpusTest.AcceptsValidGrammar/Case0687_for_header
[       OK ] GrammarCombinations/ParserGrammarCorpusTest.AcceptsValidGrammar/Case0687_for_header (0 ms)
[ RUN      ] GrammarCombinations/ParserGrammarCorpusTest.AcceptsValidGrammar/Case0688_stmt
[       OK ] GrammarCombinations/ParserGrammarCorpusTest.AcceptsValidGrammar/Case0688_stmt (0 ms)
[ RUN      ] GrammarCombinations/ParserGrammarCorpusTest.AcceptsValidGrammar/Case0689_expr
[       OK ] GrammarCombinations/ParserGrammarCorpusTest.AcceptsValidGrammar/Case0689_expr (0 ms)
[ RUN      ] GrammarCombinations/ParserGrammarCorpusTest.AcceptsValidGrammar/Case0690_expr
[       OK ] GrammarCombinations/ParserGrammarCorpusTest.AcceptsValidGrammar/Case0690_expr (0 ms)
[ RUN      ] GrammarCombinations/ParserGrammarCorpusTest.AcceptsValidGrammar/Case0691_type_expr
[       OK ] GrammarCombinations/ParserGrammarCorpusTest.AcceptsValidGrammar/Case0691_type_expr (0 ms)
[ RUN      ] GrammarCombinations/ParserGrammarCorpusTest.AcceptsValidGrammar/Case0692_pattern
[       OK ] GrammarCombinations/ParserGrammarCorpusTest.AcceptsValidGrammar/Case0692_pattern (0 ms)
[ RUN      ] GrammarCombinations/ParserGrammarCorpusTest.AcceptsValidGrammar/Case0693_binding_pattern
[       OK ] GrammarCombinations/ParserGrammarCorpusTest.AcceptsValidGrammar/Case0693_binding_pattern (0 ms)
[ RUN      ] GrammarCombinations/ParserGrammarCorpusTest.AcceptsValidGrammar/Case0694_decl
[       OK ] GrammarCombinations/ParserGrammarCorpusTest.AcceptsValidGrammar/Case0694_decl (0 ms)
[ RUN      ] GrammarCombinations/ParserGrammarCorpusTest.AcceptsValidGrammar/Case0695_for_header
[       OK ] GrammarCombinations/ParserGrammarCorpusTest.AcceptsValidGrammar/Case0695_for_header (0 ms)
[ RUN      ] GrammarCombinations/ParserGrammarCorpusTest.AcceptsValidGrammar/Case0696_stmt
[       OK ] GrammarCombinations/ParserGrammarCorpusTest.AcceptsValidGrammar/Case0696_stmt (0 ms)
[ RUN      ] GrammarCombinations/ParserGrammarCorpusTest.AcceptsValidGrammar/Case0697_expr
[       OK ] GrammarCombinations/ParserGrammarCorpusTest.AcceptsValidGrammar/Case0697_expr (0 ms)
[ RUN      ] GrammarCombinations/ParserGrammarCorpusTest.AcceptsValidGrammar/Case0698_expr
[       OK ] GrammarCombinations/ParserGrammarCorpusTest.AcceptsValidGrammar/Case0698_expr (0 ms)
[ RUN      ] GrammarCombinations/ParserGrammarCorpusTest.AcceptsValidGrammar/Case0699_type_expr
[       OK ] GrammarCombinations/ParserGrammarCorpusTest.AcceptsValidGrammar/Case0699_type_expr (0 ms)
[ RUN      ] GrammarCombinations/ParserGrammarCorpusTest.AcceptsValidGrammar/Case0700_pattern
[       OK ] GrammarCombinations/ParserGrammarCorpusTest.AcceptsValidGrammar/Case0700_pattern (0 ms)
[ RUN      ] GrammarCombinations/ParserGrammarCorpusTest.AcceptsValidGrammar/Case0701_binding_pattern
[       OK ] GrammarCombinations/ParserGrammarCorpusTest.AcceptsValidGrammar/Case0701_binding_pattern (0 ms)
[ RUN      ] GrammarCombinations/ParserGrammarCorpusTest.AcceptsValidGrammar/Case0702_decl
[       OK ] GrammarCombinations/ParserGrammarCorpusTest.AcceptsValidGrammar/Case0702_decl (0 ms)
[ RUN      ] GrammarCombinations/ParserGrammarCorpusTest.AcceptsValidGrammar/Case0703_for_header
[       OK ] GrammarCombinations/ParserGrammarCorpusTest.AcceptsValidGrammar/Case0703_for_header (0 ms)
[ RUN      ] GrammarCombinations/ParserGrammarCorpusTest.AcceptsValidGrammar/Case0704_stmt
[       OK ] GrammarCombinations/ParserGrammarCorpusTest.AcceptsValidGrammar/Case0704_stmt (0 ms)
[ RUN      ] GrammarCombinations/ParserGrammarCorpusTest.AcceptsValidGrammar/Case0705_expr
[       OK ] GrammarCombinations/ParserGrammarCorpusTest.AcceptsValidGrammar/Case0705_expr (0 ms)
[ RUN      ] GrammarCombinations/ParserGrammarCorpusTest.AcceptsValidGrammar/Case0706_expr
[       OK ] GrammarCombinations/ParserGrammarCorpusTest.AcceptsValidGrammar/Case0706_expr (0 ms)
[ RUN      ] GrammarCombinations/ParserGrammarCorpusTest.AcceptsValidGrammar/Case0707_type_expr
[       OK ] GrammarCombinations/ParserGrammarCorpusTest.AcceptsValidGrammar/Case0707_type_expr (0 ms)
[ RUN      ] GrammarCombinations/ParserGrammarCorpusTest.AcceptsValidGrammar/Case0708_pattern
[       OK ] GrammarCombinations/ParserGrammarCorpusTest.AcceptsValidGrammar/Case0708_pattern (0 ms)
[ RUN      ] GrammarCombinations/ParserGrammarCorpusTest.AcceptsValidGrammar/Case0709_binding_pattern
[       OK ] GrammarCombinations/ParserGrammarCorpusTest.AcceptsValidGrammar/Case0709_binding_pattern (0 ms)
[ RUN      ] GrammarCombinations/ParserGrammarCorpusTest.AcceptsValidGrammar/Case0710_decl
[       OK ] GrammarCombinations/ParserGrammarCorpusTest.AcceptsValidGrammar/Case0710_decl (0 ms)
[ RUN      ] GrammarCombinations/ParserGrammarCorpusTest.AcceptsValidGrammar/Case0711_for_header
[       OK ] GrammarCombinations/ParserGrammarCorpusTest.AcceptsValidGrammar/Case0711_for_header (0 ms)
[ RUN      ] GrammarCombinations/ParserGrammarCorpusTest.AcceptsValidGrammar/Case0712_stmt
[       OK ] GrammarCombinations/ParserGrammarCorpusTest.AcceptsValidGrammar/Case0712_stmt (0 ms)
[ RUN      ] GrammarCombinations/ParserGrammarCorpusTest.AcceptsValidGrammar/Case0713_expr
[       OK ] GrammarCombinations/ParserGrammarCorpusTest.AcceptsValidGrammar/Case0713_expr (0 ms)
[ RUN      ] GrammarCombinations/ParserGrammarCorpusTest.AcceptsValidGrammar/Case0714_expr
[       OK ] GrammarCombinations/ParserGrammarCorpusTest.AcceptsValidGrammar/Case0714_expr (0 ms)
[ RUN      ] GrammarCombinations/ParserGrammarCorpusTest.AcceptsValidGrammar/Case0715_type_expr
[       OK ] GrammarCombinations/ParserGrammarCorpusTest.AcceptsValidGrammar/Case0715_type_expr (0 ms)
[ RUN      ] GrammarCombinations/ParserGrammarCorpusTest.AcceptsValidGrammar/Case0716_pattern
[       OK ] GrammarCombinations/ParserGrammarCorpusTest.AcceptsValidGrammar/Case0716_pattern (0 ms)
[ RUN      ] GrammarCombinations/ParserGrammarCorpusTest.AcceptsValidGrammar/Case0717_binding_pattern
[       OK ] GrammarCombinations/ParserGrammarCorpusTest.AcceptsValidGrammar/Case0717_binding_pattern (0 ms)
[ RUN      ] GrammarCombinations/ParserGrammarCorpusTest.AcceptsValidGrammar/Case0718_decl
[       OK ] GrammarCombinations/ParserGrammarCorpusTest.AcceptsValidGrammar/Case0718_decl (0 ms)
[ RUN      ] GrammarCombinations/ParserGrammarCorpusTest.AcceptsValidGrammar/Case0719_for_header
[       OK ] GrammarCombinations/ParserGrammarCorpusTest.AcceptsValidGrammar/Case0719_for_header (0 ms)
[ RUN      ] GrammarCombinations/ParserGrammarCorpusTest.AcceptsValidGrammar/Case0720_stmt
[       OK ] GrammarCombinations/ParserGrammarCorpusTest.AcceptsValidGrammar/Case0720_stmt (0 ms)
[ RUN      ] GrammarCombinations/ParserGrammarCorpusTest.AcceptsValidGrammar/Case0721_expr
[       OK ] GrammarCombinations/ParserGrammarCorpusTest.AcceptsValidGrammar/Case0721_expr (0 ms)
[ RUN      ] GrammarCombinations/ParserGrammarCorpusTest.AcceptsValidGrammar/Case0722_expr
[       OK ] GrammarCombinations/ParserGrammarCorpusTest.AcceptsValidGrammar/Case0722_expr (0 ms)
[ RUN      ] GrammarCombinations/ParserGrammarCorpusTest.AcceptsValidGrammar/Case0723_type_expr
[       OK ] GrammarCombinations/ParserGrammarCorpusTest.AcceptsValidGrammar/Case0723_type_expr (0 ms)
[ RUN      ] GrammarCombinations/ParserGrammarCorpusTest.AcceptsValidGrammar/Case0724_pattern
[       OK ] GrammarCombinations/ParserGrammarCorpusTest.AcceptsValidGrammar/Case0724_pattern (0 ms)
[ RUN      ] GrammarCombinations/ParserGrammarCorpusTest.AcceptsValidGrammar/Case0725_binding_pattern
[       OK ] GrammarCombinations/ParserGrammarCorpusTest.AcceptsValidGrammar/Case0725_binding_pattern (0 ms)
[ RUN      ] GrammarCombinations/ParserGrammarCorpusTest.AcceptsValidGrammar/Case0726_decl
[       OK ] GrammarCombinations/ParserGrammarCorpusTest.AcceptsValidGrammar/Case0726_decl (0 ms)
[ RUN      ] GrammarCombinations/ParserGrammarCorpusTest.AcceptsValidGrammar/Case0727_for_header
[       OK ] GrammarCombinations/ParserGrammarCorpusTest.AcceptsValidGrammar/Case0727_for_header (0 ms)
[ RUN      ] GrammarCombinations/ParserGrammarCorpusTest.AcceptsValidGrammar/Case0728_stmt
[       OK ] GrammarCombinations/ParserGrammarCorpusTest.AcceptsValidGrammar/Case0728_stmt (0 ms)
[ RUN      ] GrammarCombinations/ParserGrammarCorpusTest.AcceptsValidGrammar/Case0729_expr
[       OK ] GrammarCombinations/ParserGrammarCorpusTest.AcceptsValidGrammar/Case0729_expr (0 ms)
[ RUN      ] GrammarCombinations/ParserGrammarCorpusTest.AcceptsValidGrammar/Case0730_expr
[       OK ] GrammarCombinations/ParserGrammarCorpusTest.AcceptsValidGrammar/Case0730_expr (0 ms)
[ RUN      ] GrammarCombinations/ParserGrammarCorpusTest.AcceptsValidGrammar/Case0731_type_expr
[       OK ] GrammarCombinations/ParserGrammarCorpusTest.AcceptsValidGrammar/Case0731_type_expr (0 ms)
[ RUN      ] GrammarCombinations/ParserGrammarCorpusTest.AcceptsValidGrammar/Case0732_pattern
[       OK ] GrammarCombinations/ParserGrammarCorpusTest.AcceptsValidGrammar/Case0732_pattern (0 ms)
[ RUN      ] GrammarCombinations/ParserGrammarCorpusTest.AcceptsValidGrammar/Case0733_binding_pattern
[       OK ] GrammarCombinations/ParserGrammarCorpusTest.AcceptsValidGrammar/Case0733_binding_pattern (0 ms)
[ RUN      ] GrammarCombinations/ParserGrammarCorpusTest.AcceptsValidGrammar/Case0734_decl
[       OK ] GrammarCombinations/ParserGrammarCorpusTest.AcceptsValidGrammar/Case0734_decl (0 ms)
[ RUN      ] GrammarCombinations/ParserGrammarCorpusTest.AcceptsValidGrammar/Case0735_for_header
[       OK ] GrammarCombinations/ParserGrammarCorpusTest.AcceptsValidGrammar/Case0735_for_header (0 ms)
[ RUN      ] GrammarCombinations/ParserGrammarCorpusTest.AcceptsValidGrammar/Case0736_stmt
[       OK ] GrammarCombinations/ParserGrammarCorpusTest.AcceptsValidGrammar/Case0736_stmt (0 ms)
[ RUN      ] GrammarCombinations/ParserGrammarCorpusTest.AcceptsValidGrammar/Case0737_expr
[       OK ] GrammarCombinations/ParserGrammarCorpusTest.AcceptsValidGrammar/Case0737_expr (0 ms)
[ RUN      ] GrammarCombinations/ParserGrammarCorpusTest.AcceptsValidGrammar/Case0738_expr
[       OK ] GrammarCombinations/ParserGrammarCorpusTest.AcceptsValidGrammar/Case0738_expr (0 ms)
[ RUN      ] GrammarCombinations/ParserGrammarCorpusTest.AcceptsValidGrammar/Case0739_type_expr
[       OK ] GrammarCombinations/ParserGrammarCorpusTest.AcceptsValidGrammar/Case0739_type_expr (0 ms)
[ RUN      ] GrammarCombinations/ParserGrammarCorpusTest.AcceptsValidGrammar/Case0740_pattern
[       OK ] GrammarCombinations/ParserGrammarCorpusTest.AcceptsValidGrammar/Case0740_pattern (0 ms)
[ RUN      ] GrammarCombinations/ParserGrammarCorpusTest.AcceptsValidGrammar/Case0741_binding_pattern
[       OK ] GrammarCombinations/ParserGrammarCorpusTest.AcceptsValidGrammar/Case0741_binding_pattern (0 ms)
[ RUN      ] GrammarCombinations/ParserGrammarCorpusTest.AcceptsValidGrammar/Case0742_decl
[       OK ] GrammarCombinations/ParserGrammarCorpusTest.AcceptsValidGrammar/Case0742_decl (0 ms)
[ RUN      ] GrammarCombinations/ParserGrammarCorpusTest.AcceptsValidGrammar/Case0743_for_header
[       OK ] GrammarCombinations/ParserGrammarCorpusTest.AcceptsValidGrammar/Case0743_for_header (0 ms)
[ RUN      ] GrammarCombinations/ParserGrammarCorpusTest.AcceptsValidGrammar/Case0744_stmt
[       OK ] GrammarCombinations/ParserGrammarCorpusTest.AcceptsValidGrammar/Case0744_stmt (0 ms)
[ RUN      ] GrammarCombinations/ParserGrammarCorpusTest.AcceptsValidGrammar/Case0745_expr
[       OK ] GrammarCombinations/ParserGrammarCorpusTest.AcceptsValidGrammar/Case0745_expr (0 ms)
[ RUN      ] GrammarCombinations/ParserGrammarCorpusTest.AcceptsValidGrammar/Case0746_expr
[       OK ] GrammarCombinations/ParserGrammarCorpusTest.AcceptsValidGrammar/Case0746_expr (0 ms)
[ RUN      ] GrammarCombinations/ParserGrammarCorpusTest.AcceptsValidGrammar/Case0747_type_expr
[       OK ] GrammarCombinations/ParserGrammarCorpusTest.AcceptsValidGrammar/Case0747_type_expr (0 ms)
[ RUN      ] GrammarCombinations/ParserGrammarCorpusTest.AcceptsValidGrammar/Case0748_pattern
[       OK ] GrammarCombinations/ParserGrammarCorpusTest.AcceptsValidGrammar/Case0748_pattern (0 ms)
[ RUN      ] GrammarCombinations/ParserGrammarCorpusTest.AcceptsValidGrammar/Case0749_binding_pattern
[       OK ] GrammarCombinations/ParserGrammarCorpusTest.AcceptsValidGrammar/Case0749_binding_pattern (0 ms)
[ RUN      ] GrammarCombinations/ParserGrammarCorpusTest.AcceptsValidGrammar/Case0750_decl
[       OK ] GrammarCombinations/ParserGrammarCorpusTest.AcceptsValidGrammar/Case0750_decl (0 ms)
[ RUN      ] GrammarCombinations/ParserGrammarCorpusTest.AcceptsValidGrammar/Case0751_for_header
[       OK ] GrammarCombinations/ParserGrammarCorpusTest.AcceptsValidGrammar/Case0751_for_header (0 ms)
[ RUN      ] GrammarCombinations/ParserGrammarCorpusTest.AcceptsValidGrammar/Case0752_stmt
[       OK ] GrammarCombinations/ParserGrammarCorpusTest.AcceptsValidGrammar/Case0752_stmt (0 ms)
[ RUN      ] GrammarCombinations/ParserGrammarCorpusTest.AcceptsValidGrammar/Case0753_expr
[       OK ] GrammarCombinations/ParserGrammarCorpusTest.AcceptsValidGrammar/Case0753_expr (0 ms)
[ RUN      ] GrammarCombinations/ParserGrammarCorpusTest.AcceptsValidGrammar/Case0754_expr
[       OK ] GrammarCombinations/ParserGrammarCorpusTest.AcceptsValidGrammar/Case0754_expr (0 ms)
[ RUN      ] GrammarCombinations/ParserGrammarCorpusTest.AcceptsValidGrammar/Case0755_type_expr
[       OK ] GrammarCombinations/ParserGrammarCorpusTest.AcceptsValidGrammar/Case0755_type_expr (0 ms)
[ RUN      ] GrammarCombinations/ParserGrammarCorpusTest.AcceptsValidGrammar/Case0756_pattern
[       OK ] GrammarCombinations/ParserGrammarCorpusTest.AcceptsValidGrammar/Case0756_pattern (0 ms)
[ RUN      ] GrammarCombinations/ParserGrammarCorpusTest.AcceptsValidGrammar/Case0757_binding_pattern
[       OK ] GrammarCombinations/ParserGrammarCorpusTest.AcceptsValidGrammar/Case0757_binding_pattern (0 ms)
[ RUN      ] GrammarCombinations/ParserGrammarCorpusTest.AcceptsValidGrammar/Case0758_decl
[       OK ] GrammarCombinations/ParserGrammarCorpusTest.AcceptsValidGrammar/Case0758_decl (0 ms)
[ RUN      ] GrammarCombinations/ParserGrammarCorpusTest.AcceptsValidGrammar/Case0759_for_header
[       OK ] GrammarCombinations/ParserGrammarCorpusTest.AcceptsValidGrammar/Case0759_for_header (0 ms)
[ RUN      ] GrammarCombinations/ParserGrammarCorpusTest.AcceptsValidGrammar/Case0760_stmt
[       OK ] GrammarCombinations/ParserGrammarCorpusTest.AcceptsValidGrammar/Case0760_stmt (0 ms)
[ RUN      ] GrammarCombinations/ParserGrammarCorpusTest.AcceptsValidGrammar/Case0761_expr
[       OK ] GrammarCombinations/ParserGrammarCorpusTest.AcceptsValidGrammar/Case0761_expr (0 ms)
[ RUN      ] GrammarCombinations/ParserGrammarCorpusTest.AcceptsValidGrammar/Case0762_expr
[       OK ] GrammarCombinations/ParserGrammarCorpusTest.AcceptsValidGrammar/Case0762_expr (0 ms)
[ RUN      ] GrammarCombinations/ParserGrammarCorpusTest.AcceptsValidGrammar/Case0763_type_expr
[       OK ] GrammarCombinations/ParserGrammarCorpusTest.AcceptsValidGrammar/Case0763_type_expr (0 ms)
[ RUN      ] GrammarCombinations/ParserGrammarCorpusTest.AcceptsValidGrammar/Case0764_pattern
[       OK ] GrammarCombinations/ParserGrammarCorpusTest.AcceptsValidGrammar/Case0764_pattern (0 ms)
[ RUN      ] GrammarCombinations/ParserGrammarCorpusTest.AcceptsValidGrammar/Case0765_binding_pattern
[       OK ] GrammarCombinations/ParserGrammarCorpusTest.AcceptsValidGrammar/Case0765_binding_pattern (0 ms)
[ RUN      ] GrammarCombinations/ParserGrammarCorpusTest.AcceptsValidGrammar/Case0766_decl
[       OK ] GrammarCombinations/ParserGrammarCorpusTest.AcceptsValidGrammar/Case0766_decl (0 ms)
[ RUN      ] GrammarCombinations/ParserGrammarCorpusTest.AcceptsValidGrammar/Case0767_for_header
[       OK ] GrammarCombinations/ParserGrammarCorpusTest.AcceptsValidGrammar/Case0767_for_header (0 ms)
[ RUN      ] GrammarCombinations/ParserGrammarCorpusTest.AcceptsValidGrammar/Case0768_stmt
[       OK ] GrammarCombinations/ParserGrammarCorpusTest.AcceptsValidGrammar/Case0768_stmt (0 ms)
[ RUN      ] GrammarCombinations/ParserGrammarCorpusTest.AcceptsValidGrammar/Case0769_expr
[       OK ] GrammarCombinations/ParserGrammarCorpusTest.AcceptsValidGrammar/Case0769_expr (0 ms)
[ RUN      ] GrammarCombinations/ParserGrammarCorpusTest.AcceptsValidGrammar/Case0770_expr
[       OK ] GrammarCombinations/ParserGrammarCorpusTest.AcceptsValidGrammar/Case0770_expr (0 ms)
[ RUN      ] GrammarCombinations/ParserGrammarCorpusTest.AcceptsValidGrammar/Case0771_type_expr
[       OK ] GrammarCombinations/ParserGrammarCorpusTest.AcceptsValidGrammar/Case0771_type_expr (0 ms)
[ RUN      ] GrammarCombinations/ParserGrammarCorpusTest.AcceptsValidGrammar/Case0772_pattern
[       OK ] GrammarCombinations/ParserGrammarCorpusTest.AcceptsValidGrammar/Case0772_pattern (0 ms)
[ RUN      ] GrammarCombinations/ParserGrammarCorpusTest.AcceptsValidGrammar/Case0773_binding_pattern
[       OK ] GrammarCombinations/ParserGrammarCorpusTest.AcceptsValidGrammar/Case0773_binding_pattern (0 ms)
[ RUN      ] GrammarCombinations/ParserGrammarCorpusTest.AcceptsValidGrammar/Case0774_decl
[       OK ] GrammarCombinations/ParserGrammarCorpusTest.AcceptsValidGrammar/Case0774_decl (0 ms)
[ RUN      ] GrammarCombinations/ParserGrammarCorpusTest.AcceptsValidGrammar/Case0775_for_header
[       OK ] GrammarCombinations/ParserGrammarCorpusTest.AcceptsValidGrammar/Case0775_for_header (0 ms)
[ RUN      ] GrammarCombinations/ParserGrammarCorpusTest.AcceptsValidGrammar/Case0776_stmt
[       OK ] GrammarCombinations/ParserGrammarCorpusTest.AcceptsValidGrammar/Case0776_stmt (0 ms)
[ RUN      ] GrammarCombinations/ParserGrammarCorpusTest.AcceptsValidGrammar/Case0777_expr
[       OK ] GrammarCombinations/ParserGrammarCorpusTest.AcceptsValidGrammar/Case0777_expr (0 ms)
[ RUN      ] GrammarCombinations/ParserGrammarCorpusTest.AcceptsValidGrammar/Case0778_expr
[       OK ] GrammarCombinations/ParserGrammarCorpusTest.AcceptsValidGrammar/Case0778_expr (0 ms)
[ RUN      ] GrammarCombinations/ParserGrammarCorpusTest.AcceptsValidGrammar/Case0779_type_expr
[       OK ] GrammarCombinations/ParserGrammarCorpusTest.AcceptsValidGrammar/Case0779_type_expr (0 ms)
[ RUN      ] GrammarCombinations/ParserGrammarCorpusTest.AcceptsValidGrammar/Case0780_pattern
[       OK ] GrammarCombinations/ParserGrammarCorpusTest.AcceptsValidGrammar/Case0780_pattern (0 ms)
[ RUN      ] GrammarCombinations/ParserGrammarCorpusTest.AcceptsValidGrammar/Case0781_binding_pattern
[       OK ] GrammarCombinations/ParserGrammarCorpusTest.AcceptsValidGrammar/Case0781_binding_pattern (0 ms)
[ RUN      ] GrammarCombinations/ParserGrammarCorpusTest.AcceptsValidGrammar/Case0782_decl
[       OK ] GrammarCombinations/ParserGrammarCorpusTest.AcceptsValidGrammar/Case0782_decl (0 ms)
[ RUN      ] GrammarCombinations/ParserGrammarCorpusTest.AcceptsValidGrammar/Case0783_for_header
[       OK ] GrammarCombinations/ParserGrammarCorpusTest.AcceptsValidGrammar/Case0783_for_header (0 ms)
[ RUN      ] GrammarCombinations/ParserGrammarCorpusTest.AcceptsValidGrammar/Case0784_stmt
[       OK ] GrammarCombinations/ParserGrammarCorpusTest.AcceptsValidGrammar/Case0784_stmt (0 ms)
[ RUN      ] GrammarCombinations/ParserGrammarCorpusTest.AcceptsValidGrammar/Case0785_expr
[       OK ] GrammarCombinations/ParserGrammarCorpusTest.AcceptsValidGrammar/Case0785_expr (0 ms)
[ RUN      ] GrammarCombinations/ParserGrammarCorpusTest.AcceptsValidGrammar/Case0786_expr
[       OK ] GrammarCombinations/ParserGrammarCorpusTest.AcceptsValidGrammar/Case0786_expr (0 ms)
[ RUN      ] GrammarCombinations/ParserGrammarCorpusTest.AcceptsValidGrammar/Case0787_type_expr
[       OK ] GrammarCombinations/ParserGrammarCorpusTest.AcceptsValidGrammar/Case0787_type_expr (0 ms)
[ RUN      ] GrammarCombinations/ParserGrammarCorpusTest.AcceptsValidGrammar/Case0788_pattern
[       OK ] GrammarCombinations/ParserGrammarCorpusTest.AcceptsValidGrammar/Case0788_pattern (0 ms)
[ RUN      ] GrammarCombinations/ParserGrammarCorpusTest.AcceptsValidGrammar/Case0789_binding_pattern
[       OK ] GrammarCombinations/ParserGrammarCorpusTest.AcceptsValidGrammar/Case0789_binding_pattern (0 ms)
[ RUN      ] GrammarCombinations/ParserGrammarCorpusTest.AcceptsValidGrammar/Case0790_decl
[       OK ] GrammarCombinations/ParserGrammarCorpusTest.AcceptsValidGrammar/Case0790_decl (0 ms)
[ RUN      ] GrammarCombinations/ParserGrammarCorpusTest.AcceptsValidGrammar/Case0791_for_header
[       OK ] GrammarCombinations/ParserGrammarCorpusTest.AcceptsValidGrammar/Case0791_for_header (0 ms)
[ RUN      ] GrammarCombinations/ParserGrammarCorpusTest.AcceptsValidGrammar/Case0792_stmt
[       OK ] GrammarCombinations/ParserGrammarCorpusTest.AcceptsValidGrammar/Case0792_stmt (0 ms)
[ RUN      ] GrammarCombinations/ParserGrammarCorpusTest.AcceptsValidGrammar/Case0793_expr
[       OK ] GrammarCombinations/ParserGrammarCorpusTest.AcceptsValidGrammar/Case0793_expr (0 ms)
[ RUN      ] GrammarCombinations/ParserGrammarCorpusTest.AcceptsValidGrammar/Case0794_expr
[       OK ] GrammarCombinations/ParserGrammarCorpusTest.AcceptsValidGrammar/Case0794_expr (0 ms)
[ RUN      ] GrammarCombinations/ParserGrammarCorpusTest.AcceptsValidGrammar/Case0795_type_expr
[       OK ] GrammarCombinations/ParserGrammarCorpusTest.AcceptsValidGrammar/Case0795_type_expr (0 ms)
[ RUN      ] GrammarCombinations/ParserGrammarCorpusTest.AcceptsValidGrammar/Case0796_pattern
[       OK ] GrammarCombinations/ParserGrammarCorpusTest.AcceptsValidGrammar/Case0796_pattern (0 ms)
[ RUN      ] GrammarCombinations/ParserGrammarCorpusTest.AcceptsValidGrammar/Case0797_binding_pattern
[       OK ] GrammarCombinations/ParserGrammarCorpusTest.AcceptsValidGrammar/Case0797_binding_pattern (0 ms)
[ RUN      ] GrammarCombinations/ParserGrammarCorpusTest.AcceptsValidGrammar/Case0798_decl
[       OK ] GrammarCombinations/ParserGrammarCorpusTest.AcceptsValidGrammar/Case0798_decl (0 ms)
[ RUN      ] GrammarCombinations/ParserGrammarCorpusTest.AcceptsValidGrammar/Case0799_for_header
[       OK ] GrammarCombinations/ParserGrammarCorpusTest.AcceptsValidGrammar/Case0799_for_header (0 ms)
[ RUN      ] GrammarCombinations/ParserGrammarCorpusTest.AcceptsValidGrammar/Case0800_stmt
[       OK ] GrammarCombinations/ParserGrammarCorpusTest.AcceptsValidGrammar/Case0800_stmt (0 ms)
[ RUN      ] GrammarCombinations/ParserGrammarCorpusTest.AcceptsValidGrammar/Case0801_expr
[       OK ] GrammarCombinations/ParserGrammarCorpusTest.AcceptsValidGrammar/Case0801_expr (0 ms)
[ RUN      ] GrammarCombinations/ParserGrammarCorpusTest.AcceptsValidGrammar/Case0802_expr
[       OK ] GrammarCombinations/ParserGrammarCorpusTest.AcceptsValidGrammar/Case0802_expr (0 ms)
[ RUN      ] GrammarCombinations/ParserGrammarCorpusTest.AcceptsValidGrammar/Case0803_type_expr
[       OK ] GrammarCombinations/ParserGrammarCorpusTest.AcceptsValidGrammar/Case0803_type_expr (0 ms)
[ RUN      ] GrammarCombinations/ParserGrammarCorpusTest.AcceptsValidGrammar/Case0804_pattern
[       OK ] GrammarCombinations/ParserGrammarCorpusTest.AcceptsValidGrammar/Case0804_pattern (0 ms)
[ RUN      ] GrammarCombinations/ParserGrammarCorpusTest.AcceptsValidGrammar/Case0805_binding_pattern
[       OK ] GrammarCombinations/ParserGrammarCorpusTest.AcceptsValidGrammar/Case0805_binding_pattern (0 ms)
[ RUN      ] GrammarCombinations/ParserGrammarCorpusTest.AcceptsValidGrammar/Case0806_decl
[       OK ] GrammarCombinations/ParserGrammarCorpusTest.AcceptsValidGrammar/Case0806_decl (0 ms)
[ RUN      ] GrammarCombinations/ParserGrammarCorpusTest.AcceptsValidGrammar/Case0807_for_header
[       OK ] GrammarCombinations/ParserGrammarCorpusTest.AcceptsValidGrammar/Case0807_for_header (0 ms)
[ RUN      ] GrammarCombinations/ParserGrammarCorpusTest.AcceptsValidGrammar/Case0808_stmt
[       OK ] GrammarCombinations/ParserGrammarCorpusTest.AcceptsValidGrammar/Case0808_stmt (0 ms)
[ RUN      ] GrammarCombinations/ParserGrammarCorpusTest.AcceptsValidGrammar/Case0809_expr
[       OK ] GrammarCombinations/ParserGrammarCorpusTest.AcceptsValidGrammar/Case0809_expr (0 ms)
[ RUN      ] GrammarCombinations/ParserGrammarCorpusTest.AcceptsValidGrammar/Case0810_expr
[       OK ] GrammarCombinations/ParserGrammarCorpusTest.AcceptsValidGrammar/Case0810_expr (0 ms)
[ RUN      ] GrammarCombinations/ParserGrammarCorpusTest.AcceptsValidGrammar/Case0811_type_expr
[       OK ] GrammarCombinations/ParserGrammarCorpusTest.AcceptsValidGrammar/Case0811_type_expr (0 ms)
[ RUN      ] GrammarCombinations/ParserGrammarCorpusTest.AcceptsValidGrammar/Case0812_pattern
[       OK ] GrammarCombinations/ParserGrammarCorpusTest.AcceptsValidGrammar/Case0812_pattern (0 ms)
[ RUN      ] GrammarCombinations/ParserGrammarCorpusTest.AcceptsValidGrammar/Case0813_binding_pattern
[       OK ] GrammarCombinations/ParserGrammarCorpusTest.AcceptsValidGrammar/Case0813_binding_pattern (0 ms)
[ RUN      ] GrammarCombinations/ParserGrammarCorpusTest.AcceptsValidGrammar/Case0814_decl
[       OK ] GrammarCombinations/ParserGrammarCorpusTest.AcceptsValidGrammar/Case0814_decl (0 ms)
[ RUN      ] GrammarCombinations/ParserGrammarCorpusTest.AcceptsValidGrammar/Case0815_for_header
[       OK ] GrammarCombinations/ParserGrammarCorpusTest.AcceptsValidGrammar/Case0815_for_header (0 ms)
[ RUN      ] GrammarCombinations/ParserGrammarCorpusTest.AcceptsValidGrammar/Case0816_stmt
[       OK ] GrammarCombinations/ParserGrammarCorpusTest.AcceptsValidGrammar/Case0816_stmt (0 ms)
[ RUN      ] GrammarCombinations/ParserGrammarCorpusTest.AcceptsValidGrammar/Case0817_expr
[       OK ] GrammarCombinations/ParserGrammarCorpusTest.AcceptsValidGrammar/Case0817_expr (0 ms)
[ RUN      ] GrammarCombinations/ParserGrammarCorpusTest.AcceptsValidGrammar/Case0818_expr
[       OK ] GrammarCombinations/ParserGrammarCorpusTest.AcceptsValidGrammar/Case0818_expr (0 ms)
[ RUN      ] GrammarCombinations/ParserGrammarCorpusTest.AcceptsValidGrammar/Case0819_type_expr
[       OK ] GrammarCombinations/ParserGrammarCorpusTest.AcceptsValidGrammar/Case0819_type_expr (0 ms)
[ RUN      ] GrammarCombinations/ParserGrammarCorpusTest.AcceptsValidGrammar/Case0820_pattern
[       OK ] GrammarCombinations/ParserGrammarCorpusTest.AcceptsValidGrammar/Case0820_pattern (0 ms)
[ RUN      ] GrammarCombinations/ParserGrammarCorpusTest.AcceptsValidGrammar/Case0821_binding_pattern
[       OK ] GrammarCombinations/ParserGrammarCorpusTest.AcceptsValidGrammar/Case0821_binding_pattern (0 ms)
[ RUN      ] GrammarCombinations/ParserGrammarCorpusTest.AcceptsValidGrammar/Case0822_decl
[       OK ] GrammarCombinations/ParserGrammarCorpusTest.AcceptsValidGrammar/Case0822_decl (0 ms)
[ RUN      ] GrammarCombinations/ParserGrammarCorpusTest.AcceptsValidGrammar/Case0823_for_header
[       OK ] GrammarCombinations/ParserGrammarCorpusTest.AcceptsValidGrammar/Case0823_for_header (0 ms)
[ RUN      ] GrammarCombinations/ParserGrammarCorpusTest.AcceptsValidGrammar/Case0824_stmt
[       OK ] GrammarCombinations/ParserGrammarCorpusTest.AcceptsValidGrammar/Case0824_stmt (0 ms)
[ RUN      ] GrammarCombinations/ParserGrammarCorpusTest.AcceptsValidGrammar/Case0825_expr
[       OK ] GrammarCombinations/ParserGrammarCorpusTest.AcceptsValidGrammar/Case0825_expr (0 ms)
[ RUN      ] GrammarCombinations/ParserGrammarCorpusTest.AcceptsValidGrammar/Case0826_expr
[       OK ] GrammarCombinations/ParserGrammarCorpusTest.AcceptsValidGrammar/Case0826_expr (0 ms)
[ RUN      ] GrammarCombinations/ParserGrammarCorpusTest.AcceptsValidGrammar/Case0827_type_expr
[       OK ] GrammarCombinations/ParserGrammarCorpusTest.AcceptsValidGrammar/Case0827_type_expr (0 ms)
[ RUN      ] GrammarCombinations/ParserGrammarCorpusTest.AcceptsValidGrammar/Case0828_pattern
[       OK ] GrammarCombinations/ParserGrammarCorpusTest.AcceptsValidGrammar/Case0828_pattern (0 ms)
[ RUN      ] GrammarCombinations/ParserGrammarCorpusTest.AcceptsValidGrammar/Case0829_binding_pattern
[       OK ] GrammarCombinations/ParserGrammarCorpusTest.AcceptsValidGrammar/Case0829_binding_pattern (0 ms)
[ RUN      ] GrammarCombinations/ParserGrammarCorpusTest.AcceptsValidGrammar/Case0830_decl
[       OK ] GrammarCombinations/ParserGrammarCorpusTest.AcceptsValidGrammar/Case0830_decl (0 ms)
[ RUN      ] GrammarCombinations/ParserGrammarCorpusTest.AcceptsValidGrammar/Case0831_for_header
[       OK ] GrammarCombinations/ParserGrammarCorpusTest.AcceptsValidGrammar/Case0831_for_header (0 ms)
[ RUN      ] GrammarCombinations/ParserGrammarCorpusTest.AcceptsValidGrammar/Case0832_stmt
[       OK ] GrammarCombinations/ParserGrammarCorpusTest.AcceptsValidGrammar/Case0832_stmt (0 ms)
[ RUN      ] GrammarCombinations/ParserGrammarCorpusTest.AcceptsValidGrammar/Case0833_expr
[       OK ] GrammarCombinations/ParserGrammarCorpusTest.AcceptsValidGrammar/Case0833_expr (0 ms)
[ RUN      ] GrammarCombinations/ParserGrammarCorpusTest.AcceptsValidGrammar/Case0834_expr
[       OK ] GrammarCombinations/ParserGrammarCorpusTest.AcceptsValidGrammar/Case0834_expr (0 ms)
[ RUN      ] GrammarCombinations/ParserGrammarCorpusTest.AcceptsValidGrammar/Case0835_type_expr
[       OK ] GrammarCombinations/ParserGrammarCorpusTest.AcceptsValidGrammar/Case0835_type_expr (0 ms)
[ RUN      ] GrammarCombinations/ParserGrammarCorpusTest.AcceptsValidGrammar/Case0836_pattern
[       OK ] GrammarCombinations/ParserGrammarCorpusTest.AcceptsValidGrammar/Case0836_pattern (0 ms)
[ RUN      ] GrammarCombinations/ParserGrammarCorpusTest.AcceptsValidGrammar/Case0837_binding_pattern
[       OK ] GrammarCombinations/ParserGrammarCorpusTest.AcceptsValidGrammar/Case0837_binding_pattern (0 ms)
[ RUN      ] GrammarCombinations/ParserGrammarCorpusTest.AcceptsValidGrammar/Case0838_decl
[       OK ] GrammarCombinations/ParserGrammarCorpusTest.AcceptsValidGrammar/Case0838_decl (0 ms)
[ RUN      ] GrammarCombinations/ParserGrammarCorpusTest.AcceptsValidGrammar/Case0839_for_header
[       OK ] GrammarCombinations/ParserGrammarCorpusTest.AcceptsValidGrammar/Case0839_for_header (0 ms)
[ RUN      ] GrammarCombinations/ParserGrammarCorpusTest.AcceptsValidGrammar/Case0840_stmt
[       OK ] GrammarCombinations/ParserGrammarCorpusTest.AcceptsValidGrammar/Case0840_stmt (0 ms)
[ RUN      ] GrammarCombinations/ParserGrammarCorpusTest.AcceptsValidGrammar/Case0841_expr
[       OK ] GrammarCombinations/ParserGrammarCorpusTest.AcceptsValidGrammar/Case0841_expr (0 ms)
[ RUN      ] GrammarCombinations/ParserGrammarCorpusTest.AcceptsValidGrammar/Case0842_expr
[       OK ] GrammarCombinations/ParserGrammarCorpusTest.AcceptsValidGrammar/Case0842_expr (0 ms)
[ RUN      ] GrammarCombinations/ParserGrammarCorpusTest.AcceptsValidGrammar/Case0843_type_expr
[       OK ] GrammarCombinations/ParserGrammarCorpusTest.AcceptsValidGrammar/Case0843_type_expr (0 ms)
[ RUN      ] GrammarCombinations/ParserGrammarCorpusTest.AcceptsValidGrammar/Case0844_pattern
[       OK ] GrammarCombinations/ParserGrammarCorpusTest.AcceptsValidGrammar/Case0844_pattern (0 ms)
[ RUN      ] GrammarCombinations/ParserGrammarCorpusTest.AcceptsValidGrammar/Case0845_binding_pattern
[       OK ] GrammarCombinations/ParserGrammarCorpusTest.AcceptsValidGrammar/Case0845_binding_pattern (0 ms)
[ RUN      ] GrammarCombinations/ParserGrammarCorpusTest.AcceptsValidGrammar/Case0846_decl
[       OK ] GrammarCombinations/ParserGrammarCorpusTest.AcceptsValidGrammar/Case0846_decl (0 ms)
[ RUN      ] GrammarCombinations/ParserGrammarCorpusTest.AcceptsValidGrammar/Case0847_for_header
[       OK ] GrammarCombinations/ParserGrammarCorpusTest.AcceptsValidGrammar/Case0847_for_header (0 ms)
[ RUN      ] GrammarCombinations/ParserGrammarCorpusTest.AcceptsValidGrammar/Case0848_stmt
[       OK ] GrammarCombinations/ParserGrammarCorpusTest.AcceptsValidGrammar/Case0848_stmt (0 ms)
[ RUN      ] GrammarCombinations/ParserGrammarCorpusTest.AcceptsValidGrammar/Case0849_expr
[       OK ] GrammarCombinations/ParserGrammarCorpusTest.AcceptsValidGrammar/Case0849_expr (0 ms)
[ RUN      ] GrammarCombinations/ParserGrammarCorpusTest.AcceptsValidGrammar/Case0850_expr
[       OK ] GrammarCombinations/ParserGrammarCorpusTest.AcceptsValidGrammar/Case0850_expr (0 ms)
[ RUN      ] GrammarCombinations/ParserGrammarCorpusTest.AcceptsValidGrammar/Case0851_type_expr
[       OK ] GrammarCombinations/ParserGrammarCorpusTest.AcceptsValidGrammar/Case0851_type_expr (0 ms)
[ RUN      ] GrammarCombinations/ParserGrammarCorpusTest.AcceptsValidGrammar/Case0852_pattern
[       OK ] GrammarCombinations/ParserGrammarCorpusTest.AcceptsValidGrammar/Case0852_pattern (0 ms)
[ RUN      ] GrammarCombinations/ParserGrammarCorpusTest.AcceptsValidGrammar/Case0853_binding_pattern
[       OK ] GrammarCombinations/ParserGrammarCorpusTest.AcceptsValidGrammar/Case0853_binding_pattern (0 ms)
[ RUN      ] GrammarCombinations/ParserGrammarCorpusTest.AcceptsValidGrammar/Case0854_decl
[       OK ] GrammarCombinations/ParserGrammarCorpusTest.AcceptsValidGrammar/Case0854_decl (0 ms)
[ RUN      ] GrammarCombinations/ParserGrammarCorpusTest.AcceptsValidGrammar/Case0855_for_header
[       OK ] GrammarCombinations/ParserGrammarCorpusTest.AcceptsValidGrammar/Case0855_for_header (0 ms)
[ RUN      ] GrammarCombinations/ParserGrammarCorpusTest.AcceptsValidGrammar/Case0856_stmt
[       OK ] GrammarCombinations/ParserGrammarCorpusTest.AcceptsValidGrammar/Case0856_stmt (0 ms)
[ RUN      ] GrammarCombinations/ParserGrammarCorpusTest.AcceptsValidGrammar/Case0857_expr
[       OK ] GrammarCombinations/ParserGrammarCorpusTest.AcceptsValidGrammar/Case0857_expr (0 ms)
[ RUN      ] GrammarCombinations/ParserGrammarCorpusTest.AcceptsValidGrammar/Case0858_expr
[       OK ] GrammarCombinations/ParserGrammarCorpusTest.AcceptsValidGrammar/Case0858_expr (0 ms)
[ RUN      ] GrammarCombinations/ParserGrammarCorpusTest.AcceptsValidGrammar/Case0859_type_expr
[       OK ] GrammarCombinations/ParserGrammarCorpusTest.AcceptsValidGrammar/Case0859_type_expr (0 ms)
[ RUN      ] GrammarCombinations/ParserGrammarCorpusTest.AcceptsValidGrammar/Case0860_pattern
[       OK ] GrammarCombinations/ParserGrammarCorpusTest.AcceptsValidGrammar/Case0860_pattern (0 ms)
[ RUN      ] GrammarCombinations/ParserGrammarCorpusTest.AcceptsValidGrammar/Case0861_binding_pattern
[       OK ] GrammarCombinations/ParserGrammarCorpusTest.AcceptsValidGrammar/Case0861_binding_pattern (0 ms)
[ RUN      ] GrammarCombinations/ParserGrammarCorpusTest.AcceptsValidGrammar/Case0862_decl
[       OK ] GrammarCombinations/ParserGrammarCorpusTest.AcceptsValidGrammar/Case0862_decl (0 ms)
[ RUN      ] GrammarCombinations/ParserGrammarCorpusTest.AcceptsValidGrammar/Case0863_for_header
[       OK ] GrammarCombinations/ParserGrammarCorpusTest.AcceptsValidGrammar/Case0863_for_header (0 ms)
[ RUN      ] GrammarCombinations/ParserGrammarCorpusTest.AcceptsValidGrammar/Case0864_stmt
[       OK ] GrammarCombinations/ParserGrammarCorpusTest.AcceptsValidGrammar/Case0864_stmt (0 ms)
[ RUN      ] GrammarCombinations/ParserGrammarCorpusTest.AcceptsValidGrammar/Case0865_expr
[       OK ] GrammarCombinations/ParserGrammarCorpusTest.AcceptsValidGrammar/Case0865_expr (0 ms)
[ RUN      ] GrammarCombinations/ParserGrammarCorpusTest.AcceptsValidGrammar/Case0866_expr
[       OK ] GrammarCombinations/ParserGrammarCorpusTest.AcceptsValidGrammar/Case0866_expr (0 ms)
[ RUN      ] GrammarCombinations/ParserGrammarCorpusTest.AcceptsValidGrammar/Case0867_type_expr
[       OK ] GrammarCombinations/ParserGrammarCorpusTest.AcceptsValidGrammar/Case0867_type_expr (0 ms)
[ RUN      ] GrammarCombinations/ParserGrammarCorpusTest.AcceptsValidGrammar/Case0868_pattern
[       OK ] GrammarCombinations/ParserGrammarCorpusTest.AcceptsValidGrammar/Case0868_pattern (0 ms)
[ RUN      ] GrammarCombinations/ParserGrammarCorpusTest.AcceptsValidGrammar/Case0869_binding_pattern
[       OK ] GrammarCombinations/ParserGrammarCorpusTest.AcceptsValidGrammar/Case0869_binding_pattern (0 ms)
[ RUN      ] GrammarCombinations/ParserGrammarCorpusTest.AcceptsValidGrammar/Case0870_decl
[       OK ] GrammarCombinations/ParserGrammarCorpusTest.AcceptsValidGrammar/Case0870_decl (0 ms)
[ RUN      ] GrammarCombinations/ParserGrammarCorpusTest.AcceptsValidGrammar/Case0871_for_header
[       OK ] GrammarCombinations/ParserGrammarCorpusTest.AcceptsValidGrammar/Case0871_for_header (0 ms)
[ RUN      ] GrammarCombinations/ParserGrammarCorpusTest.AcceptsValidGrammar/Case0872_stmt
[       OK ] GrammarCombinations/ParserGrammarCorpusTest.AcceptsValidGrammar/Case0872_stmt (0 ms)
[ RUN      ] GrammarCombinations/ParserGrammarCorpusTest.AcceptsValidGrammar/Case0873_expr
[       OK ] GrammarCombinations/ParserGrammarCorpusTest.AcceptsValidGrammar/Case0873_expr (0 ms)
[ RUN      ] GrammarCombinations/ParserGrammarCorpusTest.AcceptsValidGrammar/Case0874_expr
[       OK ] GrammarCombinations/ParserGrammarCorpusTest.AcceptsValidGrammar/Case0874_expr (0 ms)
[ RUN      ] GrammarCombinations/ParserGrammarCorpusTest.AcceptsValidGrammar/Case0875_type_expr
[       OK ] GrammarCombinations/ParserGrammarCorpusTest.AcceptsValidGrammar/Case0875_type_expr (0 ms)
[ RUN      ] GrammarCombinations/ParserGrammarCorpusTest.AcceptsValidGrammar/Case0876_pattern
[       OK ] GrammarCombinations/ParserGrammarCorpusTest.AcceptsValidGrammar/Case0876_pattern (0 ms)
[ RUN      ] GrammarCombinations/ParserGrammarCorpusTest.AcceptsValidGrammar/Case0877_binding_pattern
[       OK ] GrammarCombinations/ParserGrammarCorpusTest.AcceptsValidGrammar/Case0877_binding_pattern (0 ms)
[ RUN      ] GrammarCombinations/ParserGrammarCorpusTest.AcceptsValidGrammar/Case0878_decl
[       OK ] GrammarCombinations/ParserGrammarCorpusTest.AcceptsValidGrammar/Case0878_decl (0 ms)
[ RUN      ] GrammarCombinations/ParserGrammarCorpusTest.AcceptsValidGrammar/Case0879_for_header
[       OK ] GrammarCombinations/ParserGrammarCorpusTest.AcceptsValidGrammar/Case0879_for_header (0 ms)
[ RUN      ] GrammarCombinations/ParserGrammarCorpusTest.AcceptsValidGrammar/Case0880_stmt
[       OK ] GrammarCombinations/ParserGrammarCorpusTest.AcceptsValidGrammar/Case0880_stmt (0 ms)
[ RUN      ] GrammarCombinations/ParserGrammarCorpusTest.AcceptsValidGrammar/Case0881_expr
[       OK ] GrammarCombinations/ParserGrammarCorpusTest.AcceptsValidGrammar/Case0881_expr (0 ms)
[ RUN      ] GrammarCombinations/ParserGrammarCorpusTest.AcceptsValidGrammar/Case0882_expr
[       OK ] GrammarCombinations/ParserGrammarCorpusTest.AcceptsValidGrammar/Case0882_expr (0 ms)
[ RUN      ] GrammarCombinations/ParserGrammarCorpusTest.AcceptsValidGrammar/Case0883_type_expr
[       OK ] GrammarCombinations/ParserGrammarCorpusTest.AcceptsValidGrammar/Case0883_type_expr (0 ms)
[ RUN      ] GrammarCombinations/ParserGrammarCorpusTest.AcceptsValidGrammar/Case0884_pattern
[       OK ] GrammarCombinations/ParserGrammarCorpusTest.AcceptsValidGrammar/Case0884_pattern (0 ms)
[ RUN      ] GrammarCombinations/ParserGrammarCorpusTest.AcceptsValidGrammar/Case0885_binding_pattern
[       OK ] GrammarCombinations/ParserGrammarCorpusTest.AcceptsValidGrammar/Case0885_binding_pattern (0 ms)
[ RUN      ] GrammarCombinations/ParserGrammarCorpusTest.AcceptsValidGrammar/Case0886_decl
[       OK ] GrammarCombinations/ParserGrammarCorpusTest.AcceptsValidGrammar/Case0886_decl (0 ms)
[ RUN      ] GrammarCombinations/ParserGrammarCorpusTest.AcceptsValidGrammar/Case0887_for_header
[       OK ] GrammarCombinations/ParserGrammarCorpusTest.AcceptsValidGrammar/Case0887_for_header (0 ms)
[ RUN      ] GrammarCombinations/ParserGrammarCorpusTest.AcceptsValidGrammar/Case0888_stmt
[       OK ] GrammarCombinations/ParserGrammarCorpusTest.AcceptsValidGrammar/Case0888_stmt (0 ms)
[ RUN      ] GrammarCombinations/ParserGrammarCorpusTest.AcceptsValidGrammar/Case0889_expr
[       OK ] GrammarCombinations/ParserGrammarCorpusTest.AcceptsValidGrammar/Case0889_expr (0 ms)
[ RUN      ] GrammarCombinations/ParserGrammarCorpusTest.AcceptsValidGrammar/Case0890_expr
[       OK ] GrammarCombinations/ParserGrammarCorpusTest.AcceptsValidGrammar/Case0890_expr (0 ms)
[ RUN      ] GrammarCombinations/ParserGrammarCorpusTest.AcceptsValidGrammar/Case0891_type_expr
[       OK ] GrammarCombinations/ParserGrammarCorpusTest.AcceptsValidGrammar/Case0891_type_expr (0 ms)
[ RUN      ] GrammarCombinations/ParserGrammarCorpusTest.AcceptsValidGrammar/Case0892_pattern
[       OK ] GrammarCombinations/ParserGrammarCorpusTest.AcceptsValidGrammar/Case0892_pattern (0 ms)
[ RUN      ] GrammarCombinations/ParserGrammarCorpusTest.AcceptsValidGrammar/Case0893_binding_pattern
[       OK ] GrammarCombinations/ParserGrammarCorpusTest.AcceptsValidGrammar/Case0893_binding_pattern (0 ms)
[ RUN      ] GrammarCombinations/ParserGrammarCorpusTest.AcceptsValidGrammar/Case0894_decl
[       OK ] GrammarCombinations/ParserGrammarCorpusTest.AcceptsValidGrammar/Case0894_decl (0 ms)
[ RUN      ] GrammarCombinations/ParserGrammarCorpusTest.AcceptsValidGrammar/Case0895_for_header
[       OK ] GrammarCombinations/ParserGrammarCorpusTest.AcceptsValidGrammar/Case0895_for_header (0 ms)
[ RUN      ] GrammarCombinations/ParserGrammarCorpusTest.AcceptsValidGrammar/Case0896_stmt
[       OK ] GrammarCombinations/ParserGrammarCorpusTest.AcceptsValidGrammar/Case0896_stmt (0 ms)
[ RUN      ] GrammarCombinations/ParserGrammarCorpusTest.AcceptsValidGrammar/Case0897_expr
[       OK ] GrammarCombinations/ParserGrammarCorpusTest.AcceptsValidGrammar/Case0897_expr (0 ms)
[ RUN      ] GrammarCombinations/ParserGrammarCorpusTest.AcceptsValidGrammar/Case0898_expr
[       OK ] GrammarCombinations/ParserGrammarCorpusTest.AcceptsValidGrammar/Case0898_expr (0 ms)
[ RUN      ] GrammarCombinations/ParserGrammarCorpusTest.AcceptsValidGrammar/Case0899_type_expr
[       OK ] GrammarCombinations/ParserGrammarCorpusTest.AcceptsValidGrammar/Case0899_type_expr (0 ms)
[ RUN      ] GrammarCombinations/ParserGrammarCorpusTest.AcceptsValidGrammar/Case0900_pattern
[       OK ] GrammarCombinations/ParserGrammarCorpusTest.AcceptsValidGrammar/Case0900_pattern (0 ms)
[ RUN      ] GrammarCombinations/ParserGrammarCorpusTest.AcceptsValidGrammar/Case0901_binding_pattern
[       OK ] GrammarCombinations/ParserGrammarCorpusTest.AcceptsValidGrammar/Case0901_binding_pattern (0 ms)
[ RUN      ] GrammarCombinations/ParserGrammarCorpusTest.AcceptsValidGrammar/Case0902_decl
[       OK ] GrammarCombinations/ParserGrammarCorpusTest.AcceptsValidGrammar/Case0902_decl (0 ms)
[ RUN      ] GrammarCombinations/ParserGrammarCorpusTest.AcceptsValidGrammar/Case0903_for_header
[       OK ] GrammarCombinations/ParserGrammarCorpusTest.AcceptsValidGrammar/Case0903_for_header (0 ms)
[ RUN      ] GrammarCombinations/ParserGrammarCorpusTest.AcceptsValidGrammar/Case0904_stmt
[       OK ] GrammarCombinations/ParserGrammarCorpusTest.AcceptsValidGrammar/Case0904_stmt (0 ms)
[ RUN      ] GrammarCombinations/ParserGrammarCorpusTest.AcceptsValidGrammar/Case0905_expr
[       OK ] GrammarCombinations/ParserGrammarCorpusTest.AcceptsValidGrammar/Case0905_expr (0 ms)
[ RUN      ] GrammarCombinations/ParserGrammarCorpusTest.AcceptsValidGrammar/Case0906_expr
[       OK ] GrammarCombinations/ParserGrammarCorpusTest.AcceptsValidGrammar/Case0906_expr (0 ms)
[ RUN      ] GrammarCombinations/ParserGrammarCorpusTest.AcceptsValidGrammar/Case0907_type_expr
[       OK ] GrammarCombinations/ParserGrammarCorpusTest.AcceptsValidGrammar/Case0907_type_expr (0 ms)
[ RUN      ] GrammarCombinations/ParserGrammarCorpusTest.AcceptsValidGrammar/Case0908_pattern
[       OK ] GrammarCombinations/ParserGrammarCorpusTest.AcceptsValidGrammar/Case0908_pattern (0 ms)
[ RUN      ] GrammarCombinations/ParserGrammarCorpusTest.AcceptsValidGrammar/Case0909_binding_pattern
[       OK ] GrammarCombinations/ParserGrammarCorpusTest.AcceptsValidGrammar/Case0909_binding_pattern (0 ms)
[ RUN      ] GrammarCombinations/ParserGrammarCorpusTest.AcceptsValidGrammar/Case0910_decl
[       OK ] GrammarCombinations/ParserGrammarCorpusTest.AcceptsValidGrammar/Case0910_decl (0 ms)
[ RUN      ] GrammarCombinations/ParserGrammarCorpusTest.AcceptsValidGrammar/Case0911_for_header
[       OK ] GrammarCombinations/ParserGrammarCorpusTest.AcceptsValidGrammar/Case0911_for_header (0 ms)
[ RUN      ] GrammarCombinations/ParserGrammarCorpusTest.AcceptsValidGrammar/Case0912_stmt
[       OK ] GrammarCombinations/ParserGrammarCorpusTest.AcceptsValidGrammar/Case0912_stmt (0 ms)
[ RUN      ] GrammarCombinations/ParserGrammarCorpusTest.AcceptsValidGrammar/Case0913_expr
[       OK ] GrammarCombinations/ParserGrammarCorpusTest.AcceptsValidGrammar/Case0913_expr (0 ms)
[ RUN      ] GrammarCombinations/ParserGrammarCorpusTest.AcceptsValidGrammar/Case0914_expr
[       OK ] GrammarCombinations/ParserGrammarCorpusTest.AcceptsValidGrammar/Case0914_expr (0 ms)
[ RUN      ] GrammarCombinations/ParserGrammarCorpusTest.AcceptsValidGrammar/Case0915_type_expr
[       OK ] GrammarCombinations/ParserGrammarCorpusTest.AcceptsValidGrammar/Case0915_type_expr (0 ms)
[ RUN      ] GrammarCombinations/ParserGrammarCorpusTest.AcceptsValidGrammar/Case0916_pattern
[       OK ] GrammarCombinations/ParserGrammarCorpusTest.AcceptsValidGrammar/Case0916_pattern (0 ms)
[ RUN      ] GrammarCombinations/ParserGrammarCorpusTest.AcceptsValidGrammar/Case0917_binding_pattern
[       OK ] GrammarCombinations/ParserGrammarCorpusTest.AcceptsValidGrammar/Case0917_binding_pattern (0 ms)
[ RUN      ] GrammarCombinations/ParserGrammarCorpusTest.AcceptsValidGrammar/Case0918_decl
[       OK ] GrammarCombinations/ParserGrammarCorpusTest.AcceptsValidGrammar/Case0918_decl (0 ms)
[ RUN      ] GrammarCombinations/ParserGrammarCorpusTest.AcceptsValidGrammar/Case0919_for_header
[       OK ] GrammarCombinations/ParserGrammarCorpusTest.AcceptsValidGrammar/Case0919_for_header (0 ms)
[ RUN      ] GrammarCombinations/ParserGrammarCorpusTest.AcceptsValidGrammar/Case0920_stmt
[       OK ] GrammarCombinations/ParserGrammarCorpusTest.AcceptsValidGrammar/Case0920_stmt (0 ms)
[ RUN      ] GrammarCombinations/ParserGrammarCorpusTest.AcceptsValidGrammar/Case0921_expr
[       OK ] GrammarCombinations/ParserGrammarCorpusTest.AcceptsValidGrammar/Case0921_expr (0 ms)
[ RUN      ] GrammarCombinations/ParserGrammarCorpusTest.AcceptsValidGrammar/Case0922_expr
[       OK ] GrammarCombinations/ParserGrammarCorpusTest.AcceptsValidGrammar/Case0922_expr (0 ms)
[ RUN      ] GrammarCombinations/ParserGrammarCorpusTest.AcceptsValidGrammar/Case0923_type_expr
[       OK ] GrammarCombinations/ParserGrammarCorpusTest.AcceptsValidGrammar/Case0923_type_expr (0 ms)
[ RUN      ] GrammarCombinations/ParserGrammarCorpusTest.AcceptsValidGrammar/Case0924_pattern
[       OK ] GrammarCombinations/ParserGrammarCorpusTest.AcceptsValidGrammar/Case0924_pattern (0 ms)
[ RUN      ] GrammarCombinations/ParserGrammarCorpusTest.AcceptsValidGrammar/Case0925_binding_pattern
[       OK ] GrammarCombinations/ParserGrammarCorpusTest.AcceptsValidGrammar/Case0925_binding_pattern (0 ms)
[ RUN      ] GrammarCombinations/ParserGrammarCorpusTest.AcceptsValidGrammar/Case0926_decl
[       OK ] GrammarCombinations/ParserGrammarCorpusTest.AcceptsValidGrammar/Case0926_decl (0 ms)
[ RUN      ] GrammarCombinations/ParserGrammarCorpusTest.AcceptsValidGrammar/Case0927_for_header
[       OK ] GrammarCombinations/ParserGrammarCorpusTest.AcceptsValidGrammar/Case0927_for_header (0 ms)
[ RUN      ] GrammarCombinations/ParserGrammarCorpusTest.AcceptsValidGrammar/Case0928_stmt
[       OK ] GrammarCombinations/ParserGrammarCorpusTest.AcceptsValidGrammar/Case0928_stmt (0 ms)
[ RUN      ] GrammarCombinations/ParserGrammarCorpusTest.AcceptsValidGrammar/Case0929_expr
[       OK ] GrammarCombinations/ParserGrammarCorpusTest.AcceptsValidGrammar/Case0929_expr (0 ms)
[ RUN      ] GrammarCombinations/ParserGrammarCorpusTest.AcceptsValidGrammar/Case0930_expr
[       OK ] GrammarCombinations/ParserGrammarCorpusTest.AcceptsValidGrammar/Case0930_expr (0 ms)
[ RUN      ] GrammarCombinations/ParserGrammarCorpusTest.AcceptsValidGrammar/Case0931_type_expr
[       OK ] GrammarCombinations/ParserGrammarCorpusTest.AcceptsValidGrammar/Case0931_type_expr (0 ms)
[ RUN      ] GrammarCombinations/ParserGrammarCorpusTest.AcceptsValidGrammar/Case0932_pattern
[       OK ] GrammarCombinations/ParserGrammarCorpusTest.AcceptsValidGrammar/Case0932_pattern (0 ms)
[ RUN      ] GrammarCombinations/ParserGrammarCorpusTest.AcceptsValidGrammar/Case0933_binding_pattern
[       OK ] GrammarCombinations/ParserGrammarCorpusTest.AcceptsValidGrammar/Case0933_binding_pattern (0 ms)
[ RUN      ] GrammarCombinations/ParserGrammarCorpusTest.AcceptsValidGrammar/Case0934_decl
[       OK ] GrammarCombinations/ParserGrammarCorpusTest.AcceptsValidGrammar/Case0934_decl (0 ms)
[ RUN      ] GrammarCombinations/ParserGrammarCorpusTest.AcceptsValidGrammar/Case0935_for_header
[       OK ] GrammarCombinations/ParserGrammarCorpusTest.AcceptsValidGrammar/Case0935_for_header (0 ms)
[ RUN      ] GrammarCombinations/ParserGrammarCorpusTest.AcceptsValidGrammar/Case0936_stmt
[       OK ] GrammarCombinations/ParserGrammarCorpusTest.AcceptsValidGrammar/Case0936_stmt (0 ms)
[ RUN      ] GrammarCombinations/ParserGrammarCorpusTest.AcceptsValidGrammar/Case0937_expr
[       OK ] GrammarCombinations/ParserGrammarCorpusTest.AcceptsValidGrammar/Case0937_expr (0 ms)
[ RUN      ] GrammarCombinations/ParserGrammarCorpusTest.AcceptsValidGrammar/Case0938_expr
[       OK ] GrammarCombinations/ParserGrammarCorpusTest.AcceptsValidGrammar/Case0938_expr (0 ms)
[ RUN      ] GrammarCombinations/ParserGrammarCorpusTest.AcceptsValidGrammar/Case0939_type_expr
[       OK ] GrammarCombinations/ParserGrammarCorpusTest.AcceptsValidGrammar/Case0939_type_expr (0 ms)
[ RUN      ] GrammarCombinations/ParserGrammarCorpusTest.AcceptsValidGrammar/Case0940_pattern
[       OK ] GrammarCombinations/ParserGrammarCorpusTest.AcceptsValidGrammar/Case0940_pattern (0 ms)
[ RUN      ] GrammarCombinations/ParserGrammarCorpusTest.AcceptsValidGrammar/Case0941_binding_pattern
[       OK ] GrammarCombinations/ParserGrammarCorpusTest.AcceptsValidGrammar/Case0941_binding_pattern (0 ms)
[ RUN      ] GrammarCombinations/ParserGrammarCorpusTest.AcceptsValidGrammar/Case0942_decl
[       OK ] GrammarCombinations/ParserGrammarCorpusTest.AcceptsValidGrammar/Case0942_decl (0 ms)
[ RUN      ] GrammarCombinations/ParserGrammarCorpusTest.AcceptsValidGrammar/Case0943_for_header
[       OK ] GrammarCombinations/ParserGrammarCorpusTest.AcceptsValidGrammar/Case0943_for_header (0 ms)
[ RUN      ] GrammarCombinations/ParserGrammarCorpusTest.AcceptsValidGrammar/Case0944_stmt
[       OK ] GrammarCombinations/ParserGrammarCorpusTest.AcceptsValidGrammar/Case0944_stmt (0 ms)
[ RUN      ] GrammarCombinations/ParserGrammarCorpusTest.AcceptsValidGrammar/Case0945_expr
[       OK ] GrammarCombinations/ParserGrammarCorpusTest.AcceptsValidGrammar/Case0945_expr (0 ms)
[ RUN      ] GrammarCombinations/ParserGrammarCorpusTest.AcceptsValidGrammar/Case0946_expr
[       OK ] GrammarCombinations/ParserGrammarCorpusTest.AcceptsValidGrammar/Case0946_expr (0 ms)
[ RUN      ] GrammarCombinations/ParserGrammarCorpusTest.AcceptsValidGrammar/Case0947_type_expr
[       OK ] GrammarCombinations/ParserGrammarCorpusTest.AcceptsValidGrammar/Case0947_type_expr (0 ms)
[ RUN      ] GrammarCombinations/ParserGrammarCorpusTest.AcceptsValidGrammar/Case0948_pattern
[       OK ] GrammarCombinations/ParserGrammarCorpusTest.AcceptsValidGrammar/Case0948_pattern (0 ms)
[ RUN      ] GrammarCombinations/ParserGrammarCorpusTest.AcceptsValidGrammar/Case0949_binding_pattern
[       OK ] GrammarCombinations/ParserGrammarCorpusTest.AcceptsValidGrammar/Case0949_binding_pattern (0 ms)
[ RUN      ] GrammarCombinations/ParserGrammarCorpusTest.AcceptsValidGrammar/Case0950_decl
[       OK ] GrammarCombinations/ParserGrammarCorpusTest.AcceptsValidGrammar/Case0950_decl (0 ms)
[ RUN      ] GrammarCombinations/ParserGrammarCorpusTest.AcceptsValidGrammar/Case0951_for_header
[       OK ] GrammarCombinations/ParserGrammarCorpusTest.AcceptsValidGrammar/Case0951_for_header (0 ms)
[ RUN      ] GrammarCombinations/ParserGrammarCorpusTest.AcceptsValidGrammar/Case0952_stmt
[       OK ] GrammarCombinations/ParserGrammarCorpusTest.AcceptsValidGrammar/Case0952_stmt (0 ms)
[ RUN      ] GrammarCombinations/ParserGrammarCorpusTest.AcceptsValidGrammar/Case0953_expr
[       OK ] GrammarCombinations/ParserGrammarCorpusTest.AcceptsValidGrammar/Case0953_expr (0 ms)
[ RUN      ] GrammarCombinations/ParserGrammarCorpusTest.AcceptsValidGrammar/Case0954_expr
[       OK ] GrammarCombinations/ParserGrammarCorpusTest.AcceptsValidGrammar/Case0954_expr (0 ms)
[ RUN      ] GrammarCombinations/ParserGrammarCorpusTest.AcceptsValidGrammar/Case0955_type_expr
[       OK ] GrammarCombinations/ParserGrammarCorpusTest.AcceptsValidGrammar/Case0955_type_expr (0 ms)
[ RUN      ] GrammarCombinations/ParserGrammarCorpusTest.AcceptsValidGrammar/Case0956_pattern
[       OK ] GrammarCombinations/ParserGrammarCorpusTest.AcceptsValidGrammar/Case0956_pattern (0 ms)
[ RUN      ] GrammarCombinations/ParserGrammarCorpusTest.AcceptsValidGrammar/Case0957_binding_pattern
[       OK ] GrammarCombinations/ParserGrammarCorpusTest.AcceptsValidGrammar/Case0957_binding_pattern (0 ms)
[ RUN      ] GrammarCombinations/ParserGrammarCorpusTest.AcceptsValidGrammar/Case0958_decl
[       OK ] GrammarCombinations/ParserGrammarCorpusTest.AcceptsValidGrammar/Case0958_decl (0 ms)
[ RUN      ] GrammarCombinations/ParserGrammarCorpusTest.AcceptsValidGrammar/Case0959_for_header
[       OK ] GrammarCombinations/ParserGrammarCorpusTest.AcceptsValidGrammar/Case0959_for_header (0 ms)
[ RUN      ] GrammarCombinations/ParserGrammarCorpusTest.AcceptsValidGrammar/Case0960_stmt
[       OK ] GrammarCombinations/ParserGrammarCorpusTest.AcceptsValidGrammar/Case0960_stmt (0 ms)
[ RUN      ] GrammarCombinations/ParserGrammarCorpusTest.AcceptsValidGrammar/Case0961_expr
[       OK ] GrammarCombinations/ParserGrammarCorpusTest.AcceptsValidGrammar/Case0961_expr (0 ms)
[ RUN      ] GrammarCombinations/ParserGrammarCorpusTest.AcceptsValidGrammar/Case0962_expr
[       OK ] GrammarCombinations/ParserGrammarCorpusTest.AcceptsValidGrammar/Case0962_expr (0 ms)
[ RUN      ] GrammarCombinations/ParserGrammarCorpusTest.AcceptsValidGrammar/Case0963_type_expr
[       OK ] GrammarCombinations/ParserGrammarCorpusTest.AcceptsValidGrammar/Case0963_type_expr (0 ms)
[ RUN      ] GrammarCombinations/ParserGrammarCorpusTest.AcceptsValidGrammar/Case0964_pattern
[       OK ] GrammarCombinations/ParserGrammarCorpusTest.AcceptsValidGrammar/Case0964_pattern (0 ms)
[ RUN      ] GrammarCombinations/ParserGrammarCorpusTest.AcceptsValidGrammar/Case0965_binding_pattern
[       OK ] GrammarCombinations/ParserGrammarCorpusTest.AcceptsValidGrammar/Case0965_binding_pattern (0 ms)
[ RUN      ] GrammarCombinations/ParserGrammarCorpusTest.AcceptsValidGrammar/Case0966_decl
[       OK ] GrammarCombinations/ParserGrammarCorpusTest.AcceptsValidGrammar/Case0966_decl (0 ms)
[ RUN      ] GrammarCombinations/ParserGrammarCorpusTest.AcceptsValidGrammar/Case0967_for_header
[       OK ] GrammarCombinations/ParserGrammarCorpusTest.AcceptsValidGrammar/Case0967_for_header (0 ms)
[ RUN      ] GrammarCombinations/ParserGrammarCorpusTest.AcceptsValidGrammar/Case0968_stmt
[       OK ] GrammarCombinations/ParserGrammarCorpusTest.AcceptsValidGrammar/Case0968_stmt (0 ms)
[ RUN      ] GrammarCombinations/ParserGrammarCorpusTest.AcceptsValidGrammar/Case0969_expr
[       OK ] GrammarCombinations/ParserGrammarCorpusTest.AcceptsValidGrammar/Case0969_expr (0 ms)
[ RUN      ] GrammarCombinations/ParserGrammarCorpusTest.AcceptsValidGrammar/Case0970_expr
[       OK ] GrammarCombinations/ParserGrammarCorpusTest.AcceptsValidGrammar/Case0970_expr (0 ms)
[ RUN      ] GrammarCombinations/ParserGrammarCorpusTest.AcceptsValidGrammar/Case0971_type_expr
[       OK ] GrammarCombinations/ParserGrammarCorpusTest.AcceptsValidGrammar/Case0971_type_expr (0 ms)
[ RUN      ] GrammarCombinations/ParserGrammarCorpusTest.AcceptsValidGrammar/Case0972_pattern
[       OK ] GrammarCombinations/ParserGrammarCorpusTest.AcceptsValidGrammar/Case0972_pattern (0 ms)
[ RUN      ] GrammarCombinations/ParserGrammarCorpusTest.AcceptsValidGrammar/Case0973_binding_pattern
[       OK ] GrammarCombinations/ParserGrammarCorpusTest.AcceptsValidGrammar/Case0973_binding_pattern (0 ms)
[ RUN      ] GrammarCombinations/ParserGrammarCorpusTest.AcceptsValidGrammar/Case0974_decl
[       OK ] GrammarCombinations/ParserGrammarCorpusTest.AcceptsValidGrammar/Case0974_decl (0 ms)
[ RUN      ] GrammarCombinations/ParserGrammarCorpusTest.AcceptsValidGrammar/Case0975_for_header
[       OK ] GrammarCombinations/ParserGrammarCorpusTest.AcceptsValidGrammar/Case0975_for_header (0 ms)
[ RUN      ] GrammarCombinations/ParserGrammarCorpusTest.AcceptsValidGrammar/Case0976_stmt
[       OK ] GrammarCombinations/ParserGrammarCorpusTest.AcceptsValidGrammar/Case0976_stmt (0 ms)
[ RUN      ] GrammarCombinations/ParserGrammarCorpusTest.AcceptsValidGrammar/Case0977_expr
[       OK ] GrammarCombinations/ParserGrammarCorpusTest.AcceptsValidGrammar/Case0977_expr (0 ms)
[ RUN      ] GrammarCombinations/ParserGrammarCorpusTest.AcceptsValidGrammar/Case0978_expr
[       OK ] GrammarCombinations/ParserGrammarCorpusTest.AcceptsValidGrammar/Case0978_expr (0 ms)
[ RUN      ] GrammarCombinations/ParserGrammarCorpusTest.AcceptsValidGrammar/Case0979_type_expr
[       OK ] GrammarCombinations/ParserGrammarCorpusTest.AcceptsValidGrammar/Case0979_type_expr (0 ms)
[ RUN      ] GrammarCombinations/ParserGrammarCorpusTest.AcceptsValidGrammar/Case0980_pattern
[       OK ] GrammarCombinations/ParserGrammarCorpusTest.AcceptsValidGrammar/Case0980_pattern (0 ms)
[ RUN      ] GrammarCombinations/ParserGrammarCorpusTest.AcceptsValidGrammar/Case0981_binding_pattern
[       OK ] GrammarCombinations/ParserGrammarCorpusTest.AcceptsValidGrammar/Case0981_binding_pattern (0 ms)
[ RUN      ] GrammarCombinations/ParserGrammarCorpusTest.AcceptsValidGrammar/Case0982_decl
[       OK ] GrammarCombinations/ParserGrammarCorpusTest.AcceptsValidGrammar/Case0982_decl (0 ms)
[ RUN      ] GrammarCombinations/ParserGrammarCorpusTest.AcceptsValidGrammar/Case0983_for_header
[       OK ] GrammarCombinations/ParserGrammarCorpusTest.AcceptsValidGrammar/Case0983_for_header (0 ms)
[ RUN      ] GrammarCombinations/ParserGrammarCorpusTest.AcceptsValidGrammar/Case0984_stmt
[       OK ] GrammarCombinations/ParserGrammarCorpusTest.AcceptsValidGrammar/Case0984_stmt (0 ms)
[ RUN      ] GrammarCombinations/ParserGrammarCorpusTest.AcceptsValidGrammar/Case0985_expr
[       OK ] GrammarCombinations/ParserGrammarCorpusTest.AcceptsValidGrammar/Case0985_expr (0 ms)
[ RUN      ] GrammarCombinations/ParserGrammarCorpusTest.AcceptsValidGrammar/Case0986_expr
[       OK ] GrammarCombinations/ParserGrammarCorpusTest.AcceptsValidGrammar/Case0986_expr (0 ms)
[ RUN      ] GrammarCombinations/ParserGrammarCorpusTest.AcceptsValidGrammar/Case0987_type_expr
[       OK ] GrammarCombinations/ParserGrammarCorpusTest.AcceptsValidGrammar/Case0987_type_expr (0 ms)
[ RUN      ] GrammarCombinations/ParserGrammarCorpusTest.AcceptsValidGrammar/Case0988_pattern
[       OK ] GrammarCombinations/ParserGrammarCorpusTest.AcceptsValidGrammar/Case0988_pattern (0 ms)
[ RUN      ] GrammarCombinations/ParserGrammarCorpusTest.AcceptsValidGrammar/Case0989_binding_pattern
[       OK ] GrammarCombinations/ParserGrammarCorpusTest.AcceptsValidGrammar/Case0989_binding_pattern (0 ms)
[ RUN      ] GrammarCombinations/ParserGrammarCorpusTest.AcceptsValidGrammar/Case0990_decl
[       OK ] GrammarCombinations/ParserGrammarCorpusTest.AcceptsValidGrammar/Case0990_decl (0 ms)
[ RUN      ] GrammarCombinations/ParserGrammarCorpusTest.AcceptsValidGrammar/Case0991_for_header
[       OK ] GrammarCombinations/ParserGrammarCorpusTest.AcceptsValidGrammar/Case0991_for_header (0 ms)
[ RUN      ] GrammarCombinations/ParserGrammarCorpusTest.AcceptsValidGrammar/Case0992_stmt
[       OK ] GrammarCombinations/ParserGrammarCorpusTest.AcceptsValidGrammar/Case0992_stmt (0 ms)
[ RUN      ] GrammarCombinations/ParserGrammarCorpusTest.AcceptsValidGrammar/Case0993_expr
[       OK ] GrammarCombinations/ParserGrammarCorpusTest.AcceptsValidGrammar/Case0993_expr (0 ms)
[ RUN      ] GrammarCombinations/ParserGrammarCorpusTest.AcceptsValidGrammar/Case0994_expr
[       OK ] GrammarCombinations/ParserGrammarCorpusTest.AcceptsValidGrammar/Case0994_expr (0 ms)
[ RUN      ] GrammarCombinations/ParserGrammarCorpusTest.AcceptsValidGrammar/Case0995_type_expr
[       OK ] GrammarCombinations/ParserGrammarCorpusTest.AcceptsValidGrammar/Case0995_type_expr (0 ms)
[ RUN      ] GrammarCombinations/ParserGrammarCorpusTest.AcceptsValidGrammar/Case0996_pattern
[       OK ] GrammarCombinations/ParserGrammarCorpusTest.AcceptsValidGrammar/Case0996_pattern (0 ms)
[ RUN      ] GrammarCombinations/ParserGrammarCorpusTest.AcceptsValidGrammar/Case0997_binding_pattern
[       OK ] GrammarCombinations/ParserGrammarCorpusTest.AcceptsValidGrammar/Case0997_binding_pattern (0 ms)
[ RUN      ] GrammarCombinations/ParserGrammarCorpusTest.AcceptsValidGrammar/Case0998_decl
[       OK ] GrammarCombinations/ParserGrammarCorpusTest.AcceptsValidGrammar/Case0998_decl (0 ms)
[ RUN      ] GrammarCombinations/ParserGrammarCorpusTest.AcceptsValidGrammar/Case0999_for_header
[       OK ] GrammarCombinations/ParserGrammarCorpusTest.AcceptsValidGrammar/Case0999_for_header (0 ms)
[ RUN      ] GrammarCombinations/ParserGrammarCorpusTest.AcceptsValidGrammar/Case1000_stmt
[       OK ] GrammarCombinations/ParserGrammarCorpusTest.AcceptsValidGrammar/Case1000_stmt (0 ms)
[ RUN      ] GrammarCombinations/ParserGrammarCorpusTest.AcceptsValidGrammar/Case1001_expr
[       OK ] GrammarCombinations/ParserGrammarCorpusTest.AcceptsValidGrammar/Case1001_expr (0 ms)
[ RUN      ] GrammarCombinations/ParserGrammarCorpusTest.AcceptsValidGrammar/Case1002_expr
[       OK ] GrammarCombinations/ParserGrammarCorpusTest.AcceptsValidGrammar/Case1002_expr (0 ms)
[ RUN      ] GrammarCombinations/ParserGrammarCorpusTest.AcceptsValidGrammar/Case1003_type_expr
[       OK ] GrammarCombinations/ParserGrammarCorpusTest.AcceptsValidGrammar/Case1003_type_expr (0 ms)
[ RUN      ] GrammarCombinations/ParserGrammarCorpusTest.AcceptsValidGrammar/Case1004_pattern
[       OK ] GrammarCombinations/ParserGrammarCorpusTest.AcceptsValidGrammar/Case1004_pattern (0 ms)
[ RUN      ] GrammarCombinations/ParserGrammarCorpusTest.AcceptsValidGrammar/Case1005_binding_pattern
[       OK ] GrammarCombinations/ParserGrammarCorpusTest.AcceptsValidGrammar/Case1005_binding_pattern (0 ms)
[ RUN      ] GrammarCombinations/ParserGrammarCorpusTest.AcceptsValidGrammar/Case1006_decl
[       OK ] GrammarCombinations/ParserGrammarCorpusTest.AcceptsValidGrammar/Case1006_decl (0 ms)
[ RUN      ] GrammarCombinations/ParserGrammarCorpusTest.AcceptsValidGrammar/Case1007_for_header
[       OK ] GrammarCombinations/ParserGrammarCorpusTest.AcceptsValidGrammar/Case1007_for_header (0 ms)
[ RUN      ] GrammarCombinations/ParserGrammarCorpusTest.AcceptsValidGrammar/Case1008_stmt
[       OK ] GrammarCombinations/ParserGrammarCorpusTest.AcceptsValidGrammar/Case1008_stmt (0 ms)
[ RUN      ] GrammarCombinations/ParserGrammarCorpusTest.AcceptsValidGrammar/Case1009_expr
[       OK ] GrammarCombinations/ParserGrammarCorpusTest.AcceptsValidGrammar/Case1009_expr (0 ms)
[ RUN      ] GrammarCombinations/ParserGrammarCorpusTest.AcceptsValidGrammar/Case1010_expr
[       OK ] GrammarCombinations/ParserGrammarCorpusTest.AcceptsValidGrammar/Case1010_expr (0 ms)
[ RUN      ] GrammarCombinations/ParserGrammarCorpusTest.AcceptsValidGrammar/Case1011_type_expr
[       OK ] GrammarCombinations/ParserGrammarCorpusTest.AcceptsValidGrammar/Case1011_type_expr (0 ms)
[ RUN      ] GrammarCombinations/ParserGrammarCorpusTest.AcceptsValidGrammar/Case1012_pattern
[       OK ] GrammarCombinations/ParserGrammarCorpusTest.AcceptsValidGrammar/Case1012_pattern (0 ms)
[ RUN      ] GrammarCombinations/ParserGrammarCorpusTest.AcceptsValidGrammar/Case1013_binding_pattern
[       OK ] GrammarCombinations/ParserGrammarCorpusTest.AcceptsValidGrammar/Case1013_binding_pattern (0 ms)
[ RUN      ] GrammarCombinations/ParserGrammarCorpusTest.AcceptsValidGrammar/Case1014_decl
[       OK ] GrammarCombinations/ParserGrammarCorpusTest.AcceptsValidGrammar/Case1014_decl (0 ms)
[ RUN      ] GrammarCombinations/ParserGrammarCorpusTest.AcceptsValidGrammar/Case1015_for_header
[       OK ] GrammarCombinations/ParserGrammarCorpusTest.AcceptsValidGrammar/Case1015_for_header (0 ms)
[ RUN      ] GrammarCombinations/ParserGrammarCorpusTest.AcceptsValidGrammar/Case1016_stmt
[       OK ] GrammarCombinations/ParserGrammarCorpusTest.AcceptsValidGrammar/Case1016_stmt (0 ms)
[ RUN      ] GrammarCombinations/ParserGrammarCorpusTest.AcceptsValidGrammar/Case1017_expr
[       OK ] GrammarCombinations/ParserGrammarCorpusTest.AcceptsValidGrammar/Case1017_expr (0 ms)
[ RUN      ] GrammarCombinations/ParserGrammarCorpusTest.AcceptsValidGrammar/Case1018_expr
[       OK ] GrammarCombinations/ParserGrammarCorpusTest.AcceptsValidGrammar/Case1018_expr (0 ms)
[ RUN      ] GrammarCombinations/ParserGrammarCorpusTest.AcceptsValidGrammar/Case1019_type_expr
[       OK ] GrammarCombinations/ParserGrammarCorpusTest.AcceptsValidGrammar/Case1019_type_expr (0 ms)
[ RUN      ] GrammarCombinations/ParserGrammarCorpusTest.AcceptsValidGrammar/Case1020_pattern
[       OK ] GrammarCombinations/ParserGrammarCorpusTest.AcceptsValidGrammar/Case1020_pattern (0 ms)
[ RUN      ] GrammarCombinations/ParserGrammarCorpusTest.AcceptsValidGrammar/Case1021_binding_pattern
[       OK ] GrammarCombinations/ParserGrammarCorpusTest.AcceptsValidGrammar/Case1021_binding_pattern (0 ms)
[ RUN      ] GrammarCombinations/ParserGrammarCorpusTest.AcceptsValidGrammar/Case1022_decl
[       OK ] GrammarCombinations/ParserGrammarCorpusTest.AcceptsValidGrammar/Case1022_decl (0 ms)
[ RUN      ] GrammarCombinations/ParserGrammarCorpusTest.AcceptsValidGrammar/Case1023_for_header
[       OK ] GrammarCombinations/ParserGrammarCorpusTest.AcceptsValidGrammar/Case1023_for_header (0 ms)
[ RUN      ] GrammarCombinations/ParserGrammarCorpusTest.AcceptsValidGrammar/Case1024_stmt
[       OK ] GrammarCombinations/ParserGrammarCorpusTest.AcceptsValidGrammar/Case1024_stmt (0 ms)
[ RUN      ] GrammarCombinations/ParserGrammarCorpusTest.AcceptsValidGrammar/Case1025_expr
[       OK ] GrammarCombinations/ParserGrammarCorpusTest.AcceptsValidGrammar/Case1025_expr (0 ms)
[ RUN      ] GrammarCombinations/ParserGrammarCorpusTest.AcceptsValidGrammar/Case1026_expr
[       OK ] GrammarCombinations/ParserGrammarCorpusTest.AcceptsValidGrammar/Case1026_expr (0 ms)
[ RUN      ] GrammarCombinations/ParserGrammarCorpusTest.AcceptsValidGrammar/Case1027_type_expr
[       OK ] GrammarCombinations/ParserGrammarCorpusTest.AcceptsValidGrammar/Case1027_type_expr (0 ms)
[ RUN      ] GrammarCombinations/ParserGrammarCorpusTest.AcceptsValidGrammar/Case1028_pattern
[       OK ] GrammarCombinations/ParserGrammarCorpusTest.AcceptsValidGrammar/Case1028_pattern (0 ms)
[ RUN      ] GrammarCombinations/ParserGrammarCorpusTest.AcceptsValidGrammar/Case1029_binding_pattern
[       OK ] GrammarCombinations/ParserGrammarCorpusTest.AcceptsValidGrammar/Case1029_binding_pattern (0 ms)
[ RUN      ] GrammarCombinations/ParserGrammarCorpusTest.AcceptsValidGrammar/Case1030_decl
[       OK ] GrammarCombinations/ParserGrammarCorpusTest.AcceptsValidGrammar/Case1030_decl (0 ms)
[ RUN      ] GrammarCombinations/ParserGrammarCorpusTest.AcceptsValidGrammar/Case1031_for_header
[       OK ] GrammarCombinations/ParserGrammarCorpusTest.AcceptsValidGrammar/Case1031_for_header (0 ms)
[ RUN      ] GrammarCombinations/ParserGrammarCorpusTest.AcceptsValidGrammar/Case1032_stmt
[       OK ] GrammarCombinations/ParserGrammarCorpusTest.AcceptsValidGrammar/Case1032_stmt (0 ms)
[ RUN      ] GrammarCombinations/ParserGrammarCorpusTest.AcceptsValidGrammar/Case1033_expr
[       OK ] GrammarCombinations/ParserGrammarCorpusTest.AcceptsValidGrammar/Case1033_expr (0 ms)
[ RUN      ] GrammarCombinations/ParserGrammarCorpusTest.AcceptsValidGrammar/Case1034_expr
[       OK ] GrammarCombinations/ParserGrammarCorpusTest.AcceptsValidGrammar/Case1034_expr (0 ms)
[ RUN      ] GrammarCombinations/ParserGrammarCorpusTest.AcceptsValidGrammar/Case1035_type_expr
[       OK ] GrammarCombinations/ParserGrammarCorpusTest.AcceptsValidGrammar/Case1035_type_expr (0 ms)
[ RUN      ] GrammarCombinations/ParserGrammarCorpusTest.AcceptsValidGrammar/Case1036_pattern
[       OK ] GrammarCombinations/ParserGrammarCorpusTest.AcceptsValidGrammar/Case1036_pattern (0 ms)
[ RUN      ] GrammarCombinations/ParserGrammarCorpusTest.AcceptsValidGrammar/Case1037_binding_pattern
[       OK ] GrammarCombinations/ParserGrammarCorpusTest.AcceptsValidGrammar/Case1037_binding_pattern (0 ms)
[ RUN      ] GrammarCombinations/ParserGrammarCorpusTest.AcceptsValidGrammar/Case1038_decl
[       OK ] GrammarCombinations/ParserGrammarCorpusTest.AcceptsValidGrammar/Case1038_decl (0 ms)
[ RUN      ] GrammarCombinations/ParserGrammarCorpusTest.AcceptsValidGrammar/Case1039_for_header
[       OK ] GrammarCombinations/ParserGrammarCorpusTest.AcceptsValidGrammar/Case1039_for_header (0 ms)
[ RUN      ] GrammarCombinations/ParserGrammarCorpusTest.AcceptsValidGrammar/Case1040_stmt
[       OK ] GrammarCombinations/ParserGrammarCorpusTest.AcceptsValidGrammar/Case1040_stmt (0 ms)
[ RUN      ] GrammarCombinations/ParserGrammarCorpusTest.AcceptsValidGrammar/Case1041_expr
[       OK ] GrammarCombinations/ParserGrammarCorpusTest.AcceptsValidGrammar/Case1041_expr (0 ms)
[ RUN      ] GrammarCombinations/ParserGrammarCorpusTest.AcceptsValidGrammar/Case1042_expr
[       OK ] GrammarCombinations/ParserGrammarCorpusTest.AcceptsValidGrammar/Case1042_expr (0 ms)
[ RUN      ] GrammarCombinations/ParserGrammarCorpusTest.AcceptsValidGrammar/Case1043_type_expr
[       OK ] GrammarCombinations/ParserGrammarCorpusTest.AcceptsValidGrammar/Case1043_type_expr (0 ms)
[ RUN      ] GrammarCombinations/ParserGrammarCorpusTest.AcceptsValidGrammar/Case1044_pattern
[       OK ] GrammarCombinations/ParserGrammarCorpusTest.AcceptsValidGrammar/Case1044_pattern (0 ms)
[ RUN      ] GrammarCombinations/ParserGrammarCorpusTest.AcceptsValidGrammar/Case1045_binding_pattern
[       OK ] GrammarCombinations/ParserGrammarCorpusTest.AcceptsValidGrammar/Case1045_binding_pattern (0 ms)
[ RUN      ] GrammarCombinations/ParserGrammarCorpusTest.AcceptsValidGrammar/Case1046_decl
[       OK ] GrammarCombinations/ParserGrammarCorpusTest.AcceptsValidGrammar/Case1046_decl (0 ms)
[ RUN      ] GrammarCombinations/ParserGrammarCorpusTest.AcceptsValidGrammar/Case1047_for_header
[       OK ] GrammarCombinations/ParserGrammarCorpusTest.AcceptsValidGrammar/Case1047_for_header (0 ms)
[ RUN      ] GrammarCombinations/ParserGrammarCorpusTest.AcceptsValidGrammar/Case1048_stmt
[       OK ] GrammarCombinations/ParserGrammarCorpusTest.AcceptsValidGrammar/Case1048_stmt (0 ms)
[ RUN      ] GrammarCombinations/ParserGrammarCorpusTest.AcceptsValidGrammar/Case1049_expr
[       OK ] GrammarCombinations/ParserGrammarCorpusTest.AcceptsValidGrammar/Case1049_expr (0 ms)
[ RUN      ] GrammarCombinations/ParserGrammarCorpusTest.AcceptsValidGrammar/Case1050_expr
[       OK ] GrammarCombinations/ParserGrammarCorpusTest.AcceptsValidGrammar/Case1050_expr (0 ms)
[ RUN      ] GrammarCombinations/ParserGrammarCorpusTest.AcceptsValidGrammar/Case1051_type_expr
[       OK ] GrammarCombinations/ParserGrammarCorpusTest.AcceptsValidGrammar/Case1051_type_expr (0 ms)
[ RUN      ] GrammarCombinations/ParserGrammarCorpusTest.AcceptsValidGrammar/Case1052_pattern
[       OK ] GrammarCombinations/ParserGrammarCorpusTest.AcceptsValidGrammar/Case1052_pattern (0 ms)
[ RUN      ] GrammarCombinations/ParserGrammarCorpusTest.AcceptsValidGrammar/Case1053_binding_pattern
[       OK ] GrammarCombinations/ParserGrammarCorpusTest.AcceptsValidGrammar/Case1053_binding_pattern (0 ms)
[ RUN      ] GrammarCombinations/ParserGrammarCorpusTest.AcceptsValidGrammar/Case1054_decl
[       OK ] GrammarCombinations/ParserGrammarCorpusTest.AcceptsValidGrammar/Case1054_decl (0 ms)
[ RUN      ] GrammarCombinations/ParserGrammarCorpusTest.AcceptsValidGrammar/Case1055_for_header
[       OK ] GrammarCombinations/ParserGrammarCorpusTest.AcceptsValidGrammar/Case1055_for_header (0 ms)
[ RUN      ] GrammarCombinations/ParserGrammarCorpusTest.AcceptsValidGrammar/Case1056_stmt
[       OK ] GrammarCombinations/ParserGrammarCorpusTest.AcceptsValidGrammar/Case1056_stmt (0 ms)
[ RUN      ] GrammarCombinations/ParserGrammarCorpusTest.AcceptsValidGrammar/Case1057_expr
[       OK ] GrammarCombinations/ParserGrammarCorpusTest.AcceptsValidGrammar/Case1057_expr (0 ms)
[ RUN      ] GrammarCombinations/ParserGrammarCorpusTest.AcceptsValidGrammar/Case1058_expr
[       OK ] GrammarCombinations/ParserGrammarCorpusTest.AcceptsValidGrammar/Case1058_expr (0 ms)
[ RUN      ] GrammarCombinations/ParserGrammarCorpusTest.AcceptsValidGrammar/Case1059_type_expr
[       OK ] GrammarCombinations/ParserGrammarCorpusTest.AcceptsValidGrammar/Case1059_type_expr (0 ms)
[ RUN      ] GrammarCombinations/ParserGrammarCorpusTest.AcceptsValidGrammar/Case1060_pattern
[       OK ] GrammarCombinations/ParserGrammarCorpusTest.AcceptsValidGrammar/Case1060_pattern (0 ms)
[ RUN      ] GrammarCombinations/ParserGrammarCorpusTest.AcceptsValidGrammar/Case1061_binding_pattern
[       OK ] GrammarCombinations/ParserGrammarCorpusTest.AcceptsValidGrammar/Case1061_binding_pattern (0 ms)
[ RUN      ] GrammarCombinations/ParserGrammarCorpusTest.AcceptsValidGrammar/Case1062_decl
[       OK ] GrammarCombinations/ParserGrammarCorpusTest.AcceptsValidGrammar/Case1062_decl (0 ms)
[ RUN      ] GrammarCombinations/ParserGrammarCorpusTest.AcceptsValidGrammar/Case1063_for_header
[       OK ] GrammarCombinations/ParserGrammarCorpusTest.AcceptsValidGrammar/Case1063_for_header (0 ms)
[ RUN      ] GrammarCombinations/ParserGrammarCorpusTest.AcceptsValidGrammar/Case1064_stmt
[       OK ] GrammarCombinations/ParserGrammarCorpusTest.AcceptsValidGrammar/Case1064_stmt (0 ms)
[ RUN      ] GrammarCombinations/ParserGrammarCorpusTest.AcceptsValidGrammar/Case1065_expr
[       OK ] GrammarCombinations/ParserGrammarCorpusTest.AcceptsValidGrammar/Case1065_expr (0 ms)
[ RUN      ] GrammarCombinations/ParserGrammarCorpusTest.AcceptsValidGrammar/Case1066_expr
[       OK ] GrammarCombinations/ParserGrammarCorpusTest.AcceptsValidGrammar/Case1066_expr (0 ms)
[ RUN      ] GrammarCombinations/ParserGrammarCorpusTest.AcceptsValidGrammar/Case1067_type_expr
[       OK ] GrammarCombinations/ParserGrammarCorpusTest.AcceptsValidGrammar/Case1067_type_expr (0 ms)
[ RUN      ] GrammarCombinations/ParserGrammarCorpusTest.AcceptsValidGrammar/Case1068_pattern
[       OK ] GrammarCombinations/ParserGrammarCorpusTest.AcceptsValidGrammar/Case1068_pattern (0 ms)
[ RUN      ] GrammarCombinations/ParserGrammarCorpusTest.AcceptsValidGrammar/Case1069_binding_pattern
[       OK ] GrammarCombinations/ParserGrammarCorpusTest.AcceptsValidGrammar/Case1069_binding_pattern (0 ms)
[ RUN      ] GrammarCombinations/ParserGrammarCorpusTest.AcceptsValidGrammar/Case1070_decl
[       OK ] GrammarCombinations/ParserGrammarCorpusTest.AcceptsValidGrammar/Case1070_decl (0 ms)
[ RUN      ] GrammarCombinations/ParserGrammarCorpusTest.AcceptsValidGrammar/Case1071_for_header
[       OK ] GrammarCombinations/ParserGrammarCorpusTest.AcceptsValidGrammar/Case1071_for_header (0 ms)
[ RUN      ] GrammarCombinations/ParserGrammarCorpusTest.AcceptsValidGrammar/Case1072_stmt
[       OK ] GrammarCombinations/ParserGrammarCorpusTest.AcceptsValidGrammar/Case1072_stmt (0 ms)
[ RUN      ] GrammarCombinations/ParserGrammarCorpusTest.AcceptsValidGrammar/Case1073_expr
[       OK ] GrammarCombinations/ParserGrammarCorpusTest.AcceptsValidGrammar/Case1073_expr (0 ms)
[ RUN      ] GrammarCombinations/ParserGrammarCorpusTest.AcceptsValidGrammar/Case1074_expr
[       OK ] GrammarCombinations/ParserGrammarCorpusTest.AcceptsValidGrammar/Case1074_expr (0 ms)
[ RUN      ] GrammarCombinations/ParserGrammarCorpusTest.AcceptsValidGrammar/Case1075_type_expr
[       OK ] GrammarCombinations/ParserGrammarCorpusTest.AcceptsValidGrammar/Case1075_type_expr (0 ms)
[ RUN      ] GrammarCombinations/ParserGrammarCorpusTest.AcceptsValidGrammar/Case1076_pattern
[       OK ] GrammarCombinations/ParserGrammarCorpusTest.AcceptsValidGrammar/Case1076_pattern (0 ms)
[ RUN      ] GrammarCombinations/ParserGrammarCorpusTest.AcceptsValidGrammar/Case1077_binding_pattern
[       OK ] GrammarCombinations/ParserGrammarCorpusTest.AcceptsValidGrammar/Case1077_binding_pattern (0 ms)
[ RUN      ] GrammarCombinations/ParserGrammarCorpusTest.AcceptsValidGrammar/Case1078_decl
[       OK ] GrammarCombinations/ParserGrammarCorpusTest.AcceptsValidGrammar/Case1078_decl (0 ms)
[ RUN      ] GrammarCombinations/ParserGrammarCorpusTest.AcceptsValidGrammar/Case1079_for_header
[       OK ] GrammarCombinations/ParserGrammarCorpusTest.AcceptsValidGrammar/Case1079_for_header (0 ms)
[ RUN      ] GrammarCombinations/ParserGrammarCorpusTest.AcceptsValidGrammar/Case1080_stmt
[       OK ] GrammarCombinations/ParserGrammarCorpusTest.AcceptsValidGrammar/Case1080_stmt (0 ms)
[ RUN      ] GrammarCombinations/ParserGrammarCorpusTest.AcceptsValidGrammar/Case1081_expr
[       OK ] GrammarCombinations/ParserGrammarCorpusTest.AcceptsValidGrammar/Case1081_expr (0 ms)
[ RUN      ] GrammarCombinations/ParserGrammarCorpusTest.AcceptsValidGrammar/Case1082_expr
[       OK ] GrammarCombinations/ParserGrammarCorpusTest.AcceptsValidGrammar/Case1082_expr (0 ms)
[ RUN      ] GrammarCombinations/ParserGrammarCorpusTest.AcceptsValidGrammar/Case1083_type_expr
[       OK ] GrammarCombinations/ParserGrammarCorpusTest.AcceptsValidGrammar/Case1083_type_expr (0 ms)
[ RUN      ] GrammarCombinations/ParserGrammarCorpusTest.AcceptsValidGrammar/Case1084_pattern
[       OK ] GrammarCombinations/ParserGrammarCorpusTest.AcceptsValidGrammar/Case1084_pattern (0 ms)
[ RUN      ] GrammarCombinations/ParserGrammarCorpusTest.AcceptsValidGrammar/Case1085_binding_pattern
[       OK ] GrammarCombinations/ParserGrammarCorpusTest.AcceptsValidGrammar/Case1085_binding_pattern (0 ms)
[ RUN      ] GrammarCombinations/ParserGrammarCorpusTest.AcceptsValidGrammar/Case1086_decl
[       OK ] GrammarCombinations/ParserGrammarCorpusTest.AcceptsValidGrammar/Case1086_decl (0 ms)
[ RUN      ] GrammarCombinations/ParserGrammarCorpusTest.AcceptsValidGrammar/Case1087_for_header
[       OK ] GrammarCombinations/ParserGrammarCorpusTest.AcceptsValidGrammar/Case1087_for_header (0 ms)
[ RUN      ] GrammarCombinations/ParserGrammarCorpusTest.AcceptsValidGrammar/Case1088_stmt
[       OK ] GrammarCombinations/ParserGrammarCorpusTest.AcceptsValidGrammar/Case1088_stmt (0 ms)
[ RUN      ] GrammarCombinations/ParserGrammarCorpusTest.AcceptsValidGrammar/Case1089_expr
[       OK ] GrammarCombinations/ParserGrammarCorpusTest.AcceptsValidGrammar/Case1089_expr (0 ms)
[ RUN      ] GrammarCombinations/ParserGrammarCorpusTest.AcceptsValidGrammar/Case1090_expr
[       OK ] GrammarCombinations/ParserGrammarCorpusTest.AcceptsValidGrammar/Case1090_expr (0 ms)
[ RUN      ] GrammarCombinations/ParserGrammarCorpusTest.AcceptsValidGrammar/Case1091_type_expr
[       OK ] GrammarCombinations/ParserGrammarCorpusTest.AcceptsValidGrammar/Case1091_type_expr (0 ms)
[ RUN      ] GrammarCombinations/ParserGrammarCorpusTest.AcceptsValidGrammar/Case1092_pattern
[       OK ] GrammarCombinations/ParserGrammarCorpusTest.AcceptsValidGrammar/Case1092_pattern (0 ms)
[ RUN      ] GrammarCombinations/ParserGrammarCorpusTest.AcceptsValidGrammar/Case1093_binding_pattern
[       OK ] GrammarCombinations/ParserGrammarCorpusTest.AcceptsValidGrammar/Case1093_binding_pattern (0 ms)
[ RUN      ] GrammarCombinations/ParserGrammarCorpusTest.AcceptsValidGrammar/Case1094_decl
[       OK ] GrammarCombinations/ParserGrammarCorpusTest.AcceptsValidGrammar/Case1094_decl (0 ms)
[ RUN      ] GrammarCombinations/ParserGrammarCorpusTest.AcceptsValidGrammar/Case1095_for_header
[       OK ] GrammarCombinations/ParserGrammarCorpusTest.AcceptsValidGrammar/Case1095_for_header (0 ms)
[ RUN      ] GrammarCombinations/ParserGrammarCorpusTest.AcceptsValidGrammar/Case1096_stmt
[       OK ] GrammarCombinations/ParserGrammarCorpusTest.AcceptsValidGrammar/Case1096_stmt (0 ms)
[ RUN      ] GrammarCombinations/ParserGrammarCorpusTest.AcceptsValidGrammar/Case1097_expr
[       OK ] GrammarCombinations/ParserGrammarCorpusTest.AcceptsValidGrammar/Case1097_expr (0 ms)
[ RUN      ] GrammarCombinations/ParserGrammarCorpusTest.AcceptsValidGrammar/Case1098_expr
[       OK ] GrammarCombinations/ParserGrammarCorpusTest.AcceptsValidGrammar/Case1098_expr (0 ms)
[ RUN      ] GrammarCombinations/ParserGrammarCorpusTest.AcceptsValidGrammar/Case1099_type_expr
[       OK ] GrammarCombinations/ParserGrammarCorpusTest.AcceptsValidGrammar/Case1099_type_expr (0 ms)
[ RUN      ] GrammarCombinations/ParserGrammarCorpusTest.AcceptsValidGrammar/Case1100_pattern
[       OK ] GrammarCombinations/ParserGrammarCorpusTest.AcceptsValidGrammar/Case1100_pattern (0 ms)
[ RUN      ] GrammarCombinations/ParserGrammarCorpusTest.AcceptsValidGrammar/Case1101_binding_pattern
[       OK ] GrammarCombinations/ParserGrammarCorpusTest.AcceptsValidGrammar/Case1101_binding_pattern (0 ms)
[ RUN      ] GrammarCombinations/ParserGrammarCorpusTest.AcceptsValidGrammar/Case1102_decl
[       OK ] GrammarCombinations/ParserGrammarCorpusTest.AcceptsValidGrammar/Case1102_decl (0 ms)
[ RUN      ] GrammarCombinations/ParserGrammarCorpusTest.AcceptsValidGrammar/Case1103_for_header
[       OK ] GrammarCombinations/ParserGrammarCorpusTest.AcceptsValidGrammar/Case1103_for_header (0 ms)
[ RUN      ] GrammarCombinations/ParserGrammarCorpusTest.AcceptsValidGrammar/Case1104_stmt
[       OK ] GrammarCombinations/ParserGrammarCorpusTest.AcceptsValidGrammar/Case1104_stmt (0 ms)
[ RUN      ] GrammarCombinations/ParserGrammarCorpusTest.AcceptsValidGrammar/Case1105_expr
[       OK ] GrammarCombinations/ParserGrammarCorpusTest.AcceptsValidGrammar/Case1105_expr (0 ms)
[ RUN      ] GrammarCombinations/ParserGrammarCorpusTest.AcceptsValidGrammar/Case1106_expr
[       OK ] GrammarCombinations/ParserGrammarCorpusTest.AcceptsValidGrammar/Case1106_expr (0 ms)
[ RUN      ] GrammarCombinations/ParserGrammarCorpusTest.AcceptsValidGrammar/Case1107_type_expr
[       OK ] GrammarCombinations/ParserGrammarCorpusTest.AcceptsValidGrammar/Case1107_type_expr (0 ms)
[ RUN      ] GrammarCombinations/ParserGrammarCorpusTest.AcceptsValidGrammar/Case1108_pattern
[       OK ] GrammarCombinations/ParserGrammarCorpusTest.AcceptsValidGrammar/Case1108_pattern (0 ms)
[ RUN      ] GrammarCombinations/ParserGrammarCorpusTest.AcceptsValidGrammar/Case1109_binding_pattern
[       OK ] GrammarCombinations/ParserGrammarCorpusTest.AcceptsValidGrammar/Case1109_binding_pattern (0 ms)
[ RUN      ] GrammarCombinations/ParserGrammarCorpusTest.AcceptsValidGrammar/Case1110_decl
[       OK ] GrammarCombinations/ParserGrammarCorpusTest.AcceptsValidGrammar/Case1110_decl (0 ms)
[ RUN      ] GrammarCombinations/ParserGrammarCorpusTest.AcceptsValidGrammar/Case1111_for_header
[       OK ] GrammarCombinations/ParserGrammarCorpusTest.AcceptsValidGrammar/Case1111_for_header (0 ms)
[ RUN      ] GrammarCombinations/ParserGrammarCorpusTest.AcceptsValidGrammar/Case1112_stmt
[       OK ] GrammarCombinations/ParserGrammarCorpusTest.AcceptsValidGrammar/Case1112_stmt (0 ms)
[ RUN      ] GrammarCombinations/ParserGrammarCorpusTest.AcceptsValidGrammar/Case1113_expr
[       OK ] GrammarCombinations/ParserGrammarCorpusTest.AcceptsValidGrammar/Case1113_expr (0 ms)
[ RUN      ] GrammarCombinations/ParserGrammarCorpusTest.AcceptsValidGrammar/Case1114_expr
[       OK ] GrammarCombinations/ParserGrammarCorpusTest.AcceptsValidGrammar/Case1114_expr (0 ms)
[ RUN      ] GrammarCombinations/ParserGrammarCorpusTest.AcceptsValidGrammar/Case1115_type_expr
[       OK ] GrammarCombinations/ParserGrammarCorpusTest.AcceptsValidGrammar/Case1115_type_expr (0 ms)
[ RUN      ] GrammarCombinations/ParserGrammarCorpusTest.AcceptsValidGrammar/Case1116_pattern
[       OK ] GrammarCombinations/ParserGrammarCorpusTest.AcceptsValidGrammar/Case1116_pattern (0 ms)
[ RUN      ] GrammarCombinations/ParserGrammarCorpusTest.AcceptsValidGrammar/Case1117_binding_pattern
[       OK ] GrammarCombinations/ParserGrammarCorpusTest.AcceptsValidGrammar/Case1117_binding_pattern (0 ms)
[ RUN      ] GrammarCombinations/ParserGrammarCorpusTest.AcceptsValidGrammar/Case1118_decl
[       OK ] GrammarCombinations/ParserGrammarCorpusTest.AcceptsValidGrammar/Case1118_decl (0 ms)
[ RUN      ] GrammarCombinations/ParserGrammarCorpusTest.AcceptsValidGrammar/Case1119_for_header
[       OK ] GrammarCombinations/ParserGrammarCorpusTest.AcceptsValidGrammar/Case1119_for_header (0 ms)
[ RUN      ] GrammarCombinations/ParserGrammarCorpusTest.AcceptsValidGrammar/Case1120_stmt
[       OK ] GrammarCombinations/ParserGrammarCorpusTest.AcceptsValidGrammar/Case1120_stmt (0 ms)
[ RUN      ] GrammarCombinations/ParserGrammarCorpusTest.AcceptsValidGrammar/Case1121_expr
[       OK ] GrammarCombinations/ParserGrammarCorpusTest.AcceptsValidGrammar/Case1121_expr (0 ms)
[ RUN      ] GrammarCombinations/ParserGrammarCorpusTest.AcceptsValidGrammar/Case1122_expr
[       OK ] GrammarCombinations/ParserGrammarCorpusTest.AcceptsValidGrammar/Case1122_expr (0 ms)
[ RUN      ] GrammarCombinations/ParserGrammarCorpusTest.AcceptsValidGrammar/Case1123_type_expr
[       OK ] GrammarCombinations/ParserGrammarCorpusTest.AcceptsValidGrammar/Case1123_type_expr (0 ms)
[ RUN      ] GrammarCombinations/ParserGrammarCorpusTest.AcceptsValidGrammar/Case1124_pattern
[       OK ] GrammarCombinations/ParserGrammarCorpusTest.AcceptsValidGrammar/Case1124_pattern (0 ms)
[ RUN      ] GrammarCombinations/ParserGrammarCorpusTest.AcceptsValidGrammar/Case1125_binding_pattern
[       OK ] GrammarCombinations/ParserGrammarCorpusTest.AcceptsValidGrammar/Case1125_binding_pattern (0 ms)
[ RUN      ] GrammarCombinations/ParserGrammarCorpusTest.AcceptsValidGrammar/Case1126_decl
[       OK ] GrammarCombinations/ParserGrammarCorpusTest.AcceptsValidGrammar/Case1126_decl (0 ms)
[ RUN      ] GrammarCombinations/ParserGrammarCorpusTest.AcceptsValidGrammar/Case1127_for_header
[       OK ] GrammarCombinations/ParserGrammarCorpusTest.AcceptsValidGrammar/Case1127_for_header (0 ms)
[ RUN      ] GrammarCombinations/ParserGrammarCorpusTest.AcceptsValidGrammar/Case1128_stmt
[       OK ] GrammarCombinations/ParserGrammarCorpusTest.AcceptsValidGrammar/Case1128_stmt (0 ms)
[ RUN      ] GrammarCombinations/ParserGrammarCorpusTest.AcceptsValidGrammar/Case1129_expr
[       OK ] GrammarCombinations/ParserGrammarCorpusTest.AcceptsValidGrammar/Case1129_expr (0 ms)
[ RUN      ] GrammarCombinations/ParserGrammarCorpusTest.AcceptsValidGrammar/Case1130_expr
[       OK ] GrammarCombinations/ParserGrammarCorpusTest.AcceptsValidGrammar/Case1130_expr (0 ms)
[ RUN      ] GrammarCombinations/ParserGrammarCorpusTest.AcceptsValidGrammar/Case1131_type_expr
[       OK ] GrammarCombinations/ParserGrammarCorpusTest.AcceptsValidGrammar/Case1131_type_expr (0 ms)
[ RUN      ] GrammarCombinations/ParserGrammarCorpusTest.AcceptsValidGrammar/Case1132_pattern
[       OK ] GrammarCombinations/ParserGrammarCorpusTest.AcceptsValidGrammar/Case1132_pattern (0 ms)
[ RUN      ] GrammarCombinations/ParserGrammarCorpusTest.AcceptsValidGrammar/Case1133_binding_pattern
[       OK ] GrammarCombinations/ParserGrammarCorpusTest.AcceptsValidGrammar/Case1133_binding_pattern (0 ms)
[ RUN      ] GrammarCombinations/ParserGrammarCorpusTest.AcceptsValidGrammar/Case1134_decl
[       OK ] GrammarCombinations/ParserGrammarCorpusTest.AcceptsValidGrammar/Case1134_decl (0 ms)
[ RUN      ] GrammarCombinations/ParserGrammarCorpusTest.AcceptsValidGrammar/Case1135_for_header
[       OK ] GrammarCombinations/ParserGrammarCorpusTest.AcceptsValidGrammar/Case1135_for_header (0 ms)
[ RUN      ] GrammarCombinations/ParserGrammarCorpusTest.AcceptsValidGrammar/Case1136_stmt
[       OK ] GrammarCombinations/ParserGrammarCorpusTest.AcceptsValidGrammar/Case1136_stmt (0 ms)
[ RUN      ] GrammarCombinations/ParserGrammarCorpusTest.AcceptsValidGrammar/Case1137_expr
[       OK ] GrammarCombinations/ParserGrammarCorpusTest.AcceptsValidGrammar/Case1137_expr (0 ms)
[ RUN      ] GrammarCombinations/ParserGrammarCorpusTest.AcceptsValidGrammar/Case1138_expr
[       OK ] GrammarCombinations/ParserGrammarCorpusTest.AcceptsValidGrammar/Case1138_expr (0 ms)
[ RUN      ] GrammarCombinations/ParserGrammarCorpusTest.AcceptsValidGrammar/Case1139_type_expr
[       OK ] GrammarCombinations/ParserGrammarCorpusTest.AcceptsValidGrammar/Case1139_type_expr (0 ms)
[ RUN      ] GrammarCombinations/ParserGrammarCorpusTest.AcceptsValidGrammar/Case1140_pattern
[       OK ] GrammarCombinations/ParserGrammarCorpusTest.AcceptsValidGrammar/Case1140_pattern (0 ms)
[ RUN      ] GrammarCombinations/ParserGrammarCorpusTest.AcceptsValidGrammar/Case1141_binding_pattern
[       OK ] GrammarCombinations/ParserGrammarCorpusTest.AcceptsValidGrammar/Case1141_binding_pattern (0 ms)
[ RUN      ] GrammarCombinations/ParserGrammarCorpusTest.AcceptsValidGrammar/Case1142_decl
[       OK ] GrammarCombinations/ParserGrammarCorpusTest.AcceptsValidGrammar/Case1142_decl (0 ms)
[ RUN      ] GrammarCombinations/ParserGrammarCorpusTest.AcceptsValidGrammar/Case1143_for_header
[       OK ] GrammarCombinations/ParserGrammarCorpusTest.AcceptsValidGrammar/Case1143_for_header (0 ms)
[ RUN      ] GrammarCombinations/ParserGrammarCorpusTest.AcceptsValidGrammar/Case1144_stmt
[       OK ] GrammarCombinations/ParserGrammarCorpusTest.AcceptsValidGrammar/Case1144_stmt (0 ms)
[ RUN      ] GrammarCombinations/ParserGrammarCorpusTest.AcceptsValidGrammar/Case1145_expr
[       OK ] GrammarCombinations/ParserGrammarCorpusTest.AcceptsValidGrammar/Case1145_expr (0 ms)
[ RUN      ] GrammarCombinations/ParserGrammarCorpusTest.AcceptsValidGrammar/Case1146_expr
[       OK ] GrammarCombinations/ParserGrammarCorpusTest.AcceptsValidGrammar/Case1146_expr (0 ms)
[ RUN      ] GrammarCombinations/ParserGrammarCorpusTest.AcceptsValidGrammar/Case1147_type_expr
[       OK ] GrammarCombinations/ParserGrammarCorpusTest.AcceptsValidGrammar/Case1147_type_expr (0 ms)
[ RUN      ] GrammarCombinations/ParserGrammarCorpusTest.AcceptsValidGrammar/Case1148_pattern
[       OK ] GrammarCombinations/ParserGrammarCorpusTest.AcceptsValidGrammar/Case1148_pattern (0 ms)
[ RUN      ] GrammarCombinations/ParserGrammarCorpusTest.AcceptsValidGrammar/Case1149_binding_pattern
[       OK ] GrammarCombinations/ParserGrammarCorpusTest.AcceptsValidGrammar/Case1149_binding_pattern (0 ms)
[ RUN      ] GrammarCombinations/ParserGrammarCorpusTest.AcceptsValidGrammar/Case1150_decl
[       OK ] GrammarCombinations/ParserGrammarCorpusTest.AcceptsValidGrammar/Case1150_decl (0 ms)
[ RUN      ] GrammarCombinations/ParserGrammarCorpusTest.AcceptsValidGrammar/Case1151_for_header
[       OK ] GrammarCombinations/ParserGrammarCorpusTest.AcceptsValidGrammar/Case1151_for_header (0 ms)
[ RUN      ] GrammarCombinations/ParserGrammarCorpusTest.AcceptsValidGrammar/Case1152_stmt
[       OK ] GrammarCombinations/ParserGrammarCorpusTest.AcceptsValidGrammar/Case1152_stmt (0 ms)
[ RUN      ] GrammarCombinations/ParserGrammarCorpusTest.AcceptsValidGrammar/Case1153_expr
[       OK ] GrammarCombinations/ParserGrammarCorpusTest.AcceptsValidGrammar/Case1153_expr (0 ms)
[ RUN      ] GrammarCombinations/ParserGrammarCorpusTest.AcceptsValidGrammar/Case1154_expr
[       OK ] GrammarCombinations/ParserGrammarCorpusTest.AcceptsValidGrammar/Case1154_expr (0 ms)
[ RUN      ] GrammarCombinations/ParserGrammarCorpusTest.AcceptsValidGrammar/Case1155_type_expr
[       OK ] GrammarCombinations/ParserGrammarCorpusTest.AcceptsValidGrammar/Case1155_type_expr (0 ms)
[ RUN      ] GrammarCombinations/ParserGrammarCorpusTest.AcceptsValidGrammar/Case1156_pattern
[       OK ] GrammarCombinations/ParserGrammarCorpusTest.AcceptsValidGrammar/Case1156_pattern (0 ms)
[ RUN      ] GrammarCombinations/ParserGrammarCorpusTest.AcceptsValidGrammar/Case1157_binding_pattern
[       OK ] GrammarCombinations/ParserGrammarCorpusTest.AcceptsValidGrammar/Case1157_binding_pattern (0 ms)
[ RUN      ] GrammarCombinations/ParserGrammarCorpusTest.AcceptsValidGrammar/Case1158_decl
[       OK ] GrammarCombinations/ParserGrammarCorpusTest.AcceptsValidGrammar/Case1158_decl (0 ms)
[ RUN      ] GrammarCombinations/ParserGrammarCorpusTest.AcceptsValidGrammar/Case1159_for_header
[       OK ] GrammarCombinations/ParserGrammarCorpusTest.AcceptsValidGrammar/Case1159_for_header (0 ms)
[ RUN      ] GrammarCombinations/ParserGrammarCorpusTest.AcceptsValidGrammar/Case1160_stmt
[       OK ] GrammarCombinations/ParserGrammarCorpusTest.AcceptsValidGrammar/Case1160_stmt (0 ms)
[ RUN      ] GrammarCombinations/ParserGrammarCorpusTest.AcceptsValidGrammar/Case1161_expr
[       OK ] GrammarCombinations/ParserGrammarCorpusTest.AcceptsValidGrammar/Case1161_expr (0 ms)
[ RUN      ] GrammarCombinations/ParserGrammarCorpusTest.AcceptsValidGrammar/Case1162_expr
[       OK ] GrammarCombinations/ParserGrammarCorpusTest.AcceptsValidGrammar/Case1162_expr (0 ms)
[ RUN      ] GrammarCombinations/ParserGrammarCorpusTest.AcceptsValidGrammar/Case1163_type_expr
[       OK ] GrammarCombinations/ParserGrammarCorpusTest.AcceptsValidGrammar/Case1163_type_expr (0 ms)
[ RUN      ] GrammarCombinations/ParserGrammarCorpusTest.AcceptsValidGrammar/Case1164_pattern
[       OK ] GrammarCombinations/ParserGrammarCorpusTest.AcceptsValidGrammar/Case1164_pattern (0 ms)
[ RUN      ] GrammarCombinations/ParserGrammarCorpusTest.AcceptsValidGrammar/Case1165_binding_pattern
[       OK ] GrammarCombinations/ParserGrammarCorpusTest.AcceptsValidGrammar/Case1165_binding_pattern (0 ms)
[ RUN      ] GrammarCombinations/ParserGrammarCorpusTest.AcceptsValidGrammar/Case1166_decl
[       OK ] GrammarCombinations/ParserGrammarCorpusTest.AcceptsValidGrammar/Case1166_decl (0 ms)
[ RUN      ] GrammarCombinations/ParserGrammarCorpusTest.AcceptsValidGrammar/Case1167_for_header
[       OK ] GrammarCombinations/ParserGrammarCorpusTest.AcceptsValidGrammar/Case1167_for_header (0 ms)
[ RUN      ] GrammarCombinations/ParserGrammarCorpusTest.AcceptsValidGrammar/Case1168_stmt
[       OK ] GrammarCombinations/ParserGrammarCorpusTest.AcceptsValidGrammar/Case1168_stmt (0 ms)
[ RUN      ] GrammarCombinations/ParserGrammarCorpusTest.AcceptsValidGrammar/Case1169_expr
[       OK ] GrammarCombinations/ParserGrammarCorpusTest.AcceptsValidGrammar/Case1169_expr (0 ms)
[ RUN      ] GrammarCombinations/ParserGrammarCorpusTest.AcceptsValidGrammar/Case1170_expr
[       OK ] GrammarCombinations/ParserGrammarCorpusTest.AcceptsValidGrammar/Case1170_expr (0 ms)
[ RUN      ] GrammarCombinations/ParserGrammarCorpusTest.AcceptsValidGrammar/Case1171_type_expr
[       OK ] GrammarCombinations/ParserGrammarCorpusTest.AcceptsValidGrammar/Case1171_type_expr (0 ms)
[ RUN      ] GrammarCombinations/ParserGrammarCorpusTest.AcceptsValidGrammar/Case1172_pattern
[       OK ] GrammarCombinations/ParserGrammarCorpusTest.AcceptsValidGrammar/Case1172_pattern (0 ms)
[ RUN      ] GrammarCombinations/ParserGrammarCorpusTest.AcceptsValidGrammar/Case1173_binding_pattern
[       OK ] GrammarCombinations/ParserGrammarCorpusTest.AcceptsValidGrammar/Case1173_binding_pattern (0 ms)
[ RUN      ] GrammarCombinations/ParserGrammarCorpusTest.AcceptsValidGrammar/Case1174_decl
[       OK ] GrammarCombinations/ParserGrammarCorpusTest.AcceptsValidGrammar/Case1174_decl (0 ms)
[ RUN      ] GrammarCombinations/ParserGrammarCorpusTest.AcceptsValidGrammar/Case1175_for_header
[       OK ] GrammarCombinations/ParserGrammarCorpusTest.AcceptsValidGrammar/Case1175_for_header (0 ms)
[ RUN      ] GrammarCombinations/ParserGrammarCorpusTest.AcceptsValidGrammar/Case1176_stmt
[       OK ] GrammarCombinations/ParserGrammarCorpusTest.AcceptsValidGrammar/Case1176_stmt (0 ms)
[ RUN      ] GrammarCombinations/ParserGrammarCorpusTest.AcceptsValidGrammar/Case1177_expr
[       OK ] GrammarCombinations/ParserGrammarCorpusTest.AcceptsValidGrammar/Case1177_expr (0 ms)
[ RUN      ] GrammarCombinations/ParserGrammarCorpusTest.AcceptsValidGrammar/Case1178_expr
[       OK ] GrammarCombinations/ParserGrammarCorpusTest.AcceptsValidGrammar/Case1178_expr (0 ms)
[ RUN      ] GrammarCombinations/ParserGrammarCorpusTest.AcceptsValidGrammar/Case1179_type_expr
[       OK ] GrammarCombinations/ParserGrammarCorpusTest.AcceptsValidGrammar/Case1179_type_expr (0 ms)
[ RUN      ] GrammarCombinations/ParserGrammarCorpusTest.AcceptsValidGrammar/Case1180_pattern
[       OK ] GrammarCombinations/ParserGrammarCorpusTest.AcceptsValidGrammar/Case1180_pattern (0 ms)
[ RUN      ] GrammarCombinations/ParserGrammarCorpusTest.AcceptsValidGrammar/Case1181_binding_pattern
[       OK ] GrammarCombinations/ParserGrammarCorpusTest.AcceptsValidGrammar/Case1181_binding_pattern (0 ms)
[ RUN      ] GrammarCombinations/ParserGrammarCorpusTest.AcceptsValidGrammar/Case1182_decl
[       OK ] GrammarCombinations/ParserGrammarCorpusTest.AcceptsValidGrammar/Case1182_decl (0 ms)
[ RUN      ] GrammarCombinations/ParserGrammarCorpusTest.AcceptsValidGrammar/Case1183_for_header
[       OK ] GrammarCombinations/ParserGrammarCorpusTest.AcceptsValidGrammar/Case1183_for_header (0 ms)
[ RUN      ] GrammarCombinations/ParserGrammarCorpusTest.AcceptsValidGrammar/Case1184_stmt
[       OK ] GrammarCombinations/ParserGrammarCorpusTest.AcceptsValidGrammar/Case1184_stmt (0 ms)
[ RUN      ] GrammarCombinations/ParserGrammarCorpusTest.AcceptsValidGrammar/Case1185_expr
[       OK ] GrammarCombinations/ParserGrammarCorpusTest.AcceptsValidGrammar/Case1185_expr (0 ms)
[ RUN      ] GrammarCombinations/ParserGrammarCorpusTest.AcceptsValidGrammar/Case1186_expr
[       OK ] GrammarCombinations/ParserGrammarCorpusTest.AcceptsValidGrammar/Case1186_expr (0 ms)
[ RUN      ] GrammarCombinations/ParserGrammarCorpusTest.AcceptsValidGrammar/Case1187_type_expr
[       OK ] GrammarCombinations/ParserGrammarCorpusTest.AcceptsValidGrammar/Case1187_type_expr (0 ms)
[ RUN      ] GrammarCombinations/ParserGrammarCorpusTest.AcceptsValidGrammar/Case1188_pattern
[       OK ] GrammarCombinations/ParserGrammarCorpusTest.AcceptsValidGrammar/Case1188_pattern (0 ms)
[ RUN      ] GrammarCombinations/ParserGrammarCorpusTest.AcceptsValidGrammar/Case1189_binding_pattern
[       OK ] GrammarCombinations/ParserGrammarCorpusTest.AcceptsValidGrammar/Case1189_binding_pattern (0 ms)
[ RUN      ] GrammarCombinations/ParserGrammarCorpusTest.AcceptsValidGrammar/Case1190_decl
[       OK ] GrammarCombinations/ParserGrammarCorpusTest.AcceptsValidGrammar/Case1190_decl (0 ms)
[ RUN      ] GrammarCombinations/ParserGrammarCorpusTest.AcceptsValidGrammar/Case1191_for_header
[       OK ] GrammarCombinations/ParserGrammarCorpusTest.AcceptsValidGrammar/Case1191_for_header (0 ms)
[ RUN      ] GrammarCombinations/ParserGrammarCorpusTest.AcceptsValidGrammar/Case1192_stmt
[       OK ] GrammarCombinations/ParserGrammarCorpusTest.AcceptsValidGrammar/Case1192_stmt (0 ms)
[ RUN      ] GrammarCombinations/ParserGrammarCorpusTest.AcceptsValidGrammar/Case1193_expr
[       OK ] GrammarCombinations/ParserGrammarCorpusTest.AcceptsValidGrammar/Case1193_expr (0 ms)
[ RUN      ] GrammarCombinations/ParserGrammarCorpusTest.AcceptsValidGrammar/Case1194_expr
[       OK ] GrammarCombinations/ParserGrammarCorpusTest.AcceptsValidGrammar/Case1194_expr (0 ms)
[ RUN      ] GrammarCombinations/ParserGrammarCorpusTest.AcceptsValidGrammar/Case1195_type_expr
[       OK ] GrammarCombinations/ParserGrammarCorpusTest.AcceptsValidGrammar/Case1195_type_expr (0 ms)
[ RUN      ] GrammarCombinations/ParserGrammarCorpusTest.AcceptsValidGrammar/Case1196_pattern
[       OK ] GrammarCombinations/ParserGrammarCorpusTest.AcceptsValidGrammar/Case1196_pattern (0 ms)
[ RUN      ] GrammarCombinations/ParserGrammarCorpusTest.AcceptsValidGrammar/Case1197_binding_pattern
[       OK ] GrammarCombinations/ParserGrammarCorpusTest.AcceptsValidGrammar/Case1197_binding_pattern (0 ms)
[ RUN      ] GrammarCombinations/ParserGrammarCorpusTest.AcceptsValidGrammar/Case1198_decl
[       OK ] GrammarCombinations/ParserGrammarCorpusTest.AcceptsValidGrammar/Case1198_decl (0 ms)
[ RUN      ] GrammarCombinations/ParserGrammarCorpusTest.AcceptsValidGrammar/Case1199_for_header
[       OK ] GrammarCombinations/ParserGrammarCorpusTest.AcceptsValidGrammar/Case1199_for_header (0 ms)
[ RUN      ] GrammarCombinations/ParserGrammarCorpusTest.AcceptsValidGrammar/Case1200_stmt
[       OK ] GrammarCombinations/ParserGrammarCorpusTest.AcceptsValidGrammar/Case1200_stmt (0 ms)
[ RUN      ] GrammarCombinations/ParserGrammarCorpusTest.AcceptsValidGrammar/Case1201_expr
[       OK ] GrammarCombinations/ParserGrammarCorpusTest.AcceptsValidGrammar/Case1201_expr (0 ms)
[ RUN      ] GrammarCombinations/ParserGrammarCorpusTest.AcceptsValidGrammar/Case1202_expr
[       OK ] GrammarCombinations/ParserGrammarCorpusTest.AcceptsValidGrammar/Case1202_expr (0 ms)
[ RUN      ] GrammarCombinations/ParserGrammarCorpusTest.AcceptsValidGrammar/Case1203_type_expr
[       OK ] GrammarCombinations/ParserGrammarCorpusTest.AcceptsValidGrammar/Case1203_type_expr (0 ms)
[ RUN      ] GrammarCombinations/ParserGrammarCorpusTest.AcceptsValidGrammar/Case1204_pattern
[       OK ] GrammarCombinations/ParserGrammarCorpusTest.AcceptsValidGrammar/Case1204_pattern (0 ms)
[ RUN      ] GrammarCombinations/ParserGrammarCorpusTest.AcceptsValidGrammar/Case1205_binding_pattern
[       OK ] GrammarCombinations/ParserGrammarCorpusTest.AcceptsValidGrammar/Case1205_binding_pattern (0 ms)
[ RUN      ] GrammarCombinations/ParserGrammarCorpusTest.AcceptsValidGrammar/Case1206_decl
[       OK ] GrammarCombinations/ParserGrammarCorpusTest.AcceptsValidGrammar/Case1206_decl (0 ms)
[ RUN      ] GrammarCombinations/ParserGrammarCorpusTest.AcceptsValidGrammar/Case1207_for_header
[       OK ] GrammarCombinations/ParserGrammarCorpusTest.AcceptsValidGrammar/Case1207_for_header (0 ms)
[ RUN      ] GrammarCombinations/ParserGrammarCorpusTest.AcceptsValidGrammar/Case1208_stmt
[       OK ] GrammarCombinations/ParserGrammarCorpusTest.AcceptsValidGrammar/Case1208_stmt (0 ms)
[ RUN      ] GrammarCombinations/ParserGrammarCorpusTest.AcceptsValidGrammar/Case1209_expr
[       OK ] GrammarCombinations/ParserGrammarCorpusTest.AcceptsValidGrammar/Case1209_expr (0 ms)
[ RUN      ] GrammarCombinations/ParserGrammarCorpusTest.AcceptsValidGrammar/Case1210_expr
[       OK ] GrammarCombinations/ParserGrammarCorpusTest.AcceptsValidGrammar/Case1210_expr (0 ms)
[ RUN      ] GrammarCombinations/ParserGrammarCorpusTest.AcceptsValidGrammar/Case1211_type_expr
[       OK ] GrammarCombinations/ParserGrammarCorpusTest.AcceptsValidGrammar/Case1211_type_expr (0 ms)
[ RUN      ] GrammarCombinations/ParserGrammarCorpusTest.AcceptsValidGrammar/Case1212_pattern
[       OK ] GrammarCombinations/ParserGrammarCorpusTest.AcceptsValidGrammar/Case1212_pattern (0 ms)
[ RUN      ] GrammarCombinations/ParserGrammarCorpusTest.AcceptsValidGrammar/Case1213_binding_pattern
[       OK ] GrammarCombinations/ParserGrammarCorpusTest.AcceptsValidGrammar/Case1213_binding_pattern (0 ms)
[ RUN      ] GrammarCombinations/ParserGrammarCorpusTest.AcceptsValidGrammar/Case1214_decl
[       OK ] GrammarCombinations/ParserGrammarCorpusTest.AcceptsValidGrammar/Case1214_decl (0 ms)
[ RUN      ] GrammarCombinations/ParserGrammarCorpusTest.AcceptsValidGrammar/Case1215_for_header
[       OK ] GrammarCombinations/ParserGrammarCorpusTest.AcceptsValidGrammar/Case1215_for_header (0 ms)
[ RUN      ] GrammarCombinations/ParserGrammarCorpusTest.AcceptsValidGrammar/Case1216_stmt
[       OK ] GrammarCombinations/ParserGrammarCorpusTest.AcceptsValidGrammar/Case1216_stmt (0 ms)
[ RUN      ] GrammarCombinations/ParserGrammarCorpusTest.AcceptsValidGrammar/Case1217_expr
[       OK ] GrammarCombinations/ParserGrammarCorpusTest.AcceptsValidGrammar/Case1217_expr (0 ms)
[ RUN      ] GrammarCombinations/ParserGrammarCorpusTest.AcceptsValidGrammar/Case1218_expr
[       OK ] GrammarCombinations/ParserGrammarCorpusTest.AcceptsValidGrammar/Case1218_expr (0 ms)
[ RUN      ] GrammarCombinations/ParserGrammarCorpusTest.AcceptsValidGrammar/Case1219_type_expr
[       OK ] GrammarCombinations/ParserGrammarCorpusTest.AcceptsValidGrammar/Case1219_type_expr (0 ms)
[ RUN      ] GrammarCombinations/ParserGrammarCorpusTest.AcceptsValidGrammar/Case1220_pattern
[       OK ] GrammarCombinations/ParserGrammarCorpusTest.AcceptsValidGrammar/Case1220_pattern (0 ms)
[ RUN      ] GrammarCombinations/ParserGrammarCorpusTest.AcceptsValidGrammar/Case1221_binding_pattern
[       OK ] GrammarCombinations/ParserGrammarCorpusTest.AcceptsValidGrammar/Case1221_binding_pattern (0 ms)
[ RUN      ] GrammarCombinations/ParserGrammarCorpusTest.AcceptsValidGrammar/Case1222_decl
[       OK ] GrammarCombinations/ParserGrammarCorpusTest.AcceptsValidGrammar/Case1222_decl (0 ms)
[ RUN      ] GrammarCombinations/ParserGrammarCorpusTest.AcceptsValidGrammar/Case1223_for_header
[       OK ] GrammarCombinations/ParserGrammarCorpusTest.AcceptsValidGrammar/Case1223_for_header (0 ms)
[ RUN      ] GrammarCombinations/ParserGrammarCorpusTest.AcceptsValidGrammar/Case1224_stmt
[       OK ] GrammarCombinations/ParserGrammarCorpusTest.AcceptsValidGrammar/Case1224_stmt (0 ms)
[ RUN      ] GrammarCombinations/ParserGrammarCorpusTest.AcceptsValidGrammar/Case1225_expr
[       OK ] GrammarCombinations/ParserGrammarCorpusTest.AcceptsValidGrammar/Case1225_expr (0 ms)
[ RUN      ] GrammarCombinations/ParserGrammarCorpusTest.AcceptsValidGrammar/Case1226_expr
[       OK ] GrammarCombinations/ParserGrammarCorpusTest.AcceptsValidGrammar/Case1226_expr (0 ms)
[ RUN      ] GrammarCombinations/ParserGrammarCorpusTest.AcceptsValidGrammar/Case1227_type_expr
[       OK ] GrammarCombinations/ParserGrammarCorpusTest.AcceptsValidGrammar/Case1227_type_expr (0 ms)
[ RUN      ] GrammarCombinations/ParserGrammarCorpusTest.AcceptsValidGrammar/Case1228_pattern
[       OK ] GrammarCombinations/ParserGrammarCorpusTest.AcceptsValidGrammar/Case1228_pattern (0 ms)
[ RUN      ] GrammarCombinations/ParserGrammarCorpusTest.AcceptsValidGrammar/Case1229_binding_pattern
[       OK ] GrammarCombinations/ParserGrammarCorpusTest.AcceptsValidGrammar/Case1229_binding_pattern (0 ms)
[ RUN      ] GrammarCombinations/ParserGrammarCorpusTest.AcceptsValidGrammar/Case1230_decl
[       OK ] GrammarCombinations/ParserGrammarCorpusTest.AcceptsValidGrammar/Case1230_decl (0 ms)
[ RUN      ] GrammarCombinations/ParserGrammarCorpusTest.AcceptsValidGrammar/Case1231_for_header
[       OK ] GrammarCombinations/ParserGrammarCorpusTest.AcceptsValidGrammar/Case1231_for_header (0 ms)
[ RUN      ] GrammarCombinations/ParserGrammarCorpusTest.AcceptsValidGrammar/Case1232_stmt
[       OK ] GrammarCombinations/ParserGrammarCorpusTest.AcceptsValidGrammar/Case1232_stmt (0 ms)
[ RUN      ] GrammarCombinations/ParserGrammarCorpusTest.AcceptsValidGrammar/Case1233_expr
[       OK ] GrammarCombinations/ParserGrammarCorpusTest.AcceptsValidGrammar/Case1233_expr (0 ms)
[ RUN      ] GrammarCombinations/ParserGrammarCorpusTest.AcceptsValidGrammar/Case1234_expr
[       OK ] GrammarCombinations/ParserGrammarCorpusTest.AcceptsValidGrammar/Case1234_expr (0 ms)
[ RUN      ] GrammarCombinations/ParserGrammarCorpusTest.AcceptsValidGrammar/Case1235_type_expr
[       OK ] GrammarCombinations/ParserGrammarCorpusTest.AcceptsValidGrammar/Case1235_type_expr (0 ms)
[ RUN      ] GrammarCombinations/ParserGrammarCorpusTest.AcceptsValidGrammar/Case1236_pattern
[       OK ] GrammarCombinations/ParserGrammarCorpusTest.AcceptsValidGrammar/Case1236_pattern (0 ms)
[ RUN      ] GrammarCombinations/ParserGrammarCorpusTest.AcceptsValidGrammar/Case1237_binding_pattern
[       OK ] GrammarCombinations/ParserGrammarCorpusTest.AcceptsValidGrammar/Case1237_binding_pattern (0 ms)
[ RUN      ] GrammarCombinations/ParserGrammarCorpusTest.AcceptsValidGrammar/Case1238_decl
[       OK ] GrammarCombinations/ParserGrammarCorpusTest.AcceptsValidGrammar/Case1238_decl (0 ms)
[ RUN      ] GrammarCombinations/ParserGrammarCorpusTest.AcceptsValidGrammar/Case1239_for_header
[       OK ] GrammarCombinations/ParserGrammarCorpusTest.AcceptsValidGrammar/Case1239_for_header (0 ms)
[ RUN      ] GrammarCombinations/ParserGrammarCorpusTest.AcceptsValidGrammar/Case1240_stmt
[       OK ] GrammarCombinations/ParserGrammarCorpusTest.AcceptsValidGrammar/Case1240_stmt (0 ms)
[ RUN      ] GrammarCombinations/ParserGrammarCorpusTest.AcceptsValidGrammar/Case1241_expr
[       OK ] GrammarCombinations/ParserGrammarCorpusTest.AcceptsValidGrammar/Case1241_expr (0 ms)
[ RUN      ] GrammarCombinations/ParserGrammarCorpusTest.AcceptsValidGrammar/Case1242_expr
[       OK ] GrammarCombinations/ParserGrammarCorpusTest.AcceptsValidGrammar/Case1242_expr (0 ms)
[ RUN      ] GrammarCombinations/ParserGrammarCorpusTest.AcceptsValidGrammar/Case1243_type_expr
[       OK ] GrammarCombinations/ParserGrammarCorpusTest.AcceptsValidGrammar/Case1243_type_expr (0 ms)
[ RUN      ] GrammarCombinations/ParserGrammarCorpusTest.AcceptsValidGrammar/Case1244_pattern
[       OK ] GrammarCombinations/ParserGrammarCorpusTest.AcceptsValidGrammar/Case1244_pattern (0 ms)
[ RUN      ] GrammarCombinations/ParserGrammarCorpusTest.AcceptsValidGrammar/Case1245_binding_pattern
[       OK ] GrammarCombinations/ParserGrammarCorpusTest.AcceptsValidGrammar/Case1245_binding_pattern (0 ms)
[ RUN      ] GrammarCombinations/ParserGrammarCorpusTest.AcceptsValidGrammar/Case1246_decl
[       OK ] GrammarCombinations/ParserGrammarCorpusTest.AcceptsValidGrammar/Case1246_decl (0 ms)
[ RUN      ] GrammarCombinations/ParserGrammarCorpusTest.AcceptsValidGrammar/Case1247_for_header
[       OK ] GrammarCombinations/ParserGrammarCorpusTest.AcceptsValidGrammar/Case1247_for_header (0 ms)
[ RUN      ] GrammarCombinations/ParserGrammarCorpusTest.AcceptsValidGrammar/Case1248_stmt
[       OK ] GrammarCombinations/ParserGrammarCorpusTest.AcceptsValidGrammar/Case1248_stmt (0 ms)
[ RUN      ] GrammarCombinations/ParserGrammarCorpusTest.AcceptsValidGrammar/Case1249_expr
[       OK ] GrammarCombinations/ParserGrammarCorpusTest.AcceptsValidGrammar/Case1249_expr (0 ms)
[ RUN      ] GrammarCombinations/ParserGrammarCorpusTest.AcceptsValidGrammar/Case1250_expr
[       OK ] GrammarCombinations/ParserGrammarCorpusTest.AcceptsValidGrammar/Case1250_expr (0 ms)
[ RUN      ] GrammarCombinations/ParserGrammarCorpusTest.AcceptsValidGrammar/Case1251_type_expr
[       OK ] GrammarCombinations/ParserGrammarCorpusTest.AcceptsValidGrammar/Case1251_type_expr (0 ms)
[ RUN      ] GrammarCombinations/ParserGrammarCorpusTest.AcceptsValidGrammar/Case1252_pattern
[       OK ] GrammarCombinations/ParserGrammarCorpusTest.AcceptsValidGrammar/Case1252_pattern (0 ms)
[ RUN      ] GrammarCombinations/ParserGrammarCorpusTest.AcceptsValidGrammar/Case1253_binding_pattern
[       OK ] GrammarCombinations/ParserGrammarCorpusTest.AcceptsValidGrammar/Case1253_binding_pattern (0 ms)
[ RUN      ] GrammarCombinations/ParserGrammarCorpusTest.AcceptsValidGrammar/Case1254_decl
[       OK ] GrammarCombinations/ParserGrammarCorpusTest.AcceptsValidGrammar/Case1254_decl (0 ms)
[ RUN      ] GrammarCombinations/ParserGrammarCorpusTest.AcceptsValidGrammar/Case1255_for_header
[       OK ] GrammarCombinations/ParserGrammarCorpusTest.AcceptsValidGrammar/Case1255_for_header (0 ms)
[ RUN      ] GrammarCombinations/ParserGrammarCorpusTest.AcceptsValidGrammar/Case1256_stmt
[       OK ] GrammarCombinations/ParserGrammarCorpusTest.AcceptsValidGrammar/Case1256_stmt (0 ms)
[ RUN      ] GrammarCombinations/ParserGrammarCorpusTest.AcceptsValidGrammar/Case1257_expr
[       OK ] GrammarCombinations/ParserGrammarCorpusTest.AcceptsValidGrammar/Case1257_expr (0 ms)
[ RUN      ] GrammarCombinations/ParserGrammarCorpusTest.AcceptsValidGrammar/Case1258_expr
[       OK ] GrammarCombinations/ParserGrammarCorpusTest.AcceptsValidGrammar/Case1258_expr (0 ms)
[ RUN      ] GrammarCombinations/ParserGrammarCorpusTest.AcceptsValidGrammar/Case1259_type_expr
[       OK ] GrammarCombinations/ParserGrammarCorpusTest.AcceptsValidGrammar/Case1259_type_expr (0 ms)
[ RUN      ] GrammarCombinations/ParserGrammarCorpusTest.AcceptsValidGrammar/Case1260_pattern
[       OK ] GrammarCombinations/ParserGrammarCorpusTest.AcceptsValidGrammar/Case1260_pattern (0 ms)
[ RUN      ] GrammarCombinations/ParserGrammarCorpusTest.AcceptsValidGrammar/Case1261_binding_pattern
[       OK ] GrammarCombinations/ParserGrammarCorpusTest.AcceptsValidGrammar/Case1261_binding_pattern (0 ms)
[ RUN      ] GrammarCombinations/ParserGrammarCorpusTest.AcceptsValidGrammar/Case1262_decl
[       OK ] GrammarCombinations/ParserGrammarCorpusTest.AcceptsValidGrammar/Case1262_decl (0 ms)
[ RUN      ] GrammarCombinations/ParserGrammarCorpusTest.AcceptsValidGrammar/Case1263_for_header
[       OK ] GrammarCombinations/ParserGrammarCorpusTest.AcceptsValidGrammar/Case1263_for_header (0 ms)
[ RUN      ] GrammarCombinations/ParserGrammarCorpusTest.AcceptsValidGrammar/Case1264_stmt
[       OK ] GrammarCombinations/ParserGrammarCorpusTest.AcceptsValidGrammar/Case1264_stmt (0 ms)
[ RUN      ] GrammarCombinations/ParserGrammarCorpusTest.AcceptsValidGrammar/Case1265_expr
[       OK ] GrammarCombinations/ParserGrammarCorpusTest.AcceptsValidGrammar/Case1265_expr (0 ms)
[ RUN      ] GrammarCombinations/ParserGrammarCorpusTest.AcceptsValidGrammar/Case1266_expr
[       OK ] GrammarCombinations/ParserGrammarCorpusTest.AcceptsValidGrammar/Case1266_expr (0 ms)
[ RUN      ] GrammarCombinations/ParserGrammarCorpusTest.AcceptsValidGrammar/Case1267_type_expr
[       OK ] GrammarCombinations/ParserGrammarCorpusTest.AcceptsValidGrammar/Case1267_type_expr (0 ms)
[ RUN      ] GrammarCombinations/ParserGrammarCorpusTest.AcceptsValidGrammar/Case1268_pattern
[       OK ] GrammarCombinations/ParserGrammarCorpusTest.AcceptsValidGrammar/Case1268_pattern (0 ms)
[ RUN      ] GrammarCombinations/ParserGrammarCorpusTest.AcceptsValidGrammar/Case1269_binding_pattern
[       OK ] GrammarCombinations/ParserGrammarCorpusTest.AcceptsValidGrammar/Case1269_binding_pattern (0 ms)
[ RUN      ] GrammarCombinations/ParserGrammarCorpusTest.AcceptsValidGrammar/Case1270_decl
[       OK ] GrammarCombinations/ParserGrammarCorpusTest.AcceptsValidGrammar/Case1270_decl (0 ms)
[ RUN      ] GrammarCombinations/ParserGrammarCorpusTest.AcceptsValidGrammar/Case1271_for_header
[       OK ] GrammarCombinations/ParserGrammarCorpusTest.AcceptsValidGrammar/Case1271_for_header (0 ms)
[ RUN      ] GrammarCombinations/ParserGrammarCorpusTest.AcceptsValidGrammar/Case1272_stmt
[       OK ] GrammarCombinations/ParserGrammarCorpusTest.AcceptsValidGrammar/Case1272_stmt (0 ms)
[ RUN      ] GrammarCombinations/ParserGrammarCorpusTest.AcceptsValidGrammar/Case1273_expr
[       OK ] GrammarCombinations/ParserGrammarCorpusTest.AcceptsValidGrammar/Case1273_expr (0 ms)
[ RUN      ] GrammarCombinations/ParserGrammarCorpusTest.AcceptsValidGrammar/Case1274_expr
[       OK ] GrammarCombinations/ParserGrammarCorpusTest.AcceptsValidGrammar/Case1274_expr (0 ms)
[ RUN      ] GrammarCombinations/ParserGrammarCorpusTest.AcceptsValidGrammar/Case1275_type_expr
[       OK ] GrammarCombinations/ParserGrammarCorpusTest.AcceptsValidGrammar/Case1275_type_expr (0 ms)
[ RUN      ] GrammarCombinations/ParserGrammarCorpusTest.AcceptsValidGrammar/Case1276_pattern
[       OK ] GrammarCombinations/ParserGrammarCorpusTest.AcceptsValidGrammar/Case1276_pattern (0 ms)
[ RUN      ] GrammarCombinations/ParserGrammarCorpusTest.AcceptsValidGrammar/Case1277_binding_pattern
[       OK ] GrammarCombinations/ParserGrammarCorpusTest.AcceptsValidGrammar/Case1277_binding_pattern (0 ms)
[ RUN      ] GrammarCombinations/ParserGrammarCorpusTest.AcceptsValidGrammar/Case1278_decl
[       OK ] GrammarCombinations/ParserGrammarCorpusTest.AcceptsValidGrammar/Case1278_decl (0 ms)
[ RUN      ] GrammarCombinations/ParserGrammarCorpusTest.AcceptsValidGrammar/Case1279_for_header
[       OK ] GrammarCombinations/ParserGrammarCorpusTest.AcceptsValidGrammar/Case1279_for_header (0 ms)
[ RUN      ] GrammarCombinations/ParserGrammarCorpusTest.AcceptsValidGrammar/Case1280_stmt
[       OK ] GrammarCombinations/ParserGrammarCorpusTest.AcceptsValidGrammar/Case1280_stmt (0 ms)
[ RUN      ] GrammarCombinations/ParserGrammarCorpusTest.AcceptsValidGrammar/Case1281_expr
[       OK ] GrammarCombinations/ParserGrammarCorpusTest.AcceptsValidGrammar/Case1281_expr (0 ms)
[ RUN      ] GrammarCombinations/ParserGrammarCorpusTest.AcceptsValidGrammar/Case1282_expr
[       OK ] GrammarCombinations/ParserGrammarCorpusTest.AcceptsValidGrammar/Case1282_expr (0 ms)
[ RUN      ] GrammarCombinations/ParserGrammarCorpusTest.AcceptsValidGrammar/Case1283_type_expr
[       OK ] GrammarCombinations/ParserGrammarCorpusTest.AcceptsValidGrammar/Case1283_type_expr (0 ms)
[ RUN      ] GrammarCombinations/ParserGrammarCorpusTest.AcceptsValidGrammar/Case1284_pattern
[       OK ] GrammarCombinations/ParserGrammarCorpusTest.AcceptsValidGrammar/Case1284_pattern (0 ms)
[ RUN      ] GrammarCombinations/ParserGrammarCorpusTest.AcceptsValidGrammar/Case1285_binding_pattern
[       OK ] GrammarCombinations/ParserGrammarCorpusTest.AcceptsValidGrammar/Case1285_binding_pattern (0 ms)
[ RUN      ] GrammarCombinations/ParserGrammarCorpusTest.AcceptsValidGrammar/Case1286_decl
[       OK ] GrammarCombinations/ParserGrammarCorpusTest.AcceptsValidGrammar/Case1286_decl (0 ms)
[ RUN      ] GrammarCombinations/ParserGrammarCorpusTest.AcceptsValidGrammar/Case1287_for_header
[       OK ] GrammarCombinations/ParserGrammarCorpusTest.AcceptsValidGrammar/Case1287_for_header (0 ms)
[ RUN      ] GrammarCombinations/ParserGrammarCorpusTest.AcceptsValidGrammar/Case1288_stmt
[       OK ] GrammarCombinations/ParserGrammarCorpusTest.AcceptsValidGrammar/Case1288_stmt (0 ms)
[ RUN      ] GrammarCombinations/ParserGrammarCorpusTest.AcceptsValidGrammar/Case1289_expr
[       OK ] GrammarCombinations/ParserGrammarCorpusTest.AcceptsValidGrammar/Case1289_expr (0 ms)
[ RUN      ] GrammarCombinations/ParserGrammarCorpusTest.AcceptsValidGrammar/Case1290_expr
[       OK ] GrammarCombinations/ParserGrammarCorpusTest.AcceptsValidGrammar/Case1290_expr (0 ms)
[ RUN      ] GrammarCombinations/ParserGrammarCorpusTest.AcceptsValidGrammar/Case1291_type_expr
[       OK ] GrammarCombinations/ParserGrammarCorpusTest.AcceptsValidGrammar/Case1291_type_expr (0 ms)
[ RUN      ] GrammarCombinations/ParserGrammarCorpusTest.AcceptsValidGrammar/Case1292_pattern
[       OK ] GrammarCombinations/ParserGrammarCorpusTest.AcceptsValidGrammar/Case1292_pattern (0 ms)
[ RUN      ] GrammarCombinations/ParserGrammarCorpusTest.AcceptsValidGrammar/Case1293_binding_pattern
[       OK ] GrammarCombinations/ParserGrammarCorpusTest.AcceptsValidGrammar/Case1293_binding_pattern (0 ms)
[ RUN      ] GrammarCombinations/ParserGrammarCorpusTest.AcceptsValidGrammar/Case1294_decl
[       OK ] GrammarCombinations/ParserGrammarCorpusTest.AcceptsValidGrammar/Case1294_decl (0 ms)
[ RUN      ] GrammarCombinations/ParserGrammarCorpusTest.AcceptsValidGrammar/Case1295_for_header
[       OK ] GrammarCombinations/ParserGrammarCorpusTest.AcceptsValidGrammar/Case1295_for_header (0 ms)
[ RUN      ] GrammarCombinations/ParserGrammarCorpusTest.AcceptsValidGrammar/Case1296_stmt
[       OK ] GrammarCombinations/ParserGrammarCorpusTest.AcceptsValidGrammar/Case1296_stmt (0 ms)
[ RUN      ] GrammarCombinations/ParserGrammarCorpusTest.AcceptsValidGrammar/Case1297_expr
[       OK ] GrammarCombinations/ParserGrammarCorpusTest.AcceptsValidGrammar/Case1297_expr (0 ms)
[ RUN      ] GrammarCombinations/ParserGrammarCorpusTest.AcceptsValidGrammar/Case1298_expr
[       OK ] GrammarCombinations/ParserGrammarCorpusTest.AcceptsValidGrammar/Case1298_expr (0 ms)
[ RUN      ] GrammarCombinations/ParserGrammarCorpusTest.AcceptsValidGrammar/Case1299_type_expr
[       OK ] GrammarCombinations/ParserGrammarCorpusTest.AcceptsValidGrammar/Case1299_type_expr (0 ms)
[ RUN      ] GrammarCombinations/ParserGrammarCorpusTest.AcceptsValidGrammar/Case1300_pattern
[       OK ] GrammarCombinations/ParserGrammarCorpusTest.AcceptsValidGrammar/Case1300_pattern (0 ms)
[ RUN      ] GrammarCombinations/ParserGrammarCorpusTest.AcceptsValidGrammar/Case1301_binding_pattern
[       OK ] GrammarCombinations/ParserGrammarCorpusTest.AcceptsValidGrammar/Case1301_binding_pattern (0 ms)
[ RUN      ] GrammarCombinations/ParserGrammarCorpusTest.AcceptsValidGrammar/Case1302_decl
[       OK ] GrammarCombinations/ParserGrammarCorpusTest.AcceptsValidGrammar/Case1302_decl (0 ms)
[ RUN      ] GrammarCombinations/ParserGrammarCorpusTest.AcceptsValidGrammar/Case1303_for_header
[       OK ] GrammarCombinations/ParserGrammarCorpusTest.AcceptsValidGrammar/Case1303_for_header (0 ms)
[ RUN      ] GrammarCombinations/ParserGrammarCorpusTest.AcceptsValidGrammar/Case1304_stmt
[       OK ] GrammarCombinations/ParserGrammarCorpusTest.AcceptsValidGrammar/Case1304_stmt (0 ms)
[ RUN      ] GrammarCombinations/ParserGrammarCorpusTest.AcceptsValidGrammar/Case1305_expr
[       OK ] GrammarCombinations/ParserGrammarCorpusTest.AcceptsValidGrammar/Case1305_expr (0 ms)
[ RUN      ] GrammarCombinations/ParserGrammarCorpusTest.AcceptsValidGrammar/Case1306_expr
[       OK ] GrammarCombinations/ParserGrammarCorpusTest.AcceptsValidGrammar/Case1306_expr (0 ms)
[ RUN      ] GrammarCombinations/ParserGrammarCorpusTest.AcceptsValidGrammar/Case1307_type_expr
[       OK ] GrammarCombinations/ParserGrammarCorpusTest.AcceptsValidGrammar/Case1307_type_expr (0 ms)
[ RUN      ] GrammarCombinations/ParserGrammarCorpusTest.AcceptsValidGrammar/Case1308_pattern
[       OK ] GrammarCombinations/ParserGrammarCorpusTest.AcceptsValidGrammar/Case1308_pattern (0 ms)
[ RUN      ] GrammarCombinations/ParserGrammarCorpusTest.AcceptsValidGrammar/Case1309_binding_pattern
[       OK ] GrammarCombinations/ParserGrammarCorpusTest.AcceptsValidGrammar/Case1309_binding_pattern (0 ms)
[ RUN      ] GrammarCombinations/ParserGrammarCorpusTest.AcceptsValidGrammar/Case1310_decl
[       OK ] GrammarCombinations/ParserGrammarCorpusTest.AcceptsValidGrammar/Case1310_decl (0 ms)
[ RUN      ] GrammarCombinations/ParserGrammarCorpusTest.AcceptsValidGrammar/Case1311_for_header
[       OK ] GrammarCombinations/ParserGrammarCorpusTest.AcceptsValidGrammar/Case1311_for_header (0 ms)
[ RUN      ] GrammarCombinations/ParserGrammarCorpusTest.AcceptsValidGrammar/Case1312_stmt
[       OK ] GrammarCombinations/ParserGrammarCorpusTest.AcceptsValidGrammar/Case1312_stmt (0 ms)
[ RUN      ] GrammarCombinations/ParserGrammarCorpusTest.AcceptsValidGrammar/Case1313_expr
[       OK ] GrammarCombinations/ParserGrammarCorpusTest.AcceptsValidGrammar/Case1313_expr (0 ms)
[ RUN      ] GrammarCombinations/ParserGrammarCorpusTest.AcceptsValidGrammar/Case1314_expr
[       OK ] GrammarCombinations/ParserGrammarCorpusTest.AcceptsValidGrammar/Case1314_expr (0 ms)
[ RUN      ] GrammarCombinations/ParserGrammarCorpusTest.AcceptsValidGrammar/Case1315_type_expr
[       OK ] GrammarCombinations/ParserGrammarCorpusTest.AcceptsValidGrammar/Case1315_type_expr (0 ms)
[ RUN      ] GrammarCombinations/ParserGrammarCorpusTest.AcceptsValidGrammar/Case1316_pattern
[       OK ] GrammarCombinations/ParserGrammarCorpusTest.AcceptsValidGrammar/Case1316_pattern (0 ms)
[ RUN      ] GrammarCombinations/ParserGrammarCorpusTest.AcceptsValidGrammar/Case1317_binding_pattern
[       OK ] GrammarCombinations/ParserGrammarCorpusTest.AcceptsValidGrammar/Case1317_binding_pattern (0 ms)
[ RUN      ] GrammarCombinations/ParserGrammarCorpusTest.AcceptsValidGrammar/Case1318_decl
[       OK ] GrammarCombinations/ParserGrammarCorpusTest.AcceptsValidGrammar/Case1318_decl (0 ms)
[ RUN      ] GrammarCombinations/ParserGrammarCorpusTest.AcceptsValidGrammar/Case1319_for_header
[       OK ] GrammarCombinations/ParserGrammarCorpusTest.AcceptsValidGrammar/Case1319_for_header (0 ms)
[ RUN      ] GrammarCombinations/ParserGrammarCorpusTest.AcceptsValidGrammar/Case1320_stmt
[       OK ] GrammarCombinations/ParserGrammarCorpusTest.AcceptsValidGrammar/Case1320_stmt (0 ms)
[ RUN      ] GrammarCombinations/ParserGrammarCorpusTest.AcceptsValidGrammar/Case1321_expr
[       OK ] GrammarCombinations/ParserGrammarCorpusTest.AcceptsValidGrammar/Case1321_expr (0 ms)
[ RUN      ] GrammarCombinations/ParserGrammarCorpusTest.AcceptsValidGrammar/Case1322_expr
[       OK ] GrammarCombinations/ParserGrammarCorpusTest.AcceptsValidGrammar/Case1322_expr (0 ms)
[ RUN      ] GrammarCombinations/ParserGrammarCorpusTest.AcceptsValidGrammar/Case1323_type_expr
[       OK ] GrammarCombinations/ParserGrammarCorpusTest.AcceptsValidGrammar/Case1323_type_expr (0 ms)
[ RUN      ] GrammarCombinations/ParserGrammarCorpusTest.AcceptsValidGrammar/Case1324_pattern
[       OK ] GrammarCombinations/ParserGrammarCorpusTest.AcceptsValidGrammar/Case1324_pattern (0 ms)
[ RUN      ] GrammarCombinations/ParserGrammarCorpusTest.AcceptsValidGrammar/Case1325_binding_pattern
[       OK ] GrammarCombinations/ParserGrammarCorpusTest.AcceptsValidGrammar/Case1325_binding_pattern (0 ms)
[ RUN      ] GrammarCombinations/ParserGrammarCorpusTest.AcceptsValidGrammar/Case1326_decl
[       OK ] GrammarCombinations/ParserGrammarCorpusTest.AcceptsValidGrammar/Case1326_decl (0 ms)
[ RUN      ] GrammarCombinations/ParserGrammarCorpusTest.AcceptsValidGrammar/Case1327_for_header
[       OK ] GrammarCombinations/ParserGrammarCorpusTest.AcceptsValidGrammar/Case1327_for_header (0 ms)
[ RUN      ] GrammarCombinations/ParserGrammarCorpusTest.AcceptsValidGrammar/Case1328_stmt
[       OK ] GrammarCombinations/ParserGrammarCorpusTest.AcceptsValidGrammar/Case1328_stmt (0 ms)
[ RUN      ] GrammarCombinations/ParserGrammarCorpusTest.AcceptsValidGrammar/Case1329_expr
[       OK ] GrammarCombinations/ParserGrammarCorpusTest.AcceptsValidGrammar/Case1329_expr (0 ms)
[ RUN      ] GrammarCombinations/ParserGrammarCorpusTest.AcceptsValidGrammar/Case1330_expr
[       OK ] GrammarCombinations/ParserGrammarCorpusTest.AcceptsValidGrammar/Case1330_expr (0 ms)
[ RUN      ] GrammarCombinations/ParserGrammarCorpusTest.AcceptsValidGrammar/Case1331_type_expr
[       OK ] GrammarCombinations/ParserGrammarCorpusTest.AcceptsValidGrammar/Case1331_type_expr (0 ms)
[ RUN      ] GrammarCombinations/ParserGrammarCorpusTest.AcceptsValidGrammar/Case1332_pattern
[       OK ] GrammarCombinations/ParserGrammarCorpusTest.AcceptsValidGrammar/Case1332_pattern (0 ms)
[ RUN      ] GrammarCombinations/ParserGrammarCorpusTest.AcceptsValidGrammar/Case1333_binding_pattern
[       OK ] GrammarCombinations/ParserGrammarCorpusTest.AcceptsValidGrammar/Case1333_binding_pattern (0 ms)
[ RUN      ] GrammarCombinations/ParserGrammarCorpusTest.AcceptsValidGrammar/Case1334_decl
[       OK ] GrammarCombinations/ParserGrammarCorpusTest.AcceptsValidGrammar/Case1334_decl (0 ms)
[ RUN      ] GrammarCombinations/ParserGrammarCorpusTest.AcceptsValidGrammar/Case1335_for_header
[       OK ] GrammarCombinations/ParserGrammarCorpusTest.AcceptsValidGrammar/Case1335_for_header (0 ms)
[ RUN      ] GrammarCombinations/ParserGrammarCorpusTest.AcceptsValidGrammar/Case1336_stmt
[       OK ] GrammarCombinations/ParserGrammarCorpusTest.AcceptsValidGrammar/Case1336_stmt (0 ms)
[ RUN      ] GrammarCombinations/ParserGrammarCorpusTest.AcceptsValidGrammar/Case1337_expr
[       OK ] GrammarCombinations/ParserGrammarCorpusTest.AcceptsValidGrammar/Case1337_expr (0 ms)
[ RUN      ] GrammarCombinations/ParserGrammarCorpusTest.AcceptsValidGrammar/Case1338_expr
[       OK ] GrammarCombinations/ParserGrammarCorpusTest.AcceptsValidGrammar/Case1338_expr (0 ms)
[ RUN      ] GrammarCombinations/ParserGrammarCorpusTest.AcceptsValidGrammar/Case1339_type_expr
[       OK ] GrammarCombinations/ParserGrammarCorpusTest.AcceptsValidGrammar/Case1339_type_expr (0 ms)
[ RUN      ] GrammarCombinations/ParserGrammarCorpusTest.AcceptsValidGrammar/Case1340_pattern
[       OK ] GrammarCombinations/ParserGrammarCorpusTest.AcceptsValidGrammar/Case1340_pattern (0 ms)
[ RUN      ] GrammarCombinations/ParserGrammarCorpusTest.AcceptsValidGrammar/Case1341_binding_pattern
[       OK ] GrammarCombinations/ParserGrammarCorpusTest.AcceptsValidGrammar/Case1341_binding_pattern (0 ms)
[ RUN      ] GrammarCombinations/ParserGrammarCorpusTest.AcceptsValidGrammar/Case1342_decl
[       OK ] GrammarCombinations/ParserGrammarCorpusTest.AcceptsValidGrammar/Case1342_decl (0 ms)
[ RUN      ] GrammarCombinations/ParserGrammarCorpusTest.AcceptsValidGrammar/Case1343_for_header
[       OK ] GrammarCombinations/ParserGrammarCorpusTest.AcceptsValidGrammar/Case1343_for_header (0 ms)
[ RUN      ] GrammarCombinations/ParserGrammarCorpusTest.AcceptsValidGrammar/Case1344_stmt
[       OK ] GrammarCombinations/ParserGrammarCorpusTest.AcceptsValidGrammar/Case1344_stmt (0 ms)
[ RUN      ] GrammarCombinations/ParserGrammarCorpusTest.AcceptsValidGrammar/Case1345_expr
[       OK ] GrammarCombinations/ParserGrammarCorpusTest.AcceptsValidGrammar/Case1345_expr (0 ms)
[ RUN      ] GrammarCombinations/ParserGrammarCorpusTest.AcceptsValidGrammar/Case1346_expr
[       OK ] GrammarCombinations/ParserGrammarCorpusTest.AcceptsValidGrammar/Case1346_expr (0 ms)
[ RUN      ] GrammarCombinations/ParserGrammarCorpusTest.AcceptsValidGrammar/Case1347_type_expr
[       OK ] GrammarCombinations/ParserGrammarCorpusTest.AcceptsValidGrammar/Case1347_type_expr (0 ms)
[ RUN      ] GrammarCombinations/ParserGrammarCorpusTest.AcceptsValidGrammar/Case1348_pattern
[       OK ] GrammarCombinations/ParserGrammarCorpusTest.AcceptsValidGrammar/Case1348_pattern (0 ms)
[ RUN      ] GrammarCombinations/ParserGrammarCorpusTest.AcceptsValidGrammar/Case1349_binding_pattern
[       OK ] GrammarCombinations/ParserGrammarCorpusTest.AcceptsValidGrammar/Case1349_binding_pattern (0 ms)
[ RUN      ] GrammarCombinations/ParserGrammarCorpusTest.AcceptsValidGrammar/Case1350_decl
[       OK ] GrammarCombinations/ParserGrammarCorpusTest.AcceptsValidGrammar/Case1350_decl (0 ms)
[ RUN      ] GrammarCombinations/ParserGrammarCorpusTest.AcceptsValidGrammar/Case1351_for_header
[       OK ] GrammarCombinations/ParserGrammarCorpusTest.AcceptsValidGrammar/Case1351_for_header (0 ms)
[ RUN      ] GrammarCombinations/ParserGrammarCorpusTest.AcceptsValidGrammar/Case1352_stmt
[       OK ] GrammarCombinations/ParserGrammarCorpusTest.AcceptsValidGrammar/Case1352_stmt (0 ms)
[ RUN      ] GrammarCombinations/ParserGrammarCorpusTest.AcceptsValidGrammar/Case1353_expr
[       OK ] GrammarCombinations/ParserGrammarCorpusTest.AcceptsValidGrammar/Case1353_expr (0 ms)
[ RUN      ] GrammarCombinations/ParserGrammarCorpusTest.AcceptsValidGrammar/Case1354_expr
[       OK ] GrammarCombinations/ParserGrammarCorpusTest.AcceptsValidGrammar/Case1354_expr (0 ms)
[ RUN      ] GrammarCombinations/ParserGrammarCorpusTest.AcceptsValidGrammar/Case1355_type_expr
[       OK ] GrammarCombinations/ParserGrammarCorpusTest.AcceptsValidGrammar/Case1355_type_expr (0 ms)
[ RUN      ] GrammarCombinations/ParserGrammarCorpusTest.AcceptsValidGrammar/Case1356_pattern
[       OK ] GrammarCombinations/ParserGrammarCorpusTest.AcceptsValidGrammar/Case1356_pattern (0 ms)
[ RUN      ] GrammarCombinations/ParserGrammarCorpusTest.AcceptsValidGrammar/Case1357_binding_pattern
[       OK ] GrammarCombinations/ParserGrammarCorpusTest.AcceptsValidGrammar/Case1357_binding_pattern (0 ms)
[ RUN      ] GrammarCombinations/ParserGrammarCorpusTest.AcceptsValidGrammar/Case1358_decl
[       OK ] GrammarCombinations/ParserGrammarCorpusTest.AcceptsValidGrammar/Case1358_decl (0 ms)
[ RUN      ] GrammarCombinations/ParserGrammarCorpusTest.AcceptsValidGrammar/Case1359_for_header
[       OK ] GrammarCombinations/ParserGrammarCorpusTest.AcceptsValidGrammar/Case1359_for_header (0 ms)
[ RUN      ] GrammarCombinations/ParserGrammarCorpusTest.AcceptsValidGrammar/Case1360_stmt
[       OK ] GrammarCombinations/ParserGrammarCorpusTest.AcceptsValidGrammar/Case1360_stmt (0 ms)
[ RUN      ] GrammarCombinations/ParserGrammarCorpusTest.AcceptsValidGrammar/Case1361_expr
[       OK ] GrammarCombinations/ParserGrammarCorpusTest.AcceptsValidGrammar/Case1361_expr (0 ms)
[ RUN      ] GrammarCombinations/ParserGrammarCorpusTest.AcceptsValidGrammar/Case1362_expr
[       OK ] GrammarCombinations/ParserGrammarCorpusTest.AcceptsValidGrammar/Case1362_expr (0 ms)
[ RUN      ] GrammarCombinations/ParserGrammarCorpusTest.AcceptsValidGrammar/Case1363_type_expr
[       OK ] GrammarCombinations/ParserGrammarCorpusTest.AcceptsValidGrammar/Case1363_type_expr (0 ms)
[ RUN      ] GrammarCombinations/ParserGrammarCorpusTest.AcceptsValidGrammar/Case1364_pattern
[       OK ] GrammarCombinations/ParserGrammarCorpusTest.AcceptsValidGrammar/Case1364_pattern (0 ms)
[ RUN      ] GrammarCombinations/ParserGrammarCorpusTest.AcceptsValidGrammar/Case1365_binding_pattern
[       OK ] GrammarCombinations/ParserGrammarCorpusTest.AcceptsValidGrammar/Case1365_binding_pattern (0 ms)
[ RUN      ] GrammarCombinations/ParserGrammarCorpusTest.AcceptsValidGrammar/Case1366_decl
[       OK ] GrammarCombinations/ParserGrammarCorpusTest.AcceptsValidGrammar/Case1366_decl (0 ms)
[ RUN      ] GrammarCombinations/ParserGrammarCorpusTest.AcceptsValidGrammar/Case1367_for_header
[       OK ] GrammarCombinations/ParserGrammarCorpusTest.AcceptsValidGrammar/Case1367_for_header (0 ms)
[ RUN      ] GrammarCombinations/ParserGrammarCorpusTest.AcceptsValidGrammar/Case1368_stmt
[       OK ] GrammarCombinations/ParserGrammarCorpusTest.AcceptsValidGrammar/Case1368_stmt (0 ms)
[ RUN      ] GrammarCombinations/ParserGrammarCorpusTest.AcceptsValidGrammar/Case1369_expr
[       OK ] GrammarCombinations/ParserGrammarCorpusTest.AcceptsValidGrammar/Case1369_expr (0 ms)
[ RUN      ] GrammarCombinations/ParserGrammarCorpusTest.AcceptsValidGrammar/Case1370_expr
[       OK ] GrammarCombinations/ParserGrammarCorpusTest.AcceptsValidGrammar/Case1370_expr (0 ms)
[ RUN      ] GrammarCombinations/ParserGrammarCorpusTest.AcceptsValidGrammar/Case1371_type_expr
[       OK ] GrammarCombinations/ParserGrammarCorpusTest.AcceptsValidGrammar/Case1371_type_expr (0 ms)
[ RUN      ] GrammarCombinations/ParserGrammarCorpusTest.AcceptsValidGrammar/Case1372_pattern
[       OK ] GrammarCombinations/ParserGrammarCorpusTest.AcceptsValidGrammar/Case1372_pattern (0 ms)
[ RUN      ] GrammarCombinations/ParserGrammarCorpusTest.AcceptsValidGrammar/Case1373_binding_pattern
[       OK ] GrammarCombinations/ParserGrammarCorpusTest.AcceptsValidGrammar/Case1373_binding_pattern (0 ms)
[ RUN      ] GrammarCombinations/ParserGrammarCorpusTest.AcceptsValidGrammar/Case1374_decl
[       OK ] GrammarCombinations/ParserGrammarCorpusTest.AcceptsValidGrammar/Case1374_decl (0 ms)
[ RUN      ] GrammarCombinations/ParserGrammarCorpusTest.AcceptsValidGrammar/Case1375_for_header
[       OK ] GrammarCombinations/ParserGrammarCorpusTest.AcceptsValidGrammar/Case1375_for_header (0 ms)
[ RUN      ] GrammarCombinations/ParserGrammarCorpusTest.AcceptsValidGrammar/Case1376_stmt
[       OK ] GrammarCombinations/ParserGrammarCorpusTest.AcceptsValidGrammar/Case1376_stmt (0 ms)
[ RUN      ] GrammarCombinations/ParserGrammarCorpusTest.AcceptsValidGrammar/Case1377_expr
[       OK ] GrammarCombinations/ParserGrammarCorpusTest.AcceptsValidGrammar/Case1377_expr (0 ms)
[ RUN      ] GrammarCombinations/ParserGrammarCorpusTest.AcceptsValidGrammar/Case1378_expr
[       OK ] GrammarCombinations/ParserGrammarCorpusTest.AcceptsValidGrammar/Case1378_expr (0 ms)
[ RUN      ] GrammarCombinations/ParserGrammarCorpusTest.AcceptsValidGrammar/Case1379_type_expr
[       OK ] GrammarCombinations/ParserGrammarCorpusTest.AcceptsValidGrammar/Case1379_type_expr (0 ms)
[ RUN      ] GrammarCombinations/ParserGrammarCorpusTest.AcceptsValidGrammar/Case1380_pattern
[       OK ] GrammarCombinations/ParserGrammarCorpusTest.AcceptsValidGrammar/Case1380_pattern (0 ms)
[ RUN      ] GrammarCombinations/ParserGrammarCorpusTest.AcceptsValidGrammar/Case1381_binding_pattern
[       OK ] GrammarCombinations/ParserGrammarCorpusTest.AcceptsValidGrammar/Case1381_binding_pattern (0 ms)
[ RUN      ] GrammarCombinations/ParserGrammarCorpusTest.AcceptsValidGrammar/Case1382_decl
[       OK ] GrammarCombinations/ParserGrammarCorpusTest.AcceptsValidGrammar/Case1382_decl (0 ms)
[ RUN      ] GrammarCombinations/ParserGrammarCorpusTest.AcceptsValidGrammar/Case1383_for_header
[       OK ] GrammarCombinations/ParserGrammarCorpusTest.AcceptsValidGrammar/Case1383_for_header (0 ms)
[ RUN      ] GrammarCombinations/ParserGrammarCorpusTest.AcceptsValidGrammar/Case1384_stmt
[       OK ] GrammarCombinations/ParserGrammarCorpusTest.AcceptsValidGrammar/Case1384_stmt (0 ms)
[ RUN      ] GrammarCombinations/ParserGrammarCorpusTest.AcceptsValidGrammar/Case1385_expr
[       OK ] GrammarCombinations/ParserGrammarCorpusTest.AcceptsValidGrammar/Case1385_expr (0 ms)
[ RUN      ] GrammarCombinations/ParserGrammarCorpusTest.AcceptsValidGrammar/Case1386_expr
[       OK ] GrammarCombinations/ParserGrammarCorpusTest.AcceptsValidGrammar/Case1386_expr (0 ms)
[ RUN      ] GrammarCombinations/ParserGrammarCorpusTest.AcceptsValidGrammar/Case1387_type_expr
[       OK ] GrammarCombinations/ParserGrammarCorpusTest.AcceptsValidGrammar/Case1387_type_expr (0 ms)
[ RUN      ] GrammarCombinations/ParserGrammarCorpusTest.AcceptsValidGrammar/Case1388_pattern
[       OK ] GrammarCombinations/ParserGrammarCorpusTest.AcceptsValidGrammar/Case1388_pattern (0 ms)
[ RUN      ] GrammarCombinations/ParserGrammarCorpusTest.AcceptsValidGrammar/Case1389_binding_pattern
[       OK ] GrammarCombinations/ParserGrammarCorpusTest.AcceptsValidGrammar/Case1389_binding_pattern (0 ms)
[ RUN      ] GrammarCombinations/ParserGrammarCorpusTest.AcceptsValidGrammar/Case1390_decl
[       OK ] GrammarCombinations/ParserGrammarCorpusTest.AcceptsValidGrammar/Case1390_decl (0 ms)
[ RUN      ] GrammarCombinations/ParserGrammarCorpusTest.AcceptsValidGrammar/Case1391_for_header
[       OK ] GrammarCombinations/ParserGrammarCorpusTest.AcceptsValidGrammar/Case1391_for_header (0 ms)
[ RUN      ] GrammarCombinations/ParserGrammarCorpusTest.AcceptsValidGrammar/Case1392_stmt
[       OK ] GrammarCombinations/ParserGrammarCorpusTest.AcceptsValidGrammar/Case1392_stmt (0 ms)
[ RUN      ] GrammarCombinations/ParserGrammarCorpusTest.AcceptsValidGrammar/Case1393_expr
[       OK ] GrammarCombinations/ParserGrammarCorpusTest.AcceptsValidGrammar/Case1393_expr (0 ms)
[ RUN      ] GrammarCombinations/ParserGrammarCorpusTest.AcceptsValidGrammar/Case1394_expr
[       OK ] GrammarCombinations/ParserGrammarCorpusTest.AcceptsValidGrammar/Case1394_expr (0 ms)
[ RUN      ] GrammarCombinations/ParserGrammarCorpusTest.AcceptsValidGrammar/Case1395_type_expr
[       OK ] GrammarCombinations/ParserGrammarCorpusTest.AcceptsValidGrammar/Case1395_type_expr (0 ms)
[ RUN      ] GrammarCombinations/ParserGrammarCorpusTest.AcceptsValidGrammar/Case1396_pattern
[       OK ] GrammarCombinations/ParserGrammarCorpusTest.AcceptsValidGrammar/Case1396_pattern (0 ms)
[ RUN      ] GrammarCombinations/ParserGrammarCorpusTest.AcceptsValidGrammar/Case1397_binding_pattern
[       OK ] GrammarCombinations/ParserGrammarCorpusTest.AcceptsValidGrammar/Case1397_binding_pattern (0 ms)
[ RUN      ] GrammarCombinations/ParserGrammarCorpusTest.AcceptsValidGrammar/Case1398_decl
[       OK ] GrammarCombinations/ParserGrammarCorpusTest.AcceptsValidGrammar/Case1398_decl (0 ms)
[ RUN      ] GrammarCombinations/ParserGrammarCorpusTest.AcceptsValidGrammar/Case1399_for_header
[       OK ] GrammarCombinations/ParserGrammarCorpusTest.AcceptsValidGrammar/Case1399_for_header (0 ms)
[ RUN      ] GrammarCombinations/ParserGrammarCorpusTest.AcceptsValidGrammar/Case1400_stmt
[       OK ] GrammarCombinations/ParserGrammarCorpusTest.AcceptsValidGrammar/Case1400_stmt (0 ms)
[ RUN      ] GrammarCombinations/ParserGrammarCorpusTest.AcceptsValidGrammar/Case1401_expr
[       OK ] GrammarCombinations/ParserGrammarCorpusTest.AcceptsValidGrammar/Case1401_expr (0 ms)
[ RUN      ] GrammarCombinations/ParserGrammarCorpusTest.AcceptsValidGrammar/Case1402_expr
[       OK ] GrammarCombinations/ParserGrammarCorpusTest.AcceptsValidGrammar/Case1402_expr (0 ms)
[ RUN      ] GrammarCombinations/ParserGrammarCorpusTest.AcceptsValidGrammar/Case1403_type_expr
[       OK ] GrammarCombinations/ParserGrammarCorpusTest.AcceptsValidGrammar/Case1403_type_expr (0 ms)
[ RUN      ] GrammarCombinations/ParserGrammarCorpusTest.AcceptsValidGrammar/Case1404_pattern
[       OK ] GrammarCombinations/ParserGrammarCorpusTest.AcceptsValidGrammar/Case1404_pattern (0 ms)
[ RUN      ] GrammarCombinations/ParserGrammarCorpusTest.AcceptsValidGrammar/Case1405_binding_pattern
[       OK ] GrammarCombinations/ParserGrammarCorpusTest.AcceptsValidGrammar/Case1405_binding_pattern (0 ms)
[ RUN      ] GrammarCombinations/ParserGrammarCorpusTest.AcceptsValidGrammar/Case1406_decl
[       OK ] GrammarCombinations/ParserGrammarCorpusTest.AcceptsValidGrammar/Case1406_decl (0 ms)
[ RUN      ] GrammarCombinations/ParserGrammarCorpusTest.AcceptsValidGrammar/Case1407_for_header
[       OK ] GrammarCombinations/ParserGrammarCorpusTest.AcceptsValidGrammar/Case1407_for_header (0 ms)
[ RUN      ] GrammarCombinations/ParserGrammarCorpusTest.AcceptsValidGrammar/Case1408_stmt
[       OK ] GrammarCombinations/ParserGrammarCorpusTest.AcceptsValidGrammar/Case1408_stmt (0 ms)
[ RUN      ] GrammarCombinations/ParserGrammarCorpusTest.AcceptsValidGrammar/Case1409_expr
[       OK ] GrammarCombinations/ParserGrammarCorpusTest.AcceptsValidGrammar/Case1409_expr (0 ms)
[ RUN      ] GrammarCombinations/ParserGrammarCorpusTest.AcceptsValidGrammar/Case1410_expr
[       OK ] GrammarCombinations/ParserGrammarCorpusTest.AcceptsValidGrammar/Case1410_expr (0 ms)
[ RUN      ] GrammarCombinations/ParserGrammarCorpusTest.AcceptsValidGrammar/Case1411_type_expr
[       OK ] GrammarCombinations/ParserGrammarCorpusTest.AcceptsValidGrammar/Case1411_type_expr (0 ms)
[ RUN      ] GrammarCombinations/ParserGrammarCorpusTest.AcceptsValidGrammar/Case1412_pattern
[       OK ] GrammarCombinations/ParserGrammarCorpusTest.AcceptsValidGrammar/Case1412_pattern (0 ms)
[ RUN      ] GrammarCombinations/ParserGrammarCorpusTest.AcceptsValidGrammar/Case1413_binding_pattern
[       OK ] GrammarCombinations/ParserGrammarCorpusTest.AcceptsValidGrammar/Case1413_binding_pattern (0 ms)
[ RUN      ] GrammarCombinations/ParserGrammarCorpusTest.AcceptsValidGrammar/Case1414_decl
[       OK ] GrammarCombinations/ParserGrammarCorpusTest.AcceptsValidGrammar/Case1414_decl (0 ms)
[ RUN      ] GrammarCombinations/ParserGrammarCorpusTest.AcceptsValidGrammar/Case1415_for_header
[       OK ] GrammarCombinations/ParserGrammarCorpusTest.AcceptsValidGrammar/Case1415_for_header (0 ms)
[ RUN      ] GrammarCombinations/ParserGrammarCorpusTest.AcceptsValidGrammar/Case1416_stmt
[       OK ] GrammarCombinations/ParserGrammarCorpusTest.AcceptsValidGrammar/Case1416_stmt (0 ms)
[ RUN      ] GrammarCombinations/ParserGrammarCorpusTest.AcceptsValidGrammar/Case1417_expr
[       OK ] GrammarCombinations/ParserGrammarCorpusTest.AcceptsValidGrammar/Case1417_expr (0 ms)
[ RUN      ] GrammarCombinations/ParserGrammarCorpusTest.AcceptsValidGrammar/Case1418_expr
[       OK ] GrammarCombinations/ParserGrammarCorpusTest.AcceptsValidGrammar/Case1418_expr (0 ms)
[ RUN      ] GrammarCombinations/ParserGrammarCorpusTest.AcceptsValidGrammar/Case1419_type_expr
[       OK ] GrammarCombinations/ParserGrammarCorpusTest.AcceptsValidGrammar/Case1419_type_expr (0 ms)
[ RUN      ] GrammarCombinations/ParserGrammarCorpusTest.AcceptsValidGrammar/Case1420_pattern
[       OK ] GrammarCombinations/ParserGrammarCorpusTest.AcceptsValidGrammar/Case1420_pattern (0 ms)
[ RUN      ] GrammarCombinations/ParserGrammarCorpusTest.AcceptsValidGrammar/Case1421_binding_pattern
[       OK ] GrammarCombinations/ParserGrammarCorpusTest.AcceptsValidGrammar/Case1421_binding_pattern (0 ms)
[ RUN      ] GrammarCombinations/ParserGrammarCorpusTest.AcceptsValidGrammar/Case1422_decl
[       OK ] GrammarCombinations/ParserGrammarCorpusTest.AcceptsValidGrammar/Case1422_decl (0 ms)
[ RUN      ] GrammarCombinations/ParserGrammarCorpusTest.AcceptsValidGrammar/Case1423_for_header
[       OK ] GrammarCombinations/ParserGrammarCorpusTest.AcceptsValidGrammar/Case1423_for_header (0 ms)
[ RUN      ] GrammarCombinations/ParserGrammarCorpusTest.AcceptsValidGrammar/Case1424_stmt
[       OK ] GrammarCombinations/ParserGrammarCorpusTest.AcceptsValidGrammar/Case1424_stmt (0 ms)
[ RUN      ] GrammarCombinations/ParserGrammarCorpusTest.AcceptsValidGrammar/Case1425_expr
[       OK ] GrammarCombinations/ParserGrammarCorpusTest.AcceptsValidGrammar/Case1425_expr (0 ms)
[ RUN      ] GrammarCombinations/ParserGrammarCorpusTest.AcceptsValidGrammar/Case1426_expr
[       OK ] GrammarCombinations/ParserGrammarCorpusTest.AcceptsValidGrammar/Case1426_expr (0 ms)
[ RUN      ] GrammarCombinations/ParserGrammarCorpusTest.AcceptsValidGrammar/Case1427_type_expr
[       OK ] GrammarCombinations/ParserGrammarCorpusTest.AcceptsValidGrammar/Case1427_type_expr (0 ms)
[ RUN      ] GrammarCombinations/ParserGrammarCorpusTest.AcceptsValidGrammar/Case1428_pattern
[       OK ] GrammarCombinations/ParserGrammarCorpusTest.AcceptsValidGrammar/Case1428_pattern (0 ms)
[ RUN      ] GrammarCombinations/ParserGrammarCorpusTest.AcceptsValidGrammar/Case1429_binding_pattern
[       OK ] GrammarCombinations/ParserGrammarCorpusTest.AcceptsValidGrammar/Case1429_binding_pattern (0 ms)
[ RUN      ] GrammarCombinations/ParserGrammarCorpusTest.AcceptsValidGrammar/Case1430_decl
[       OK ] GrammarCombinations/ParserGrammarCorpusTest.AcceptsValidGrammar/Case1430_decl (0 ms)
[ RUN      ] GrammarCombinations/ParserGrammarCorpusTest.AcceptsValidGrammar/Case1431_for_header
[       OK ] GrammarCombinations/ParserGrammarCorpusTest.AcceptsValidGrammar/Case1431_for_header (0 ms)
[ RUN      ] GrammarCombinations/ParserGrammarCorpusTest.AcceptsValidGrammar/Case1432_stmt
[       OK ] GrammarCombinations/ParserGrammarCorpusTest.AcceptsValidGrammar/Case1432_stmt (0 ms)
[ RUN      ] GrammarCombinations/ParserGrammarCorpusTest.AcceptsValidGrammar/Case1433_expr
[       OK ] GrammarCombinations/ParserGrammarCorpusTest.AcceptsValidGrammar/Case1433_expr (0 ms)
[ RUN      ] GrammarCombinations/ParserGrammarCorpusTest.AcceptsValidGrammar/Case1434_expr
[       OK ] GrammarCombinations/ParserGrammarCorpusTest.AcceptsValidGrammar/Case1434_expr (0 ms)
[ RUN      ] GrammarCombinations/ParserGrammarCorpusTest.AcceptsValidGrammar/Case1435_type_expr
[       OK ] GrammarCombinations/ParserGrammarCorpusTest.AcceptsValidGrammar/Case1435_type_expr (0 ms)
[ RUN      ] GrammarCombinations/ParserGrammarCorpusTest.AcceptsValidGrammar/Case1436_pattern
[       OK ] GrammarCombinations/ParserGrammarCorpusTest.AcceptsValidGrammar/Case1436_pattern (0 ms)
[ RUN      ] GrammarCombinations/ParserGrammarCorpusTest.AcceptsValidGrammar/Case1437_binding_pattern
[       OK ] GrammarCombinations/ParserGrammarCorpusTest.AcceptsValidGrammar/Case1437_binding_pattern (0 ms)
[ RUN      ] GrammarCombinations/ParserGrammarCorpusTest.AcceptsValidGrammar/Case1438_decl
[       OK ] GrammarCombinations/ParserGrammarCorpusTest.AcceptsValidGrammar/Case1438_decl (0 ms)
[ RUN      ] GrammarCombinations/ParserGrammarCorpusTest.AcceptsValidGrammar/Case1439_for_header
[       OK ] GrammarCombinations/ParserGrammarCorpusTest.AcceptsValidGrammar/Case1439_for_header (0 ms)
[ RUN      ] GrammarCombinations/ParserGrammarCorpusTest.AcceptsValidGrammar/Case1440_stmt
[       OK ] GrammarCombinations/ParserGrammarCorpusTest.AcceptsValidGrammar/Case1440_stmt (0 ms)
[ RUN      ] GrammarCombinations/ParserGrammarCorpusTest.AcceptsValidGrammar/Case1441_expr
[       OK ] GrammarCombinations/ParserGrammarCorpusTest.AcceptsValidGrammar/Case1441_expr (0 ms)
[ RUN      ] GrammarCombinations/ParserGrammarCorpusTest.AcceptsValidGrammar/Case1442_expr
[       OK ] GrammarCombinations/ParserGrammarCorpusTest.AcceptsValidGrammar/Case1442_expr (0 ms)
[ RUN      ] GrammarCombinations/ParserGrammarCorpusTest.AcceptsValidGrammar/Case1443_type_expr
[       OK ] GrammarCombinations/ParserGrammarCorpusTest.AcceptsValidGrammar/Case1443_type_expr (0 ms)
[ RUN      ] GrammarCombinations/ParserGrammarCorpusTest.AcceptsValidGrammar/Case1444_pattern
[       OK ] GrammarCombinations/ParserGrammarCorpusTest.AcceptsValidGrammar/Case1444_pattern (0 ms)
[ RUN      ] GrammarCombinations/ParserGrammarCorpusTest.AcceptsValidGrammar/Case1445_binding_pattern
[       OK ] GrammarCombinations/ParserGrammarCorpusTest.AcceptsValidGrammar/Case1445_binding_pattern (0 ms)
[ RUN      ] GrammarCombinations/ParserGrammarCorpusTest.AcceptsValidGrammar/Case1446_decl
[       OK ] GrammarCombinations/ParserGrammarCorpusTest.AcceptsValidGrammar/Case1446_decl (0 ms)
[ RUN      ] GrammarCombinations/ParserGrammarCorpusTest.AcceptsValidGrammar/Case1447_for_header
[       OK ] GrammarCombinations/ParserGrammarCorpusTest.AcceptsValidGrammar/Case1447_for_header (0 ms)
[ RUN      ] GrammarCombinations/ParserGrammarCorpusTest.AcceptsValidGrammar/Case1448_stmt
[       OK ] GrammarCombinations/ParserGrammarCorpusTest.AcceptsValidGrammar/Case1448_stmt (0 ms)
[ RUN      ] GrammarCombinations/ParserGrammarCorpusTest.AcceptsValidGrammar/Case1449_expr
[       OK ] GrammarCombinations/ParserGrammarCorpusTest.AcceptsValidGrammar/Case1449_expr (0 ms)
[ RUN      ] GrammarCombinations/ParserGrammarCorpusTest.AcceptsValidGrammar/Case1450_expr
[       OK ] GrammarCombinations/ParserGrammarCorpusTest.AcceptsValidGrammar/Case1450_expr (0 ms)
[ RUN      ] GrammarCombinations/ParserGrammarCorpusTest.AcceptsValidGrammar/Case1451_type_expr
[       OK ] GrammarCombinations/ParserGrammarCorpusTest.AcceptsValidGrammar/Case1451_type_expr (0 ms)
[ RUN      ] GrammarCombinations/ParserGrammarCorpusTest.AcceptsValidGrammar/Case1452_pattern
[       OK ] GrammarCombinations/ParserGrammarCorpusTest.AcceptsValidGrammar/Case1452_pattern (0 ms)
[ RUN      ] GrammarCombinations/ParserGrammarCorpusTest.AcceptsValidGrammar/Case1453_binding_pattern
[       OK ] GrammarCombinations/ParserGrammarCorpusTest.AcceptsValidGrammar/Case1453_binding_pattern (0 ms)
[ RUN      ] GrammarCombinations/ParserGrammarCorpusTest.AcceptsValidGrammar/Case1454_decl
[       OK ] GrammarCombinations/ParserGrammarCorpusTest.AcceptsValidGrammar/Case1454_decl (0 ms)
[ RUN      ] GrammarCombinations/ParserGrammarCorpusTest.AcceptsValidGrammar/Case1455_for_header
[       OK ] GrammarCombinations/ParserGrammarCorpusTest.AcceptsValidGrammar/Case1455_for_header (0 ms)
[ RUN      ] GrammarCombinations/ParserGrammarCorpusTest.AcceptsValidGrammar/Case1456_stmt
[       OK ] GrammarCombinations/ParserGrammarCorpusTest.AcceptsValidGrammar/Case1456_stmt (0 ms)
[ RUN      ] GrammarCombinations/ParserGrammarCorpusTest.AcceptsValidGrammar/Case1457_expr
[       OK ] GrammarCombinations/ParserGrammarCorpusTest.AcceptsValidGrammar/Case1457_expr (0 ms)
[ RUN      ] GrammarCombinations/ParserGrammarCorpusTest.AcceptsValidGrammar/Case1458_expr
[       OK ] GrammarCombinations/ParserGrammarCorpusTest.AcceptsValidGrammar/Case1458_expr (0 ms)
[ RUN      ] GrammarCombinations/ParserGrammarCorpusTest.AcceptsValidGrammar/Case1459_type_expr
[       OK ] GrammarCombinations/ParserGrammarCorpusTest.AcceptsValidGrammar/Case1459_type_expr (0 ms)
[ RUN      ] GrammarCombinations/ParserGrammarCorpusTest.AcceptsValidGrammar/Case1460_pattern
[       OK ] GrammarCombinations/ParserGrammarCorpusTest.AcceptsValidGrammar/Case1460_pattern (0 ms)
[ RUN      ] GrammarCombinations/ParserGrammarCorpusTest.AcceptsValidGrammar/Case1461_binding_pattern
[       OK ] GrammarCombinations/ParserGrammarCorpusTest.AcceptsValidGrammar/Case1461_binding_pattern (0 ms)
[ RUN      ] GrammarCombinations/ParserGrammarCorpusTest.AcceptsValidGrammar/Case1462_decl
[       OK ] GrammarCombinations/ParserGrammarCorpusTest.AcceptsValidGrammar/Case1462_decl (0 ms)
[ RUN      ] GrammarCombinations/ParserGrammarCorpusTest.AcceptsValidGrammar/Case1463_for_header
[       OK ] GrammarCombinations/ParserGrammarCorpusTest.AcceptsValidGrammar/Case1463_for_header (0 ms)
[ RUN      ] GrammarCombinations/ParserGrammarCorpusTest.AcceptsValidGrammar/Case1464_stmt
[       OK ] GrammarCombinations/ParserGrammarCorpusTest.AcceptsValidGrammar/Case1464_stmt (0 ms)
[ RUN      ] GrammarCombinations/ParserGrammarCorpusTest.AcceptsValidGrammar/Case1465_expr
[       OK ] GrammarCombinations/ParserGrammarCorpusTest.AcceptsValidGrammar/Case1465_expr (0 ms)
[ RUN      ] GrammarCombinations/ParserGrammarCorpusTest.AcceptsValidGrammar/Case1466_expr
[       OK ] GrammarCombinations/ParserGrammarCorpusTest.AcceptsValidGrammar/Case1466_expr (0 ms)
[ RUN      ] GrammarCombinations/ParserGrammarCorpusTest.AcceptsValidGrammar/Case1467_type_expr
[       OK ] GrammarCombinations/ParserGrammarCorpusTest.AcceptsValidGrammar/Case1467_type_expr (0 ms)
[ RUN      ] GrammarCombinations/ParserGrammarCorpusTest.AcceptsValidGrammar/Case1468_pattern
[       OK ] GrammarCombinations/ParserGrammarCorpusTest.AcceptsValidGrammar/Case1468_pattern (0 ms)
[ RUN      ] GrammarCombinations/ParserGrammarCorpusTest.AcceptsValidGrammar/Case1469_binding_pattern
[       OK ] GrammarCombinations/ParserGrammarCorpusTest.AcceptsValidGrammar/Case1469_binding_pattern (0 ms)
[ RUN      ] GrammarCombinations/ParserGrammarCorpusTest.AcceptsValidGrammar/Case1470_decl
[       OK ] GrammarCombinations/ParserGrammarCorpusTest.AcceptsValidGrammar/Case1470_decl (0 ms)
[ RUN      ] GrammarCombinations/ParserGrammarCorpusTest.AcceptsValidGrammar/Case1471_for_header
[       OK ] GrammarCombinations/ParserGrammarCorpusTest.AcceptsValidGrammar/Case1471_for_header (0 ms)
[ RUN      ] GrammarCombinations/ParserGrammarCorpusTest.AcceptsValidGrammar/Case1472_stmt
[       OK ] GrammarCombinations/ParserGrammarCorpusTest.AcceptsValidGrammar/Case1472_stmt (0 ms)
[ RUN      ] GrammarCombinations/ParserGrammarCorpusTest.AcceptsValidGrammar/Case1473_expr
[       OK ] GrammarCombinations/ParserGrammarCorpusTest.AcceptsValidGrammar/Case1473_expr (0 ms)
[ RUN      ] GrammarCombinations/ParserGrammarCorpusTest.AcceptsValidGrammar/Case1474_expr
[       OK ] GrammarCombinations/ParserGrammarCorpusTest.AcceptsValidGrammar/Case1474_expr (0 ms)
[ RUN      ] GrammarCombinations/ParserGrammarCorpusTest.AcceptsValidGrammar/Case1475_type_expr
[       OK ] GrammarCombinations/ParserGrammarCorpusTest.AcceptsValidGrammar/Case1475_type_expr (0 ms)
[ RUN      ] GrammarCombinations/ParserGrammarCorpusTest.AcceptsValidGrammar/Case1476_pattern
[       OK ] GrammarCombinations/ParserGrammarCorpusTest.AcceptsValidGrammar/Case1476_pattern (0 ms)
[ RUN      ] GrammarCombinations/ParserGrammarCorpusTest.AcceptsValidGrammar/Case1477_binding_pattern
[       OK ] GrammarCombinations/ParserGrammarCorpusTest.AcceptsValidGrammar/Case1477_binding_pattern (0 ms)
[ RUN      ] GrammarCombinations/ParserGrammarCorpusTest.AcceptsValidGrammar/Case1478_decl
[       OK ] GrammarCombinations/ParserGrammarCorpusTest.AcceptsValidGrammar/Case1478_decl (0 ms)
[ RUN      ] GrammarCombinations/ParserGrammarCorpusTest.AcceptsValidGrammar/Case1479_for_header
[       OK ] GrammarCombinations/ParserGrammarCorpusTest.AcceptsValidGrammar/Case1479_for_header (0 ms)
[ RUN      ] GrammarCombinations/ParserGrammarCorpusTest.AcceptsValidGrammar/Case1480_stmt
[       OK ] GrammarCombinations/ParserGrammarCorpusTest.AcceptsValidGrammar/Case1480_stmt (0 ms)
[ RUN      ] GrammarCombinations/ParserGrammarCorpusTest.AcceptsValidGrammar/Case1481_expr
[       OK ] GrammarCombinations/ParserGrammarCorpusTest.AcceptsValidGrammar/Case1481_expr (0 ms)
[ RUN      ] GrammarCombinations/ParserGrammarCorpusTest.AcceptsValidGrammar/Case1482_expr
[       OK ] GrammarCombinations/ParserGrammarCorpusTest.AcceptsValidGrammar/Case1482_expr (0 ms)
[ RUN      ] GrammarCombinations/ParserGrammarCorpusTest.AcceptsValidGrammar/Case1483_type_expr
[       OK ] GrammarCombinations/ParserGrammarCorpusTest.AcceptsValidGrammar/Case1483_type_expr (0 ms)
[ RUN      ] GrammarCombinations/ParserGrammarCorpusTest.AcceptsValidGrammar/Case1484_pattern
[       OK ] GrammarCombinations/ParserGrammarCorpusTest.AcceptsValidGrammar/Case1484_pattern (0 ms)
[ RUN      ] GrammarCombinations/ParserGrammarCorpusTest.AcceptsValidGrammar/Case1485_binding_pattern
[       OK ] GrammarCombinations/ParserGrammarCorpusTest.AcceptsValidGrammar/Case1485_binding_pattern (0 ms)
[ RUN      ] GrammarCombinations/ParserGrammarCorpusTest.AcceptsValidGrammar/Case1486_decl
[       OK ] GrammarCombinations/ParserGrammarCorpusTest.AcceptsValidGrammar/Case1486_decl (0 ms)
[ RUN      ] GrammarCombinations/ParserGrammarCorpusTest.AcceptsValidGrammar/Case1487_for_header
[       OK ] GrammarCombinations/ParserGrammarCorpusTest.AcceptsValidGrammar/Case1487_for_header (0 ms)
[ RUN      ] GrammarCombinations/ParserGrammarCorpusTest.AcceptsValidGrammar/Case1488_stmt
[       OK ] GrammarCombinations/ParserGrammarCorpusTest.AcceptsValidGrammar/Case1488_stmt (0 ms)
[ RUN      ] GrammarCombinations/ParserGrammarCorpusTest.AcceptsValidGrammar/Case1489_expr
[       OK ] GrammarCombinations/ParserGrammarCorpusTest.AcceptsValidGrammar/Case1489_expr (0 ms)
[ RUN      ] GrammarCombinations/ParserGrammarCorpusTest.AcceptsValidGrammar/Case1490_expr
[       OK ] GrammarCombinations/ParserGrammarCorpusTest.AcceptsValidGrammar/Case1490_expr (0 ms)
[ RUN      ] GrammarCombinations/ParserGrammarCorpusTest.AcceptsValidGrammar/Case1491_type_expr
[       OK ] GrammarCombinations/ParserGrammarCorpusTest.AcceptsValidGrammar/Case1491_type_expr (0 ms)
[ RUN      ] GrammarCombinations/ParserGrammarCorpusTest.AcceptsValidGrammar/Case1492_pattern
[       OK ] GrammarCombinations/ParserGrammarCorpusTest.AcceptsValidGrammar/Case1492_pattern (0 ms)
[ RUN      ] GrammarCombinations/ParserGrammarCorpusTest.AcceptsValidGrammar/Case1493_binding_pattern
[       OK ] GrammarCombinations/ParserGrammarCorpusTest.AcceptsValidGrammar/Case1493_binding_pattern (0 ms)
[ RUN      ] GrammarCombinations/ParserGrammarCorpusTest.AcceptsValidGrammar/Case1494_decl
[       OK ] GrammarCombinations/ParserGrammarCorpusTest.AcceptsValidGrammar/Case1494_decl (0 ms)
[ RUN      ] GrammarCombinations/ParserGrammarCorpusTest.AcceptsValidGrammar/Case1495_for_header
[       OK ] GrammarCombinations/ParserGrammarCorpusTest.AcceptsValidGrammar/Case1495_for_header (0 ms)
[ RUN      ] GrammarCombinations/ParserGrammarCorpusTest.AcceptsValidGrammar/Case1496_stmt
[       OK ] GrammarCombinations/ParserGrammarCorpusTest.AcceptsValidGrammar/Case1496_stmt (0 ms)
[ RUN      ] GrammarCombinations/ParserGrammarCorpusTest.AcceptsValidGrammar/Case1497_expr
[       OK ] GrammarCombinations/ParserGrammarCorpusTest.AcceptsValidGrammar/Case1497_expr (0 ms)
[ RUN      ] GrammarCombinations/ParserGrammarCorpusTest.AcceptsValidGrammar/Case1498_expr
[       OK ] GrammarCombinations/ParserGrammarCorpusTest.AcceptsValidGrammar/Case1498_expr (0 ms)
[ RUN      ] GrammarCombinations/ParserGrammarCorpusTest.AcceptsValidGrammar/Case1499_type_expr
[       OK ] GrammarCombinations/ParserGrammarCorpusTest.AcceptsValidGrammar/Case1499_type_expr (0 ms)
[ RUN      ] GrammarCombinations/ParserGrammarCorpusTest.AcceptsValidGrammar/Case1500_pattern
[       OK ] GrammarCombinations/ParserGrammarCorpusTest.AcceptsValidGrammar/Case1500_pattern (0 ms)
[ RUN      ] GrammarCombinations/ParserGrammarCorpusTest.AcceptsValidGrammar/Case1501_binding_pattern
[       OK ] GrammarCombinations/ParserGrammarCorpusTest.AcceptsValidGrammar/Case1501_binding_pattern (0 ms)
[ RUN      ] GrammarCombinations/ParserGrammarCorpusTest.AcceptsValidGrammar/Case1502_decl
[       OK ] GrammarCombinations/ParserGrammarCorpusTest.AcceptsValidGrammar/Case1502_decl (0 ms)
[ RUN      ] GrammarCombinations/ParserGrammarCorpusTest.AcceptsValidGrammar/Case1503_for_header
[       OK ] GrammarCombinations/ParserGrammarCorpusTest.AcceptsValidGrammar/Case1503_for_header (0 ms)
[ RUN      ] GrammarCombinations/ParserGrammarCorpusTest.AcceptsValidGrammar/Case1504_stmt
[       OK ] GrammarCombinations/ParserGrammarCorpusTest.AcceptsValidGrammar/Case1504_stmt (0 ms)
[ RUN      ] GrammarCombinations/ParserGrammarCorpusTest.AcceptsValidGrammar/Case1505_expr
[       OK ] GrammarCombinations/ParserGrammarCorpusTest.AcceptsValidGrammar/Case1505_expr (0 ms)
[ RUN      ] GrammarCombinations/ParserGrammarCorpusTest.AcceptsValidGrammar/Case1506_expr
[       OK ] GrammarCombinations/ParserGrammarCorpusTest.AcceptsValidGrammar/Case1506_expr (0 ms)
[ RUN      ] GrammarCombinations/ParserGrammarCorpusTest.AcceptsValidGrammar/Case1507_type_expr
[       OK ] GrammarCombinations/ParserGrammarCorpusTest.AcceptsValidGrammar/Case1507_type_expr (0 ms)
[ RUN      ] GrammarCombinations/ParserGrammarCorpusTest.AcceptsValidGrammar/Case1508_pattern
[       OK ] GrammarCombinations/ParserGrammarCorpusTest.AcceptsValidGrammar/Case1508_pattern (0 ms)
[ RUN      ] GrammarCombinations/ParserGrammarCorpusTest.AcceptsValidGrammar/Case1509_binding_pattern
[       OK ] GrammarCombinations/ParserGrammarCorpusTest.AcceptsValidGrammar/Case1509_binding_pattern (0 ms)
[ RUN      ] GrammarCombinations/ParserGrammarCorpusTest.AcceptsValidGrammar/Case1510_decl
[       OK ] GrammarCombinations/ParserGrammarCorpusTest.AcceptsValidGrammar/Case1510_decl (0 ms)
[ RUN      ] GrammarCombinations/ParserGrammarCorpusTest.AcceptsValidGrammar/Case1511_for_header
[       OK ] GrammarCombinations/ParserGrammarCorpusTest.AcceptsValidGrammar/Case1511_for_header (0 ms)
[ RUN      ] GrammarCombinations/ParserGrammarCorpusTest.AcceptsValidGrammar/Case1512_stmt
[       OK ] GrammarCombinations/ParserGrammarCorpusTest.AcceptsValidGrammar/Case1512_stmt (0 ms)
[ RUN      ] GrammarCombinations/ParserGrammarCorpusTest.AcceptsValidGrammar/Case1513_expr
[       OK ] GrammarCombinations/ParserGrammarCorpusTest.AcceptsValidGrammar/Case1513_expr (0 ms)
[ RUN      ] GrammarCombinations/ParserGrammarCorpusTest.AcceptsValidGrammar/Case1514_expr
[       OK ] GrammarCombinations/ParserGrammarCorpusTest.AcceptsValidGrammar/Case1514_expr (0 ms)
[ RUN      ] GrammarCombinations/ParserGrammarCorpusTest.AcceptsValidGrammar/Case1515_type_expr
[       OK ] GrammarCombinations/ParserGrammarCorpusTest.AcceptsValidGrammar/Case1515_type_expr (0 ms)
[ RUN      ] GrammarCombinations/ParserGrammarCorpusTest.AcceptsValidGrammar/Case1516_pattern
[       OK ] GrammarCombinations/ParserGrammarCorpusTest.AcceptsValidGrammar/Case1516_pattern (0 ms)
[ RUN      ] GrammarCombinations/ParserGrammarCorpusTest.AcceptsValidGrammar/Case1517_binding_pattern
[       OK ] GrammarCombinations/ParserGrammarCorpusTest.AcceptsValidGrammar/Case1517_binding_pattern (0 ms)
[ RUN      ] GrammarCombinations/ParserGrammarCorpusTest.AcceptsValidGrammar/Case1518_decl
[       OK ] GrammarCombinations/ParserGrammarCorpusTest.AcceptsValidGrammar/Case1518_decl (0 ms)
[ RUN      ] GrammarCombinations/ParserGrammarCorpusTest.AcceptsValidGrammar/Case1519_for_header
[       OK ] GrammarCombinations/ParserGrammarCorpusTest.AcceptsValidGrammar/Case1519_for_header (0 ms)
[ RUN      ] GrammarCombinations/ParserGrammarCorpusTest.AcceptsValidGrammar/Case1520_stmt
[       OK ] GrammarCombinations/ParserGrammarCorpusTest.AcceptsValidGrammar/Case1520_stmt (0 ms)
[ RUN      ] GrammarCombinations/ParserGrammarCorpusTest.AcceptsValidGrammar/Case1521_expr
[       OK ] GrammarCombinations/ParserGrammarCorpusTest.AcceptsValidGrammar/Case1521_expr (0 ms)
[ RUN      ] GrammarCombinations/ParserGrammarCorpusTest.AcceptsValidGrammar/Case1522_expr
[       OK ] GrammarCombinations/ParserGrammarCorpusTest.AcceptsValidGrammar/Case1522_expr (0 ms)
[ RUN      ] GrammarCombinations/ParserGrammarCorpusTest.AcceptsValidGrammar/Case1523_type_expr
[       OK ] GrammarCombinations/ParserGrammarCorpusTest.AcceptsValidGrammar/Case1523_type_expr (0 ms)
[ RUN      ] GrammarCombinations/ParserGrammarCorpusTest.AcceptsValidGrammar/Case1524_pattern
[       OK ] GrammarCombinations/ParserGrammarCorpusTest.AcceptsValidGrammar/Case1524_pattern (0 ms)
[ RUN      ] GrammarCombinations/ParserGrammarCorpusTest.AcceptsValidGrammar/Case1525_binding_pattern
[       OK ] GrammarCombinations/ParserGrammarCorpusTest.AcceptsValidGrammar/Case1525_binding_pattern (0 ms)
[ RUN      ] GrammarCombinations/ParserGrammarCorpusTest.AcceptsValidGrammar/Case1526_decl
[       OK ] GrammarCombinations/ParserGrammarCorpusTest.AcceptsValidGrammar/Case1526_decl (0 ms)
[ RUN      ] GrammarCombinations/ParserGrammarCorpusTest.AcceptsValidGrammar/Case1527_for_header
[       OK ] GrammarCombinations/ParserGrammarCorpusTest.AcceptsValidGrammar/Case1527_for_header (0 ms)
[ RUN      ] GrammarCombinations/ParserGrammarCorpusTest.AcceptsValidGrammar/Case1528_stmt
[       OK ] GrammarCombinations/ParserGrammarCorpusTest.AcceptsValidGrammar/Case1528_stmt (0 ms)
[ RUN      ] GrammarCombinations/ParserGrammarCorpusTest.AcceptsValidGrammar/Case1529_expr
[       OK ] GrammarCombinations/ParserGrammarCorpusTest.AcceptsValidGrammar/Case1529_expr (0 ms)
[ RUN      ] GrammarCombinations/ParserGrammarCorpusTest.AcceptsValidGrammar/Case1530_expr
[       OK ] GrammarCombinations/ParserGrammarCorpusTest.AcceptsValidGrammar/Case1530_expr (0 ms)
[ RUN      ] GrammarCombinations/ParserGrammarCorpusTest.AcceptsValidGrammar/Case1531_type_expr
[       OK ] GrammarCombinations/ParserGrammarCorpusTest.AcceptsValidGrammar/Case1531_type_expr (0 ms)
[ RUN      ] GrammarCombinations/ParserGrammarCorpusTest.AcceptsValidGrammar/Case1532_pattern
[       OK ] GrammarCombinations/ParserGrammarCorpusTest.AcceptsValidGrammar/Case1532_pattern (0 ms)
[ RUN      ] GrammarCombinations/ParserGrammarCorpusTest.AcceptsValidGrammar/Case1533_binding_pattern
[       OK ] GrammarCombinations/ParserGrammarCorpusTest.AcceptsValidGrammar/Case1533_binding_pattern (0 ms)
[ RUN      ] GrammarCombinations/ParserGrammarCorpusTest.AcceptsValidGrammar/Case1534_decl
[       OK ] GrammarCombinations/ParserGrammarCorpusTest.AcceptsValidGrammar/Case1534_decl (0 ms)
[ RUN      ] GrammarCombinations/ParserGrammarCorpusTest.AcceptsValidGrammar/Case1535_for_header
[       OK ] GrammarCombinations/ParserGrammarCorpusTest.AcceptsValidGrammar/Case1535_for_header (0 ms)
[ RUN      ] GrammarCombinations/ParserGrammarCorpusTest.AcceptsValidGrammar/Case1536_stmt
[       OK ] GrammarCombinations/ParserGrammarCorpusTest.AcceptsValidGrammar/Case1536_stmt (0 ms)
[ RUN      ] GrammarCombinations/ParserGrammarCorpusTest.AcceptsValidGrammar/Case1537_expr
[       OK ] GrammarCombinations/ParserGrammarCorpusTest.AcceptsValidGrammar/Case1537_expr (0 ms)
[ RUN      ] GrammarCombinations/ParserGrammarCorpusTest.AcceptsValidGrammar/Case1538_expr
[       OK ] GrammarCombinations/ParserGrammarCorpusTest.AcceptsValidGrammar/Case1538_expr (0 ms)
[ RUN      ] GrammarCombinations/ParserGrammarCorpusTest.AcceptsValidGrammar/Case1539_type_expr
[       OK ] GrammarCombinations/ParserGrammarCorpusTest.AcceptsValidGrammar/Case1539_type_expr (0 ms)
[ RUN      ] GrammarCombinations/ParserGrammarCorpusTest.AcceptsValidGrammar/Case1540_pattern
[       OK ] GrammarCombinations/ParserGrammarCorpusTest.AcceptsValidGrammar/Case1540_pattern (0 ms)
[ RUN      ] GrammarCombinations/ParserGrammarCorpusTest.AcceptsValidGrammar/Case1541_binding_pattern
[       OK ] GrammarCombinations/ParserGrammarCorpusTest.AcceptsValidGrammar/Case1541_binding_pattern (0 ms)
[ RUN      ] GrammarCombinations/ParserGrammarCorpusTest.AcceptsValidGrammar/Case1542_decl
[       OK ] GrammarCombinations/ParserGrammarCorpusTest.AcceptsValidGrammar/Case1542_decl (0 ms)
[ RUN      ] GrammarCombinations/ParserGrammarCorpusTest.AcceptsValidGrammar/Case1543_for_header
[       OK ] GrammarCombinations/ParserGrammarCorpusTest.AcceptsValidGrammar/Case1543_for_header (0 ms)
[ RUN      ] GrammarCombinations/ParserGrammarCorpusTest.AcceptsValidGrammar/Case1544_stmt
[       OK ] GrammarCombinations/ParserGrammarCorpusTest.AcceptsValidGrammar/Case1544_stmt (0 ms)
[ RUN      ] GrammarCombinations/ParserGrammarCorpusTest.AcceptsValidGrammar/Case1545_expr
[       OK ] GrammarCombinations/ParserGrammarCorpusTest.AcceptsValidGrammar/Case1545_expr (0 ms)
[ RUN      ] GrammarCombinations/ParserGrammarCorpusTest.AcceptsValidGrammar/Case1546_expr
[       OK ] GrammarCombinations/ParserGrammarCorpusTest.AcceptsValidGrammar/Case1546_expr (0 ms)
[ RUN      ] GrammarCombinations/ParserGrammarCorpusTest.AcceptsValidGrammar/Case1547_type_expr
[       OK ] GrammarCombinations/ParserGrammarCorpusTest.AcceptsValidGrammar/Case1547_type_expr (0 ms)
[ RUN      ] GrammarCombinations/ParserGrammarCorpusTest.AcceptsValidGrammar/Case1548_pattern
[       OK ] GrammarCombinations/ParserGrammarCorpusTest.AcceptsValidGrammar/Case1548_pattern (0 ms)
[ RUN      ] GrammarCombinations/ParserGrammarCorpusTest.AcceptsValidGrammar/Case1549_binding_pattern
[       OK ] GrammarCombinations/ParserGrammarCorpusTest.AcceptsValidGrammar/Case1549_binding_pattern (0 ms)
[ RUN      ] GrammarCombinations/ParserGrammarCorpusTest.AcceptsValidGrammar/Case1550_decl
[       OK ] GrammarCombinations/ParserGrammarCorpusTest.AcceptsValidGrammar/Case1550_decl (0 ms)
[ RUN      ] GrammarCombinations/ParserGrammarCorpusTest.AcceptsValidGrammar/Case1551_for_header
[       OK ] GrammarCombinations/ParserGrammarCorpusTest.AcceptsValidGrammar/Case1551_for_header (0 ms)
[ RUN      ] GrammarCombinations/ParserGrammarCorpusTest.AcceptsValidGrammar/Case1552_stmt
[       OK ] GrammarCombinations/ParserGrammarCorpusTest.AcceptsValidGrammar/Case1552_stmt (0 ms)
[ RUN      ] GrammarCombinations/ParserGrammarCorpusTest.AcceptsValidGrammar/Case1553_expr
[       OK ] GrammarCombinations/ParserGrammarCorpusTest.AcceptsValidGrammar/Case1553_expr (0 ms)
[ RUN      ] GrammarCombinations/ParserGrammarCorpusTest.AcceptsValidGrammar/Case1554_expr
[       OK ] GrammarCombinations/ParserGrammarCorpusTest.AcceptsValidGrammar/Case1554_expr (0 ms)
[ RUN      ] GrammarCombinations/ParserGrammarCorpusTest.AcceptsValidGrammar/Case1555_type_expr
[       OK ] GrammarCombinations/ParserGrammarCorpusTest.AcceptsValidGrammar/Case1555_type_expr (0 ms)
[ RUN      ] GrammarCombinations/ParserGrammarCorpusTest.AcceptsValidGrammar/Case1556_pattern
[       OK ] GrammarCombinations/ParserGrammarCorpusTest.AcceptsValidGrammar/Case1556_pattern (0 ms)
[ RUN      ] GrammarCombinations/ParserGrammarCorpusTest.AcceptsValidGrammar/Case1557_binding_pattern
[       OK ] GrammarCombinations/ParserGrammarCorpusTest.AcceptsValidGrammar/Case1557_binding_pattern (0 ms)
[ RUN      ] GrammarCombinations/ParserGrammarCorpusTest.AcceptsValidGrammar/Case1558_decl
[       OK ] GrammarCombinations/ParserGrammarCorpusTest.AcceptsValidGrammar/Case1558_decl (0 ms)
[ RUN      ] GrammarCombinations/ParserGrammarCorpusTest.AcceptsValidGrammar/Case1559_for_header
[       OK ] GrammarCombinations/ParserGrammarCorpusTest.AcceptsValidGrammar/Case1559_for_header (0 ms)
[ RUN      ] GrammarCombinations/ParserGrammarCorpusTest.AcceptsValidGrammar/Case1560_stmt
[       OK ] GrammarCombinations/ParserGrammarCorpusTest.AcceptsValidGrammar/Case1560_stmt (0 ms)
[ RUN      ] GrammarCombinations/ParserGrammarCorpusTest.AcceptsValidGrammar/Case1561_expr
[       OK ] GrammarCombinations/ParserGrammarCorpusTest.AcceptsValidGrammar/Case1561_expr (0 ms)
[ RUN      ] GrammarCombinations/ParserGrammarCorpusTest.AcceptsValidGrammar/Case1562_expr
[       OK ] GrammarCombinations/ParserGrammarCorpusTest.AcceptsValidGrammar/Case1562_expr (0 ms)
[ RUN      ] GrammarCombinations/ParserGrammarCorpusTest.AcceptsValidGrammar/Case1563_type_expr
[       OK ] GrammarCombinations/ParserGrammarCorpusTest.AcceptsValidGrammar/Case1563_type_expr (0 ms)
[ RUN      ] GrammarCombinations/ParserGrammarCorpusTest.AcceptsValidGrammar/Case1564_pattern
[       OK ] GrammarCombinations/ParserGrammarCorpusTest.AcceptsValidGrammar/Case1564_pattern (0 ms)
[ RUN      ] GrammarCombinations/ParserGrammarCorpusTest.AcceptsValidGrammar/Case1565_binding_pattern
[       OK ] GrammarCombinations/ParserGrammarCorpusTest.AcceptsValidGrammar/Case1565_binding_pattern (0 ms)
[ RUN      ] GrammarCombinations/ParserGrammarCorpusTest.AcceptsValidGrammar/Case1566_decl
[       OK ] GrammarCombinations/ParserGrammarCorpusTest.AcceptsValidGrammar/Case1566_decl (0 ms)
[ RUN      ] GrammarCombinations/ParserGrammarCorpusTest.AcceptsValidGrammar/Case1567_for_header
[       OK ] GrammarCombinations/ParserGrammarCorpusTest.AcceptsValidGrammar/Case1567_for_header (0 ms)
[ RUN      ] GrammarCombinations/ParserGrammarCorpusTest.AcceptsValidGrammar/Case1568_stmt
[       OK ] GrammarCombinations/ParserGrammarCorpusTest.AcceptsValidGrammar/Case1568_stmt (0 ms)
[ RUN      ] GrammarCombinations/ParserGrammarCorpusTest.AcceptsValidGrammar/Case1569_expr
[       OK ] GrammarCombinations/ParserGrammarCorpusTest.AcceptsValidGrammar/Case1569_expr (0 ms)
[ RUN      ] GrammarCombinations/ParserGrammarCorpusTest.AcceptsValidGrammar/Case1570_expr
[       OK ] GrammarCombinations/ParserGrammarCorpusTest.AcceptsValidGrammar/Case1570_expr (0 ms)
[ RUN      ] GrammarCombinations/ParserGrammarCorpusTest.AcceptsValidGrammar/Case1571_type_expr
[       OK ] GrammarCombinations/ParserGrammarCorpusTest.AcceptsValidGrammar/Case1571_type_expr (0 ms)
[ RUN      ] GrammarCombinations/ParserGrammarCorpusTest.AcceptsValidGrammar/Case1572_pattern
[       OK ] GrammarCombinations/ParserGrammarCorpusTest.AcceptsValidGrammar/Case1572_pattern (0 ms)
[ RUN      ] GrammarCombinations/ParserGrammarCorpusTest.AcceptsValidGrammar/Case1573_binding_pattern
[       OK ] GrammarCombinations/ParserGrammarCorpusTest.AcceptsValidGrammar/Case1573_binding_pattern (0 ms)
[ RUN      ] GrammarCombinations/ParserGrammarCorpusTest.AcceptsValidGrammar/Case1574_decl
[       OK ] GrammarCombinations/ParserGrammarCorpusTest.AcceptsValidGrammar/Case1574_decl (0 ms)
[ RUN      ] GrammarCombinations/ParserGrammarCorpusTest.AcceptsValidGrammar/Case1575_for_header
[       OK ] GrammarCombinations/ParserGrammarCorpusTest.AcceptsValidGrammar/Case1575_for_header (0 ms)
[ RUN      ] GrammarCombinations/ParserGrammarCorpusTest.AcceptsValidGrammar/Case1576_stmt
[       OK ] GrammarCombinations/ParserGrammarCorpusTest.AcceptsValidGrammar/Case1576_stmt (0 ms)
[ RUN      ] GrammarCombinations/ParserGrammarCorpusTest.AcceptsValidGrammar/Case1577_expr
[       OK ] GrammarCombinations/ParserGrammarCorpusTest.AcceptsValidGrammar/Case1577_expr (0 ms)
[ RUN      ] GrammarCombinations/ParserGrammarCorpusTest.AcceptsValidGrammar/Case1578_expr
[       OK ] GrammarCombinations/ParserGrammarCorpusTest.AcceptsValidGrammar/Case1578_expr (0 ms)
[ RUN      ] GrammarCombinations/ParserGrammarCorpusTest.AcceptsValidGrammar/Case1579_type_expr
[       OK ] GrammarCombinations/ParserGrammarCorpusTest.AcceptsValidGrammar/Case1579_type_expr (0 ms)
[ RUN      ] GrammarCombinations/ParserGrammarCorpusTest.AcceptsValidGrammar/Case1580_pattern
[       OK ] GrammarCombinations/ParserGrammarCorpusTest.AcceptsValidGrammar/Case1580_pattern (0 ms)
[ RUN      ] GrammarCombinations/ParserGrammarCorpusTest.AcceptsValidGrammar/Case1581_binding_pattern
[       OK ] GrammarCombinations/ParserGrammarCorpusTest.AcceptsValidGrammar/Case1581_binding_pattern (0 ms)
[ RUN      ] GrammarCombinations/ParserGrammarCorpusTest.AcceptsValidGrammar/Case1582_decl
[       OK ] GrammarCombinations/ParserGrammarCorpusTest.AcceptsValidGrammar/Case1582_decl (0 ms)
[ RUN      ] GrammarCombinations/ParserGrammarCorpusTest.AcceptsValidGrammar/Case1583_for_header
[       OK ] GrammarCombinations/ParserGrammarCorpusTest.AcceptsValidGrammar/Case1583_for_header (0 ms)
[ RUN      ] GrammarCombinations/ParserGrammarCorpusTest.AcceptsValidGrammar/Case1584_stmt
[       OK ] GrammarCombinations/ParserGrammarCorpusTest.AcceptsValidGrammar/Case1584_stmt (0 ms)
[ RUN      ] GrammarCombinations/ParserGrammarCorpusTest.AcceptsValidGrammar/Case1585_expr
[       OK ] GrammarCombinations/ParserGrammarCorpusTest.AcceptsValidGrammar/Case1585_expr (0 ms)
[ RUN      ] GrammarCombinations/ParserGrammarCorpusTest.AcceptsValidGrammar/Case1586_expr
[       OK ] GrammarCombinations/ParserGrammarCorpusTest.AcceptsValidGrammar/Case1586_expr (0 ms)
[ RUN      ] GrammarCombinations/ParserGrammarCorpusTest.AcceptsValidGrammar/Case1587_type_expr
[       OK ] GrammarCombinations/ParserGrammarCorpusTest.AcceptsValidGrammar/Case1587_type_expr (0 ms)
[ RUN      ] GrammarCombinations/ParserGrammarCorpusTest.AcceptsValidGrammar/Case1588_pattern
[       OK ] GrammarCombinations/ParserGrammarCorpusTest.AcceptsValidGrammar/Case1588_pattern (0 ms)
[ RUN      ] GrammarCombinations/ParserGrammarCorpusTest.AcceptsValidGrammar/Case1589_binding_pattern
[       OK ] GrammarCombinations/ParserGrammarCorpusTest.AcceptsValidGrammar/Case1589_binding_pattern (0 ms)
[ RUN      ] GrammarCombinations/ParserGrammarCorpusTest.AcceptsValidGrammar/Case1590_decl
[       OK ] GrammarCombinations/ParserGrammarCorpusTest.AcceptsValidGrammar/Case1590_decl (0 ms)
[ RUN      ] GrammarCombinations/ParserGrammarCorpusTest.AcceptsValidGrammar/Case1591_for_header
[       OK ] GrammarCombinations/ParserGrammarCorpusTest.AcceptsValidGrammar/Case1591_for_header (0 ms)
[ RUN      ] GrammarCombinations/ParserGrammarCorpusTest.AcceptsValidGrammar/Case1592_stmt
[       OK ] GrammarCombinations/ParserGrammarCorpusTest.AcceptsValidGrammar/Case1592_stmt (0 ms)
[ RUN      ] GrammarCombinations/ParserGrammarCorpusTest.AcceptsValidGrammar/Case1593_expr
[       OK ] GrammarCombinations/ParserGrammarCorpusTest.AcceptsValidGrammar/Case1593_expr (0 ms)
[ RUN      ] GrammarCombinations/ParserGrammarCorpusTest.AcceptsValidGrammar/Case1594_expr
[       OK ] GrammarCombinations/ParserGrammarCorpusTest.AcceptsValidGrammar/Case1594_expr (0 ms)
[ RUN      ] GrammarCombinations/ParserGrammarCorpusTest.AcceptsValidGrammar/Case1595_type_expr
[       OK ] GrammarCombinations/ParserGrammarCorpusTest.AcceptsValidGrammar/Case1595_type_expr (0 ms)
[ RUN      ] GrammarCombinations/ParserGrammarCorpusTest.AcceptsValidGrammar/Case1596_pattern
[       OK ] GrammarCombinations/ParserGrammarCorpusTest.AcceptsValidGrammar/Case1596_pattern (0 ms)
[ RUN      ] GrammarCombinations/ParserGrammarCorpusTest.AcceptsValidGrammar/Case1597_binding_pattern
[       OK ] GrammarCombinations/ParserGrammarCorpusTest.AcceptsValidGrammar/Case1597_binding_pattern (0 ms)
[ RUN      ] GrammarCombinations/ParserGrammarCorpusTest.AcceptsValidGrammar/Case1598_decl
[       OK ] GrammarCombinations/ParserGrammarCorpusTest.AcceptsValidGrammar/Case1598_decl (0 ms)
[ RUN      ] GrammarCombinations/ParserGrammarCorpusTest.AcceptsValidGrammar/Case1599_for_header
[       OK ] GrammarCombinations/ParserGrammarCorpusTest.AcceptsValidGrammar/Case1599_for_header (0 ms)
[ RUN      ] GrammarCombinations/ParserGrammarCorpusTest.AcceptsValidGrammar/Case1600_stmt
[       OK ] GrammarCombinations/ParserGrammarCorpusTest.AcceptsValidGrammar/Case1600_stmt (0 ms)
[ RUN      ] GrammarCombinations/ParserGrammarCorpusTest.AcceptsValidGrammar/Case1601_expr
[       OK ] GrammarCombinations/ParserGrammarCorpusTest.AcceptsValidGrammar/Case1601_expr (0 ms)
[ RUN      ] GrammarCombinations/ParserGrammarCorpusTest.AcceptsValidGrammar/Case1602_expr
[       OK ] GrammarCombinations/ParserGrammarCorpusTest.AcceptsValidGrammar/Case1602_expr (0 ms)
[ RUN      ] GrammarCombinations/ParserGrammarCorpusTest.AcceptsValidGrammar/Case1603_type_expr
[       OK ] GrammarCombinations/ParserGrammarCorpusTest.AcceptsValidGrammar/Case1603_type_expr (0 ms)
[ RUN      ] GrammarCombinations/ParserGrammarCorpusTest.AcceptsValidGrammar/Case1604_pattern
[       OK ] GrammarCombinations/ParserGrammarCorpusTest.AcceptsValidGrammar/Case1604_pattern (0 ms)
[ RUN      ] GrammarCombinations/ParserGrammarCorpusTest.AcceptsValidGrammar/Case1605_binding_pattern
[       OK ] GrammarCombinations/ParserGrammarCorpusTest.AcceptsValidGrammar/Case1605_binding_pattern (0 ms)
[ RUN      ] GrammarCombinations/ParserGrammarCorpusTest.AcceptsValidGrammar/Case1606_decl
[       OK ] GrammarCombinations/ParserGrammarCorpusTest.AcceptsValidGrammar/Case1606_decl (0 ms)
[ RUN      ] GrammarCombinations/ParserGrammarCorpusTest.AcceptsValidGrammar/Case1607_for_header
[       OK ] GrammarCombinations/ParserGrammarCorpusTest.AcceptsValidGrammar/Case1607_for_header (0 ms)
[ RUN      ] GrammarCombinations/ParserGrammarCorpusTest.AcceptsValidGrammar/Case1608_stmt
[       OK ] GrammarCombinations/ParserGrammarCorpusTest.AcceptsValidGrammar/Case1608_stmt (0 ms)
[ RUN      ] GrammarCombinations/ParserGrammarCorpusTest.AcceptsValidGrammar/Case1609_expr
[       OK ] GrammarCombinations/ParserGrammarCorpusTest.AcceptsValidGrammar/Case1609_expr (0 ms)
[ RUN      ] GrammarCombinations/ParserGrammarCorpusTest.AcceptsValidGrammar/Case1610_expr
[       OK ] GrammarCombinations/ParserGrammarCorpusTest.AcceptsValidGrammar/Case1610_expr (0 ms)
[ RUN      ] GrammarCombinations/ParserGrammarCorpusTest.AcceptsValidGrammar/Case1611_type_expr
[       OK ] GrammarCombinations/ParserGrammarCorpusTest.AcceptsValidGrammar/Case1611_type_expr (0 ms)
[ RUN      ] GrammarCombinations/ParserGrammarCorpusTest.AcceptsValidGrammar/Case1612_pattern
[       OK ] GrammarCombinations/ParserGrammarCorpusTest.AcceptsValidGrammar/Case1612_pattern (0 ms)
[ RUN      ] GrammarCombinations/ParserGrammarCorpusTest.AcceptsValidGrammar/Case1613_binding_pattern
[       OK ] GrammarCombinations/ParserGrammarCorpusTest.AcceptsValidGrammar/Case1613_binding_pattern (0 ms)
[ RUN      ] GrammarCombinations/ParserGrammarCorpusTest.AcceptsValidGrammar/Case1614_decl
[       OK ] GrammarCombinations/ParserGrammarCorpusTest.AcceptsValidGrammar/Case1614_decl (0 ms)
[ RUN      ] GrammarCombinations/ParserGrammarCorpusTest.AcceptsValidGrammar/Case1615_for_header
[       OK ] GrammarCombinations/ParserGrammarCorpusTest.AcceptsValidGrammar/Case1615_for_header (0 ms)
[ RUN      ] GrammarCombinations/ParserGrammarCorpusTest.AcceptsValidGrammar/Case1616_stmt
[       OK ] GrammarCombinations/ParserGrammarCorpusTest.AcceptsValidGrammar/Case1616_stmt (0 ms)
[ RUN      ] GrammarCombinations/ParserGrammarCorpusTest.AcceptsValidGrammar/Case1617_expr
[       OK ] GrammarCombinations/ParserGrammarCorpusTest.AcceptsValidGrammar/Case1617_expr (0 ms)
[ RUN      ] GrammarCombinations/ParserGrammarCorpusTest.AcceptsValidGrammar/Case1618_expr
[       OK ] GrammarCombinations/ParserGrammarCorpusTest.AcceptsValidGrammar/Case1618_expr (0 ms)
[ RUN      ] GrammarCombinations/ParserGrammarCorpusTest.AcceptsValidGrammar/Case1619_type_expr
[       OK ] GrammarCombinations/ParserGrammarCorpusTest.AcceptsValidGrammar/Case1619_type_expr (0 ms)
[ RUN      ] GrammarCombinations/ParserGrammarCorpusTest.AcceptsValidGrammar/Case1620_pattern
[       OK ] GrammarCombinations/ParserGrammarCorpusTest.AcceptsValidGrammar/Case1620_pattern (0 ms)
[ RUN      ] GrammarCombinations/ParserGrammarCorpusTest.AcceptsValidGrammar/Case1621_binding_pattern
[       OK ] GrammarCombinations/ParserGrammarCorpusTest.AcceptsValidGrammar/Case1621_binding_pattern (0 ms)
[ RUN      ] GrammarCombinations/ParserGrammarCorpusTest.AcceptsValidGrammar/Case1622_decl
[       OK ] GrammarCombinations/ParserGrammarCorpusTest.AcceptsValidGrammar/Case1622_decl (0 ms)
[ RUN      ] GrammarCombinations/ParserGrammarCorpusTest.AcceptsValidGrammar/Case1623_for_header
[       OK ] GrammarCombinations/ParserGrammarCorpusTest.AcceptsValidGrammar/Case1623_for_header (0 ms)
[ RUN      ] GrammarCombinations/ParserGrammarCorpusTest.AcceptsValidGrammar/Case1624_stmt
[       OK ] GrammarCombinations/ParserGrammarCorpusTest.AcceptsValidGrammar/Case1624_stmt (0 ms)
[ RUN      ] GrammarCombinations/ParserGrammarCorpusTest.AcceptsValidGrammar/Case1625_expr
[       OK ] GrammarCombinations/ParserGrammarCorpusTest.AcceptsValidGrammar/Case1625_expr (0 ms)
[ RUN      ] GrammarCombinations/ParserGrammarCorpusTest.AcceptsValidGrammar/Case1626_expr
[       OK ] GrammarCombinations/ParserGrammarCorpusTest.AcceptsValidGrammar/Case1626_expr (0 ms)
[ RUN      ] GrammarCombinations/ParserGrammarCorpusTest.AcceptsValidGrammar/Case1627_type_expr
[       OK ] GrammarCombinations/ParserGrammarCorpusTest.AcceptsValidGrammar/Case1627_type_expr (0 ms)
[ RUN      ] GrammarCombinations/ParserGrammarCorpusTest.AcceptsValidGrammar/Case1628_pattern
[       OK ] GrammarCombinations/ParserGrammarCorpusTest.AcceptsValidGrammar/Case1628_pattern (0 ms)
[ RUN      ] GrammarCombinations/ParserGrammarCorpusTest.AcceptsValidGrammar/Case1629_binding_pattern
[       OK ] GrammarCombinations/ParserGrammarCorpusTest.AcceptsValidGrammar/Case1629_binding_pattern (0 ms)
[ RUN      ] GrammarCombinations/ParserGrammarCorpusTest.AcceptsValidGrammar/Case1630_decl
[       OK ] GrammarCombinations/ParserGrammarCorpusTest.AcceptsValidGrammar/Case1630_decl (0 ms)
[ RUN      ] GrammarCombinations/ParserGrammarCorpusTest.AcceptsValidGrammar/Case1631_for_header
[       OK ] GrammarCombinations/ParserGrammarCorpusTest.AcceptsValidGrammar/Case1631_for_header (0 ms)
[ RUN      ] GrammarCombinations/ParserGrammarCorpusTest.AcceptsValidGrammar/Case1632_stmt
[       OK ] GrammarCombinations/ParserGrammarCorpusTest.AcceptsValidGrammar/Case1632_stmt (0 ms)
[ RUN      ] GrammarCombinations/ParserGrammarCorpusTest.AcceptsValidGrammar/Case1633_expr
[       OK ] GrammarCombinations/ParserGrammarCorpusTest.AcceptsValidGrammar/Case1633_expr (0 ms)
[ RUN      ] GrammarCombinations/ParserGrammarCorpusTest.AcceptsValidGrammar/Case1634_expr
[       OK ] GrammarCombinations/ParserGrammarCorpusTest.AcceptsValidGrammar/Case1634_expr (0 ms)
[ RUN      ] GrammarCombinations/ParserGrammarCorpusTest.AcceptsValidGrammar/Case1635_type_expr
[       OK ] GrammarCombinations/ParserGrammarCorpusTest.AcceptsValidGrammar/Case1635_type_expr (0 ms)
[ RUN      ] GrammarCombinations/ParserGrammarCorpusTest.AcceptsValidGrammar/Case1636_pattern
[       OK ] GrammarCombinations/ParserGrammarCorpusTest.AcceptsValidGrammar/Case1636_pattern (0 ms)
[ RUN      ] GrammarCombinations/ParserGrammarCorpusTest.AcceptsValidGrammar/Case1637_binding_pattern
[       OK ] GrammarCombinations/ParserGrammarCorpusTest.AcceptsValidGrammar/Case1637_binding_pattern (0 ms)
[ RUN      ] GrammarCombinations/ParserGrammarCorpusTest.AcceptsValidGrammar/Case1638_decl
[       OK ] GrammarCombinations/ParserGrammarCorpusTest.AcceptsValidGrammar/Case1638_decl (0 ms)
[ RUN      ] GrammarCombinations/ParserGrammarCorpusTest.AcceptsValidGrammar/Case1639_for_header
[       OK ] GrammarCombinations/ParserGrammarCorpusTest.AcceptsValidGrammar/Case1639_for_header (0 ms)
[ RUN      ] GrammarCombinations/ParserGrammarCorpusTest.AcceptsValidGrammar/Case1640_stmt
[       OK ] GrammarCombinations/ParserGrammarCorpusTest.AcceptsValidGrammar/Case1640_stmt (0 ms)
[ RUN      ] GrammarCombinations/ParserGrammarCorpusTest.AcceptsValidGrammar/Case1641_expr
[       OK ] GrammarCombinations/ParserGrammarCorpusTest.AcceptsValidGrammar/Case1641_expr (0 ms)
[ RUN      ] GrammarCombinations/ParserGrammarCorpusTest.AcceptsValidGrammar/Case1642_expr
[       OK ] GrammarCombinations/ParserGrammarCorpusTest.AcceptsValidGrammar/Case1642_expr (0 ms)
[ RUN      ] GrammarCombinations/ParserGrammarCorpusTest.AcceptsValidGrammar/Case1643_type_expr
[       OK ] GrammarCombinations/ParserGrammarCorpusTest.AcceptsValidGrammar/Case1643_type_expr (0 ms)
[ RUN      ] GrammarCombinations/ParserGrammarCorpusTest.AcceptsValidGrammar/Case1644_pattern
[       OK ] GrammarCombinations/ParserGrammarCorpusTest.AcceptsValidGrammar/Case1644_pattern (0 ms)
[ RUN      ] GrammarCombinations/ParserGrammarCorpusTest.AcceptsValidGrammar/Case1645_binding_pattern
[       OK ] GrammarCombinations/ParserGrammarCorpusTest.AcceptsValidGrammar/Case1645_binding_pattern (0 ms)
[ RUN      ] GrammarCombinations/ParserGrammarCorpusTest.AcceptsValidGrammar/Case1646_decl
[       OK ] GrammarCombinations/ParserGrammarCorpusTest.AcceptsValidGrammar/Case1646_decl (0 ms)
[ RUN      ] GrammarCombinations/ParserGrammarCorpusTest.AcceptsValidGrammar/Case1647_for_header
[       OK ] GrammarCombinations/ParserGrammarCorpusTest.AcceptsValidGrammar/Case1647_for_header (0 ms)
[ RUN      ] GrammarCombinations/ParserGrammarCorpusTest.AcceptsValidGrammar/Case1648_stmt
[       OK ] GrammarCombinations/ParserGrammarCorpusTest.AcceptsValidGrammar/Case1648_stmt (0 ms)
[ RUN      ] GrammarCombinations/ParserGrammarCorpusTest.AcceptsValidGrammar/Case1649_expr
[       OK ] GrammarCombinations/ParserGrammarCorpusTest.AcceptsValidGrammar/Case1649_expr (0 ms)
[ RUN      ] GrammarCombinations/ParserGrammarCorpusTest.AcceptsValidGrammar/Case1650_expr
[       OK ] GrammarCombinations/ParserGrammarCorpusTest.AcceptsValidGrammar/Case1650_expr (0 ms)
[ RUN      ] GrammarCombinations/ParserGrammarCorpusTest.AcceptsValidGrammar/Case1651_type_expr
[       OK ] GrammarCombinations/ParserGrammarCorpusTest.AcceptsValidGrammar/Case1651_type_expr (0 ms)
[ RUN      ] GrammarCombinations/ParserGrammarCorpusTest.AcceptsValidGrammar/Case1652_pattern
[       OK ] GrammarCombinations/ParserGrammarCorpusTest.AcceptsValidGrammar/Case1652_pattern (0 ms)
[ RUN      ] GrammarCombinations/ParserGrammarCorpusTest.AcceptsValidGrammar/Case1653_binding_pattern
[       OK ] GrammarCombinations/ParserGrammarCorpusTest.AcceptsValidGrammar/Case1653_binding_pattern (0 ms)
[ RUN      ] GrammarCombinations/ParserGrammarCorpusTest.AcceptsValidGrammar/Case1654_decl
[       OK ] GrammarCombinations/ParserGrammarCorpusTest.AcceptsValidGrammar/Case1654_decl (0 ms)
[ RUN      ] GrammarCombinations/ParserGrammarCorpusTest.AcceptsValidGrammar/Case1655_for_header
[       OK ] GrammarCombinations/ParserGrammarCorpusTest.AcceptsValidGrammar/Case1655_for_header (0 ms)
[ RUN      ] GrammarCombinations/ParserGrammarCorpusTest.AcceptsValidGrammar/Case1656_stmt
[       OK ] GrammarCombinations/ParserGrammarCorpusTest.AcceptsValidGrammar/Case1656_stmt (0 ms)
[ RUN      ] GrammarCombinations/ParserGrammarCorpusTest.AcceptsValidGrammar/Case1657_expr
[       OK ] GrammarCombinations/ParserGrammarCorpusTest.AcceptsValidGrammar/Case1657_expr (0 ms)
[ RUN      ] GrammarCombinations/ParserGrammarCorpusTest.AcceptsValidGrammar/Case1658_expr
[       OK ] GrammarCombinations/ParserGrammarCorpusTest.AcceptsValidGrammar/Case1658_expr (0 ms)
[ RUN      ] GrammarCombinations/ParserGrammarCorpusTest.AcceptsValidGrammar/Case1659_type_expr
[       OK ] GrammarCombinations/ParserGrammarCorpusTest.AcceptsValidGrammar/Case1659_type_expr (0 ms)
[ RUN      ] GrammarCombinations/ParserGrammarCorpusTest.AcceptsValidGrammar/Case1660_pattern
[       OK ] GrammarCombinations/ParserGrammarCorpusTest.AcceptsValidGrammar/Case1660_pattern (0 ms)
[ RUN      ] GrammarCombinations/ParserGrammarCorpusTest.AcceptsValidGrammar/Case1661_binding_pattern
[       OK ] GrammarCombinations/ParserGrammarCorpusTest.AcceptsValidGrammar/Case1661_binding_pattern (0 ms)
[ RUN      ] GrammarCombinations/ParserGrammarCorpusTest.AcceptsValidGrammar/Case1662_decl
[       OK ] GrammarCombinations/ParserGrammarCorpusTest.AcceptsValidGrammar/Case1662_decl (0 ms)
[ RUN      ] GrammarCombinations/ParserGrammarCorpusTest.AcceptsValidGrammar/Case1663_for_header
[       OK ] GrammarCombinations/ParserGrammarCorpusTest.AcceptsValidGrammar/Case1663_for_header (0 ms)
[ RUN      ] GrammarCombinations/ParserGrammarCorpusTest.AcceptsValidGrammar/Case1664_stmt
[       OK ] GrammarCombinations/ParserGrammarCorpusTest.AcceptsValidGrammar/Case1664_stmt (0 ms)
[ RUN      ] GrammarCombinations/ParserGrammarCorpusTest.AcceptsValidGrammar/Case1665_expr
[       OK ] GrammarCombinations/ParserGrammarCorpusTest.AcceptsValidGrammar/Case1665_expr (0 ms)
[ RUN      ] GrammarCombinations/ParserGrammarCorpusTest.AcceptsValidGrammar/Case1666_expr
[       OK ] GrammarCombinations/ParserGrammarCorpusTest.AcceptsValidGrammar/Case1666_expr (0 ms)
[ RUN      ] GrammarCombinations/ParserGrammarCorpusTest.AcceptsValidGrammar/Case1667_type_expr
[       OK ] GrammarCombinations/ParserGrammarCorpusTest.AcceptsValidGrammar/Case1667_type_expr (0 ms)
[ RUN      ] GrammarCombinations/ParserGrammarCorpusTest.AcceptsValidGrammar/Case1668_pattern
[       OK ] GrammarCombinations/ParserGrammarCorpusTest.AcceptsValidGrammar/Case1668_pattern (0 ms)
[ RUN      ] GrammarCombinations/ParserGrammarCorpusTest.AcceptsValidGrammar/Case1669_binding_pattern
[       OK ] GrammarCombinations/ParserGrammarCorpusTest.AcceptsValidGrammar/Case1669_binding_pattern (0 ms)
[ RUN      ] GrammarCombinations/ParserGrammarCorpusTest.AcceptsValidGrammar/Case1670_decl
[       OK ] GrammarCombinations/ParserGrammarCorpusTest.AcceptsValidGrammar/Case1670_decl (0 ms)
[ RUN      ] GrammarCombinations/ParserGrammarCorpusTest.AcceptsValidGrammar/Case1671_for_header
[       OK ] GrammarCombinations/ParserGrammarCorpusTest.AcceptsValidGrammar/Case1671_for_header (0 ms)
[ RUN      ] GrammarCombinations/ParserGrammarCorpusTest.AcceptsValidGrammar/Case1672_stmt
[       OK ] GrammarCombinations/ParserGrammarCorpusTest.AcceptsValidGrammar/Case1672_stmt (0 ms)
[ RUN      ] GrammarCombinations/ParserGrammarCorpusTest.AcceptsValidGrammar/Case1673_expr
[       OK ] GrammarCombinations/ParserGrammarCorpusTest.AcceptsValidGrammar/Case1673_expr (0 ms)
[ RUN      ] GrammarCombinations/ParserGrammarCorpusTest.AcceptsValidGrammar/Case1674_expr
[       OK ] GrammarCombinations/ParserGrammarCorpusTest.AcceptsValidGrammar/Case1674_expr (0 ms)
[ RUN      ] GrammarCombinations/ParserGrammarCorpusTest.AcceptsValidGrammar/Case1675_type_expr
[       OK ] GrammarCombinations/ParserGrammarCorpusTest.AcceptsValidGrammar/Case1675_type_expr (0 ms)
[ RUN      ] GrammarCombinations/ParserGrammarCorpusTest.AcceptsValidGrammar/Case1676_pattern
[       OK ] GrammarCombinations/ParserGrammarCorpusTest.AcceptsValidGrammar/Case1676_pattern (0 ms)
[ RUN      ] GrammarCombinations/ParserGrammarCorpusTest.AcceptsValidGrammar/Case1677_binding_pattern
[       OK ] GrammarCombinations/ParserGrammarCorpusTest.AcceptsValidGrammar/Case1677_binding_pattern (0 ms)
[ RUN      ] GrammarCombinations/ParserGrammarCorpusTest.AcceptsValidGrammar/Case1678_decl
[       OK ] GrammarCombinations/ParserGrammarCorpusTest.AcceptsValidGrammar/Case1678_decl (0 ms)
[ RUN      ] GrammarCombinations/ParserGrammarCorpusTest.AcceptsValidGrammar/Case1679_for_header
[       OK ] GrammarCombinations/ParserGrammarCorpusTest.AcceptsValidGrammar/Case1679_for_header (0 ms)
[ RUN      ] GrammarCombinations/ParserGrammarCorpusTest.AcceptsValidGrammar/Case1680_stmt
[       OK ] GrammarCombinations/ParserGrammarCorpusTest.AcceptsValidGrammar/Case1680_stmt (0 ms)
[ RUN      ] GrammarCombinations/ParserGrammarCorpusTest.AcceptsValidGrammar/Case1681_expr
[       OK ] GrammarCombinations/ParserGrammarCorpusTest.AcceptsValidGrammar/Case1681_expr (0 ms)
[ RUN      ] GrammarCombinations/ParserGrammarCorpusTest.AcceptsValidGrammar/Case1682_expr
[       OK ] GrammarCombinations/ParserGrammarCorpusTest.AcceptsValidGrammar/Case1682_expr (0 ms)
[ RUN      ] GrammarCombinations/ParserGrammarCorpusTest.AcceptsValidGrammar/Case1683_type_expr
[       OK ] GrammarCombinations/ParserGrammarCorpusTest.AcceptsValidGrammar/Case1683_type_expr (0 ms)
[ RUN      ] GrammarCombinations/ParserGrammarCorpusTest.AcceptsValidGrammar/Case1684_pattern
[       OK ] GrammarCombinations/ParserGrammarCorpusTest.AcceptsValidGrammar/Case1684_pattern (0 ms)
[ RUN      ] GrammarCombinations/ParserGrammarCorpusTest.AcceptsValidGrammar/Case1685_binding_pattern
[       OK ] GrammarCombinations/ParserGrammarCorpusTest.AcceptsValidGrammar/Case1685_binding_pattern (0 ms)
[ RUN      ] GrammarCombinations/ParserGrammarCorpusTest.AcceptsValidGrammar/Case1686_decl
[       OK ] GrammarCombinations/ParserGrammarCorpusTest.AcceptsValidGrammar/Case1686_decl (0 ms)
[ RUN      ] GrammarCombinations/ParserGrammarCorpusTest.AcceptsValidGrammar/Case1687_for_header
[       OK ] GrammarCombinations/ParserGrammarCorpusTest.AcceptsValidGrammar/Case1687_for_header (0 ms)
[ RUN      ] GrammarCombinations/ParserGrammarCorpusTest.AcceptsValidGrammar/Case1688_stmt
[       OK ] GrammarCombinations/ParserGrammarCorpusTest.AcceptsValidGrammar/Case1688_stmt (0 ms)
[ RUN      ] GrammarCombinations/ParserGrammarCorpusTest.AcceptsValidGrammar/Case1689_expr
[       OK ] GrammarCombinations/ParserGrammarCorpusTest.AcceptsValidGrammar/Case1689_expr (0 ms)
[ RUN      ] GrammarCombinations/ParserGrammarCorpusTest.AcceptsValidGrammar/Case1690_expr
[       OK ] GrammarCombinations/ParserGrammarCorpusTest.AcceptsValidGrammar/Case1690_expr (0 ms)
[ RUN      ] GrammarCombinations/ParserGrammarCorpusTest.AcceptsValidGrammar/Case1691_type_expr
[       OK ] GrammarCombinations/ParserGrammarCorpusTest.AcceptsValidGrammar/Case1691_type_expr (0 ms)
[ RUN      ] GrammarCombinations/ParserGrammarCorpusTest.AcceptsValidGrammar/Case1692_pattern
[       OK ] GrammarCombinations/ParserGrammarCorpusTest.AcceptsValidGrammar/Case1692_pattern (0 ms)
[ RUN      ] GrammarCombinations/ParserGrammarCorpusTest.AcceptsValidGrammar/Case1693_binding_pattern
[       OK ] GrammarCombinations/ParserGrammarCorpusTest.AcceptsValidGrammar/Case1693_binding_pattern (0 ms)
[ RUN      ] GrammarCombinations/ParserGrammarCorpusTest.AcceptsValidGrammar/Case1694_decl
[       OK ] GrammarCombinations/ParserGrammarCorpusTest.AcceptsValidGrammar/Case1694_decl (0 ms)
[ RUN      ] GrammarCombinations/ParserGrammarCorpusTest.AcceptsValidGrammar/Case1695_for_header
[       OK ] GrammarCombinations/ParserGrammarCorpusTest.AcceptsValidGrammar/Case1695_for_header (0 ms)
[ RUN      ] GrammarCombinations/ParserGrammarCorpusTest.AcceptsValidGrammar/Case1696_stmt
[       OK ] GrammarCombinations/ParserGrammarCorpusTest.AcceptsValidGrammar/Case1696_stmt (0 ms)
[ RUN      ] GrammarCombinations/ParserGrammarCorpusTest.AcceptsValidGrammar/Case1697_expr
[       OK ] GrammarCombinations/ParserGrammarCorpusTest.AcceptsValidGrammar/Case1697_expr (0 ms)
[ RUN      ] GrammarCombinations/ParserGrammarCorpusTest.AcceptsValidGrammar/Case1698_expr
[       OK ] GrammarCombinations/ParserGrammarCorpusTest.AcceptsValidGrammar/Case1698_expr (0 ms)
[ RUN      ] GrammarCombinations/ParserGrammarCorpusTest.AcceptsValidGrammar/Case1699_type_expr
[       OK ] GrammarCombinations/ParserGrammarCorpusTest.AcceptsValidGrammar/Case1699_type_expr (0 ms)
[ RUN      ] GrammarCombinations/ParserGrammarCorpusTest.AcceptsValidGrammar/Case1700_pattern
[       OK ] GrammarCombinations/ParserGrammarCorpusTest.AcceptsValidGrammar/Case1700_pattern (0 ms)
[ RUN      ] GrammarCombinations/ParserGrammarCorpusTest.AcceptsValidGrammar/Case1701_binding_pattern
[       OK ] GrammarCombinations/ParserGrammarCorpusTest.AcceptsValidGrammar/Case1701_binding_pattern (0 ms)
[ RUN      ] GrammarCombinations/ParserGrammarCorpusTest.AcceptsValidGrammar/Case1702_decl
[       OK ] GrammarCombinations/ParserGrammarCorpusTest.AcceptsValidGrammar/Case1702_decl (0 ms)
[ RUN      ] GrammarCombinations/ParserGrammarCorpusTest.AcceptsValidGrammar/Case1703_for_header
[       OK ] GrammarCombinations/ParserGrammarCorpusTest.AcceptsValidGrammar/Case1703_for_header (0 ms)
[ RUN      ] GrammarCombinations/ParserGrammarCorpusTest.AcceptsValidGrammar/Case1704_stmt
[       OK ] GrammarCombinations/ParserGrammarCorpusTest.AcceptsValidGrammar/Case1704_stmt (0 ms)
[ RUN      ] GrammarCombinations/ParserGrammarCorpusTest.AcceptsValidGrammar/Case1705_expr
[       OK ] GrammarCombinations/ParserGrammarCorpusTest.AcceptsValidGrammar/Case1705_expr (0 ms)
[ RUN      ] GrammarCombinations/ParserGrammarCorpusTest.AcceptsValidGrammar/Case1706_expr
[       OK ] GrammarCombinations/ParserGrammarCorpusTest.AcceptsValidGrammar/Case1706_expr (0 ms)
[ RUN      ] GrammarCombinations/ParserGrammarCorpusTest.AcceptsValidGrammar/Case1707_type_expr
[       OK ] GrammarCombinations/ParserGrammarCorpusTest.AcceptsValidGrammar/Case1707_type_expr (0 ms)
[ RUN      ] GrammarCombinations/ParserGrammarCorpusTest.AcceptsValidGrammar/Case1708_pattern
[       OK ] GrammarCombinations/ParserGrammarCorpusTest.AcceptsValidGrammar/Case1708_pattern (0 ms)
[ RUN      ] GrammarCombinations/ParserGrammarCorpusTest.AcceptsValidGrammar/Case1709_binding_pattern
[       OK ] GrammarCombinations/ParserGrammarCorpusTest.AcceptsValidGrammar/Case1709_binding_pattern (0 ms)
[ RUN      ] GrammarCombinations/ParserGrammarCorpusTest.AcceptsValidGrammar/Case1710_decl
[       OK ] GrammarCombinations/ParserGrammarCorpusTest.AcceptsValidGrammar/Case1710_decl (0 ms)
[ RUN      ] GrammarCombinations/ParserGrammarCorpusTest.AcceptsValidGrammar/Case1711_for_header
[       OK ] GrammarCombinations/ParserGrammarCorpusTest.AcceptsValidGrammar/Case1711_for_header (0 ms)
[ RUN      ] GrammarCombinations/ParserGrammarCorpusTest.AcceptsValidGrammar/Case1712_stmt
[       OK ] GrammarCombinations/ParserGrammarCorpusTest.AcceptsValidGrammar/Case1712_stmt (0 ms)
[ RUN      ] GrammarCombinations/ParserGrammarCorpusTest.AcceptsValidGrammar/Case1713_expr
[       OK ] GrammarCombinations/ParserGrammarCorpusTest.AcceptsValidGrammar/Case1713_expr (0 ms)
[ RUN      ] GrammarCombinations/ParserGrammarCorpusTest.AcceptsValidGrammar/Case1714_expr
[       OK ] GrammarCombinations/ParserGrammarCorpusTest.AcceptsValidGrammar/Case1714_expr (0 ms)
[ RUN      ] GrammarCombinations/ParserGrammarCorpusTest.AcceptsValidGrammar/Case1715_type_expr
[       OK ] GrammarCombinations/ParserGrammarCorpusTest.AcceptsValidGrammar/Case1715_type_expr (0 ms)
[ RUN      ] GrammarCombinations/ParserGrammarCorpusTest.AcceptsValidGrammar/Case1716_pattern
[       OK ] GrammarCombinations/ParserGrammarCorpusTest.AcceptsValidGrammar/Case1716_pattern (0 ms)
[ RUN      ] GrammarCombinations/ParserGrammarCorpusTest.AcceptsValidGrammar/Case1717_binding_pattern
[       OK ] GrammarCombinations/ParserGrammarCorpusTest.AcceptsValidGrammar/Case1717_binding_pattern (0 ms)
[ RUN      ] GrammarCombinations/ParserGrammarCorpusTest.AcceptsValidGrammar/Case1718_decl
[       OK ] GrammarCombinations/ParserGrammarCorpusTest.AcceptsValidGrammar/Case1718_decl (0 ms)
[ RUN      ] GrammarCombinations/ParserGrammarCorpusTest.AcceptsValidGrammar/Case1719_for_header
[       OK ] GrammarCombinations/ParserGrammarCorpusTest.AcceptsValidGrammar/Case1719_for_header (0 ms)
[ RUN      ] GrammarCombinations/ParserGrammarCorpusTest.AcceptsValidGrammar/Case1720_stmt
[       OK ] GrammarCombinations/ParserGrammarCorpusTest.AcceptsValidGrammar/Case1720_stmt (0 ms)
[ RUN      ] GrammarCombinations/ParserGrammarCorpusTest.AcceptsValidGrammar/Case1721_expr
[       OK ] GrammarCombinations/ParserGrammarCorpusTest.AcceptsValidGrammar/Case1721_expr (0 ms)
[ RUN      ] GrammarCombinations/ParserGrammarCorpusTest.AcceptsValidGrammar/Case1722_expr
[       OK ] GrammarCombinations/ParserGrammarCorpusTest.AcceptsValidGrammar/Case1722_expr (0 ms)
[ RUN      ] GrammarCombinations/ParserGrammarCorpusTest.AcceptsValidGrammar/Case1723_type_expr
[       OK ] GrammarCombinations/ParserGrammarCorpusTest.AcceptsValidGrammar/Case1723_type_expr (0 ms)
[ RUN      ] GrammarCombinations/ParserGrammarCorpusTest.AcceptsValidGrammar/Case1724_pattern
[       OK ] GrammarCombinations/ParserGrammarCorpusTest.AcceptsValidGrammar/Case1724_pattern (0 ms)
[ RUN      ] GrammarCombinations/ParserGrammarCorpusTest.AcceptsValidGrammar/Case1725_binding_pattern
[       OK ] GrammarCombinations/ParserGrammarCorpusTest.AcceptsValidGrammar/Case1725_binding_pattern (0 ms)
[ RUN      ] GrammarCombinations/ParserGrammarCorpusTest.AcceptsValidGrammar/Case1726_decl
[       OK ] GrammarCombinations/ParserGrammarCorpusTest.AcceptsValidGrammar/Case1726_decl (0 ms)
[ RUN      ] GrammarCombinations/ParserGrammarCorpusTest.AcceptsValidGrammar/Case1727_for_header
[       OK ] GrammarCombinations/ParserGrammarCorpusTest.AcceptsValidGrammar/Case1727_for_header (0 ms)
[ RUN      ] GrammarCombinations/ParserGrammarCorpusTest.AcceptsValidGrammar/Case1728_stmt
[       OK ] GrammarCombinations/ParserGrammarCorpusTest.AcceptsValidGrammar/Case1728_stmt (0 ms)
[ RUN      ] GrammarCombinations/ParserGrammarCorpusTest.AcceptsValidGrammar/Case1729_expr
[       OK ] GrammarCombinations/ParserGrammarCorpusTest.AcceptsValidGrammar/Case1729_expr (0 ms)
[ RUN      ] GrammarCombinations/ParserGrammarCorpusTest.AcceptsValidGrammar/Case1730_expr
[       OK ] GrammarCombinations/ParserGrammarCorpusTest.AcceptsValidGrammar/Case1730_expr (0 ms)
[ RUN      ] GrammarCombinations/ParserGrammarCorpusTest.AcceptsValidGrammar/Case1731_type_expr
[       OK ] GrammarCombinations/ParserGrammarCorpusTest.AcceptsValidGrammar/Case1731_type_expr (0 ms)
[ RUN      ] GrammarCombinations/ParserGrammarCorpusTest.AcceptsValidGrammar/Case1732_pattern
[       OK ] GrammarCombinations/ParserGrammarCorpusTest.AcceptsValidGrammar/Case1732_pattern (0 ms)
[ RUN      ] GrammarCombinations/ParserGrammarCorpusTest.AcceptsValidGrammar/Case1733_binding_pattern
[       OK ] GrammarCombinations/ParserGrammarCorpusTest.AcceptsValidGrammar/Case1733_binding_pattern (0 ms)
[ RUN      ] GrammarCombinations/ParserGrammarCorpusTest.AcceptsValidGrammar/Case1734_decl
[       OK ] GrammarCombinations/ParserGrammarCorpusTest.AcceptsValidGrammar/Case1734_decl (0 ms)
[ RUN      ] GrammarCombinations/ParserGrammarCorpusTest.AcceptsValidGrammar/Case1735_for_header
[       OK ] GrammarCombinations/ParserGrammarCorpusTest.AcceptsValidGrammar/Case1735_for_header (0 ms)
[ RUN      ] GrammarCombinations/ParserGrammarCorpusTest.AcceptsValidGrammar/Case1736_stmt
[       OK ] GrammarCombinations/ParserGrammarCorpusTest.AcceptsValidGrammar/Case1736_stmt (0 ms)
[ RUN      ] GrammarCombinations/ParserGrammarCorpusTest.AcceptsValidGrammar/Case1737_expr
[       OK ] GrammarCombinations/ParserGrammarCorpusTest.AcceptsValidGrammar/Case1737_expr (0 ms)
[ RUN      ] GrammarCombinations/ParserGrammarCorpusTest.AcceptsValidGrammar/Case1738_expr
[       OK ] GrammarCombinations/ParserGrammarCorpusTest.AcceptsValidGrammar/Case1738_expr (0 ms)
[ RUN      ] GrammarCombinations/ParserGrammarCorpusTest.AcceptsValidGrammar/Case1739_type_expr
[       OK ] GrammarCombinations/ParserGrammarCorpusTest.AcceptsValidGrammar/Case1739_type_expr (0 ms)
[ RUN      ] GrammarCombinations/ParserGrammarCorpusTest.AcceptsValidGrammar/Case1740_pattern
[       OK ] GrammarCombinations/ParserGrammarCorpusTest.AcceptsValidGrammar/Case1740_pattern (0 ms)
[ RUN      ] GrammarCombinations/ParserGrammarCorpusTest.AcceptsValidGrammar/Case1741_binding_pattern
[       OK ] GrammarCombinations/ParserGrammarCorpusTest.AcceptsValidGrammar/Case1741_binding_pattern (0 ms)
[ RUN      ] GrammarCombinations/ParserGrammarCorpusTest.AcceptsValidGrammar/Case1742_decl
[       OK ] GrammarCombinations/ParserGrammarCorpusTest.AcceptsValidGrammar/Case1742_decl (0 ms)
[ RUN      ] GrammarCombinations/ParserGrammarCorpusTest.AcceptsValidGrammar/Case1743_for_header
[       OK ] GrammarCombinations/ParserGrammarCorpusTest.AcceptsValidGrammar/Case1743_for_header (0 ms)
[ RUN      ] GrammarCombinations/ParserGrammarCorpusTest.AcceptsValidGrammar/Case1744_stmt
[       OK ] GrammarCombinations/ParserGrammarCorpusTest.AcceptsValidGrammar/Case1744_stmt (0 ms)
[ RUN      ] GrammarCombinations/ParserGrammarCorpusTest.AcceptsValidGrammar/Case1745_expr
[       OK ] GrammarCombinations/ParserGrammarCorpusTest.AcceptsValidGrammar/Case1745_expr (0 ms)
[ RUN      ] GrammarCombinations/ParserGrammarCorpusTest.AcceptsValidGrammar/Case1746_expr
[       OK ] GrammarCombinations/ParserGrammarCorpusTest.AcceptsValidGrammar/Case1746_expr (0 ms)
[ RUN      ] GrammarCombinations/ParserGrammarCorpusTest.AcceptsValidGrammar/Case1747_type_expr
[       OK ] GrammarCombinations/ParserGrammarCorpusTest.AcceptsValidGrammar/Case1747_type_expr (0 ms)
[ RUN      ] GrammarCombinations/ParserGrammarCorpusTest.AcceptsValidGrammar/Case1748_pattern
[       OK ] GrammarCombinations/ParserGrammarCorpusTest.AcceptsValidGrammar/Case1748_pattern (0 ms)
[ RUN      ] GrammarCombinations/ParserGrammarCorpusTest.AcceptsValidGrammar/Case1749_binding_pattern
[       OK ] GrammarCombinations/ParserGrammarCorpusTest.AcceptsValidGrammar/Case1749_binding_pattern (0 ms)
[ RUN      ] GrammarCombinations/ParserGrammarCorpusTest.AcceptsValidGrammar/Case1750_decl
[       OK ] GrammarCombinations/ParserGrammarCorpusTest.AcceptsValidGrammar/Case1750_decl (0 ms)
[ RUN      ] GrammarCombinations/ParserGrammarCorpusTest.AcceptsValidGrammar/Case1751_for_header
[       OK ] GrammarCombinations/ParserGrammarCorpusTest.AcceptsValidGrammar/Case1751_for_header (0 ms)
[ RUN      ] GrammarCombinations/ParserGrammarCorpusTest.AcceptsValidGrammar/Case1752_stmt
[       OK ] GrammarCombinations/ParserGrammarCorpusTest.AcceptsValidGrammar/Case1752_stmt (0 ms)
[ RUN      ] GrammarCombinations/ParserGrammarCorpusTest.AcceptsValidGrammar/Case1753_expr
[       OK ] GrammarCombinations/ParserGrammarCorpusTest.AcceptsValidGrammar/Case1753_expr (0 ms)
[ RUN      ] GrammarCombinations/ParserGrammarCorpusTest.AcceptsValidGrammar/Case1754_expr
[       OK ] GrammarCombinations/ParserGrammarCorpusTest.AcceptsValidGrammar/Case1754_expr (0 ms)
[ RUN      ] GrammarCombinations/ParserGrammarCorpusTest.AcceptsValidGrammar/Case1755_type_expr
[       OK ] GrammarCombinations/ParserGrammarCorpusTest.AcceptsValidGrammar/Case1755_type_expr (0 ms)
[ RUN      ] GrammarCombinations/ParserGrammarCorpusTest.AcceptsValidGrammar/Case1756_pattern
[       OK ] GrammarCombinations/ParserGrammarCorpusTest.AcceptsValidGrammar/Case1756_pattern (0 ms)
[ RUN      ] GrammarCombinations/ParserGrammarCorpusTest.AcceptsValidGrammar/Case1757_binding_pattern
[       OK ] GrammarCombinations/ParserGrammarCorpusTest.AcceptsValidGrammar/Case1757_binding_pattern (0 ms)
[ RUN      ] GrammarCombinations/ParserGrammarCorpusTest.AcceptsValidGrammar/Case1758_decl
[       OK ] GrammarCombinations/ParserGrammarCorpusTest.AcceptsValidGrammar/Case1758_decl (0 ms)
[ RUN      ] GrammarCombinations/ParserGrammarCorpusTest.AcceptsValidGrammar/Case1759_for_header
[       OK ] GrammarCombinations/ParserGrammarCorpusTest.AcceptsValidGrammar/Case1759_for_header (0 ms)
[ RUN      ] GrammarCombinations/ParserGrammarCorpusTest.AcceptsValidGrammar/Case1760_stmt
[       OK ] GrammarCombinations/ParserGrammarCorpusTest.AcceptsValidGrammar/Case1760_stmt (0 ms)
[ RUN      ] GrammarCombinations/ParserGrammarCorpusTest.AcceptsValidGrammar/Case1761_expr
[       OK ] GrammarCombinations/ParserGrammarCorpusTest.AcceptsValidGrammar/Case1761_expr (0 ms)
[ RUN      ] GrammarCombinations/ParserGrammarCorpusTest.AcceptsValidGrammar/Case1762_expr
[       OK ] GrammarCombinations/ParserGrammarCorpusTest.AcceptsValidGrammar/Case1762_expr (0 ms)
[ RUN      ] GrammarCombinations/ParserGrammarCorpusTest.AcceptsValidGrammar/Case1763_type_expr
[       OK ] GrammarCombinations/ParserGrammarCorpusTest.AcceptsValidGrammar/Case1763_type_expr (0 ms)
[ RUN      ] GrammarCombinations/ParserGrammarCorpusTest.AcceptsValidGrammar/Case1764_pattern
[       OK ] GrammarCombinations/ParserGrammarCorpusTest.AcceptsValidGrammar/Case1764_pattern (0 ms)
[ RUN      ] GrammarCombinations/ParserGrammarCorpusTest.AcceptsValidGrammar/Case1765_binding_pattern
[       OK ] GrammarCombinations/ParserGrammarCorpusTest.AcceptsValidGrammar/Case1765_binding_pattern (0 ms)
[ RUN      ] GrammarCombinations/ParserGrammarCorpusTest.AcceptsValidGrammar/Case1766_decl
[       OK ] GrammarCombinations/ParserGrammarCorpusTest.AcceptsValidGrammar/Case1766_decl (0 ms)
[ RUN      ] GrammarCombinations/ParserGrammarCorpusTest.AcceptsValidGrammar/Case1767_for_header
[       OK ] GrammarCombinations/ParserGrammarCorpusTest.AcceptsValidGrammar/Case1767_for_header (0 ms)
[ RUN      ] GrammarCombinations/ParserGrammarCorpusTest.AcceptsValidGrammar/Case1768_stmt
[       OK ] GrammarCombinations/ParserGrammarCorpusTest.AcceptsValidGrammar/Case1768_stmt (0 ms)
[ RUN      ] GrammarCombinations/ParserGrammarCorpusTest.AcceptsValidGrammar/Case1769_expr
[       OK ] GrammarCombinations/ParserGrammarCorpusTest.AcceptsValidGrammar/Case1769_expr (0 ms)
[ RUN      ] GrammarCombinations/ParserGrammarCorpusTest.AcceptsValidGrammar/Case1770_expr
[       OK ] GrammarCombinations/ParserGrammarCorpusTest.AcceptsValidGrammar/Case1770_expr (0 ms)
[ RUN      ] GrammarCombinations/ParserGrammarCorpusTest.AcceptsValidGrammar/Case1771_type_expr
[       OK ] GrammarCombinations/ParserGrammarCorpusTest.AcceptsValidGrammar/Case1771_type_expr (0 ms)
[ RUN      ] GrammarCombinations/ParserGrammarCorpusTest.AcceptsValidGrammar/Case1772_pattern
[       OK ] GrammarCombinations/ParserGrammarCorpusTest.AcceptsValidGrammar/Case1772_pattern (0 ms)
[ RUN      ] GrammarCombinations/ParserGrammarCorpusTest.AcceptsValidGrammar/Case1773_binding_pattern
[       OK ] GrammarCombinations/ParserGrammarCorpusTest.AcceptsValidGrammar/Case1773_binding_pattern (0 ms)
[ RUN      ] GrammarCombinations/ParserGrammarCorpusTest.AcceptsValidGrammar/Case1774_decl
[       OK ] GrammarCombinations/ParserGrammarCorpusTest.AcceptsValidGrammar/Case1774_decl (0 ms)
[ RUN      ] GrammarCombinations/ParserGrammarCorpusTest.AcceptsValidGrammar/Case1775_for_header
[       OK ] GrammarCombinations/ParserGrammarCorpusTest.AcceptsValidGrammar/Case1775_for_header (0 ms)
[ RUN      ] GrammarCombinations/ParserGrammarCorpusTest.AcceptsValidGrammar/Case1776_stmt
[       OK ] GrammarCombinations/ParserGrammarCorpusTest.AcceptsValidGrammar/Case1776_stmt (0 ms)
[ RUN      ] GrammarCombinations/ParserGrammarCorpusTest.AcceptsValidGrammar/Case1777_expr
[       OK ] GrammarCombinations/ParserGrammarCorpusTest.AcceptsValidGrammar/Case1777_expr (0 ms)
[ RUN      ] GrammarCombinations/ParserGrammarCorpusTest.AcceptsValidGrammar/Case1778_expr
[       OK ] GrammarCombinations/ParserGrammarCorpusTest.AcceptsValidGrammar/Case1778_expr (0 ms)
[ RUN      ] GrammarCombinations/ParserGrammarCorpusTest.AcceptsValidGrammar/Case1779_type_expr
[       OK ] GrammarCombinations/ParserGrammarCorpusTest.AcceptsValidGrammar/Case1779_type_expr (0 ms)
[ RUN      ] GrammarCombinations/ParserGrammarCorpusTest.AcceptsValidGrammar/Case1780_pattern
[       OK ] GrammarCombinations/ParserGrammarCorpusTest.AcceptsValidGrammar/Case1780_pattern (0 ms)
[ RUN      ] GrammarCombinations/ParserGrammarCorpusTest.AcceptsValidGrammar/Case1781_binding_pattern
[       OK ] GrammarCombinations/ParserGrammarCorpusTest.AcceptsValidGrammar/Case1781_binding_pattern (0 ms)
[ RUN      ] GrammarCombinations/ParserGrammarCorpusTest.AcceptsValidGrammar/Case1782_decl
[       OK ] GrammarCombinations/ParserGrammarCorpusTest.AcceptsValidGrammar/Case1782_decl (0 ms)
[ RUN      ] GrammarCombinations/ParserGrammarCorpusTest.AcceptsValidGrammar/Case1783_for_header
[       OK ] GrammarCombinations/ParserGrammarCorpusTest.AcceptsValidGrammar/Case1783_for_header (0 ms)
[ RUN      ] GrammarCombinations/ParserGrammarCorpusTest.AcceptsValidGrammar/Case1784_stmt
[       OK ] GrammarCombinations/ParserGrammarCorpusTest.AcceptsValidGrammar/Case1784_stmt (0 ms)
[ RUN      ] GrammarCombinations/ParserGrammarCorpusTest.AcceptsValidGrammar/Case1785_expr
[       OK ] GrammarCombinations/ParserGrammarCorpusTest.AcceptsValidGrammar/Case1785_expr (0 ms)
[ RUN      ] GrammarCombinations/ParserGrammarCorpusTest.AcceptsValidGrammar/Case1786_expr
[       OK ] GrammarCombinations/ParserGrammarCorpusTest.AcceptsValidGrammar/Case1786_expr (0 ms)
[ RUN      ] GrammarCombinations/ParserGrammarCorpusTest.AcceptsValidGrammar/Case1787_type_expr
[       OK ] GrammarCombinations/ParserGrammarCorpusTest.AcceptsValidGrammar/Case1787_type_expr (0 ms)
[ RUN      ] GrammarCombinations/ParserGrammarCorpusTest.AcceptsValidGrammar/Case1788_pattern
[       OK ] GrammarCombinations/ParserGrammarCorpusTest.AcceptsValidGrammar/Case1788_pattern (0 ms)
[ RUN      ] GrammarCombinations/ParserGrammarCorpusTest.AcceptsValidGrammar/Case1789_binding_pattern
[       OK ] GrammarCombinations/ParserGrammarCorpusTest.AcceptsValidGrammar/Case1789_binding_pattern (0 ms)
[ RUN      ] GrammarCombinations/ParserGrammarCorpusTest.AcceptsValidGrammar/Case1790_decl
[       OK ] GrammarCombinations/ParserGrammarCorpusTest.AcceptsValidGrammar/Case1790_decl (0 ms)
[ RUN      ] GrammarCombinations/ParserGrammarCorpusTest.AcceptsValidGrammar/Case1791_for_header
[       OK ] GrammarCombinations/ParserGrammarCorpusTest.AcceptsValidGrammar/Case1791_for_header (0 ms)
[ RUN      ] GrammarCombinations/ParserGrammarCorpusTest.AcceptsValidGrammar/Case1792_stmt
[       OK ] GrammarCombinations/ParserGrammarCorpusTest.AcceptsValidGrammar/Case1792_stmt (0 ms)
[ RUN      ] GrammarCombinations/ParserGrammarCorpusTest.AcceptsValidGrammar/Case1793_expr
[       OK ] GrammarCombinations/ParserGrammarCorpusTest.AcceptsValidGrammar/Case1793_expr (0 ms)
[ RUN      ] GrammarCombinations/ParserGrammarCorpusTest.AcceptsValidGrammar/Case1794_expr
[       OK ] GrammarCombinations/ParserGrammarCorpusTest.AcceptsValidGrammar/Case1794_expr (0 ms)
[ RUN      ] GrammarCombinations/ParserGrammarCorpusTest.AcceptsValidGrammar/Case1795_type_expr
[       OK ] GrammarCombinations/ParserGrammarCorpusTest.AcceptsValidGrammar/Case1795_type_expr (0 ms)
[ RUN      ] GrammarCombinations/ParserGrammarCorpusTest.AcceptsValidGrammar/Case1796_pattern
[       OK ] GrammarCombinations/ParserGrammarCorpusTest.AcceptsValidGrammar/Case1796_pattern (0 ms)
[ RUN      ] GrammarCombinations/ParserGrammarCorpusTest.AcceptsValidGrammar/Case1797_binding_pattern
[       OK ] GrammarCombinations/ParserGrammarCorpusTest.AcceptsValidGrammar/Case1797_binding_pattern (0 ms)
[ RUN      ] GrammarCombinations/ParserGrammarCorpusTest.AcceptsValidGrammar/Case1798_decl
[       OK ] GrammarCombinations/ParserGrammarCorpusTest.AcceptsValidGrammar/Case1798_decl (0 ms)
[ RUN      ] GrammarCombinations/ParserGrammarCorpusTest.AcceptsValidGrammar/Case1799_for_header
[       OK ] GrammarCombinations/ParserGrammarCorpusTest.AcceptsValidGrammar/Case1799_for_header (0 ms)
[ RUN      ] GrammarCombinations/ParserGrammarCorpusTest.AcceptsValidGrammar/Case1800_stmt
[       OK ] GrammarCombinations/ParserGrammarCorpusTest.AcceptsValidGrammar/Case1800_stmt (0 ms)
[ RUN      ] GrammarCombinations/ParserGrammarCorpusTest.AcceptsValidGrammar/Case1801_expr
[       OK ] GrammarCombinations/ParserGrammarCorpusTest.AcceptsValidGrammar/Case1801_expr (0 ms)
[ RUN      ] GrammarCombinations/ParserGrammarCorpusTest.AcceptsValidGrammar/Case1802_expr
[       OK ] GrammarCombinations/ParserGrammarCorpusTest.AcceptsValidGrammar/Case1802_expr (0 ms)
[ RUN      ] GrammarCombinations/ParserGrammarCorpusTest.AcceptsValidGrammar/Case1803_type_expr
[       OK ] GrammarCombinations/ParserGrammarCorpusTest.AcceptsValidGrammar/Case1803_type_expr (0 ms)
[ RUN      ] GrammarCombinations/ParserGrammarCorpusTest.AcceptsValidGrammar/Case1804_pattern
[       OK ] GrammarCombinations/ParserGrammarCorpusTest.AcceptsValidGrammar/Case1804_pattern (0 ms)
[ RUN      ] GrammarCombinations/ParserGrammarCorpusTest.AcceptsValidGrammar/Case1805_binding_pattern
[       OK ] GrammarCombinations/ParserGrammarCorpusTest.AcceptsValidGrammar/Case1805_binding_pattern (0 ms)
[ RUN      ] GrammarCombinations/ParserGrammarCorpusTest.AcceptsValidGrammar/Case1806_decl
[       OK ] GrammarCombinations/ParserGrammarCorpusTest.AcceptsValidGrammar/Case1806_decl (0 ms)
[ RUN      ] GrammarCombinations/ParserGrammarCorpusTest.AcceptsValidGrammar/Case1807_for_header
[       OK ] GrammarCombinations/ParserGrammarCorpusTest.AcceptsValidGrammar/Case1807_for_header (0 ms)
[ RUN      ] GrammarCombinations/ParserGrammarCorpusTest.AcceptsValidGrammar/Case1808_stmt
[       OK ] GrammarCombinations/ParserGrammarCorpusTest.AcceptsValidGrammar/Case1808_stmt (0 ms)
[ RUN      ] GrammarCombinations/ParserGrammarCorpusTest.AcceptsValidGrammar/Case1809_expr
[       OK ] GrammarCombinations/ParserGrammarCorpusTest.AcceptsValidGrammar/Case1809_expr (0 ms)
[ RUN      ] GrammarCombinations/ParserGrammarCorpusTest.AcceptsValidGrammar/Case1810_expr
[       OK ] GrammarCombinations/ParserGrammarCorpusTest.AcceptsValidGrammar/Case1810_expr (0 ms)
[ RUN      ] GrammarCombinations/ParserGrammarCorpusTest.AcceptsValidGrammar/Case1811_type_expr
[       OK ] GrammarCombinations/ParserGrammarCorpusTest.AcceptsValidGrammar/Case1811_type_expr (0 ms)
[ RUN      ] GrammarCombinations/ParserGrammarCorpusTest.AcceptsValidGrammar/Case1812_pattern
[       OK ] GrammarCombinations/ParserGrammarCorpusTest.AcceptsValidGrammar/Case1812_pattern (0 ms)
[ RUN      ] GrammarCombinations/ParserGrammarCorpusTest.AcceptsValidGrammar/Case1813_binding_pattern
[       OK ] GrammarCombinations/ParserGrammarCorpusTest.AcceptsValidGrammar/Case1813_binding_pattern (0 ms)
[ RUN      ] GrammarCombinations/ParserGrammarCorpusTest.AcceptsValidGrammar/Case1814_decl
[       OK ] GrammarCombinations/ParserGrammarCorpusTest.AcceptsValidGrammar/Case1814_decl (0 ms)
[ RUN      ] GrammarCombinations/ParserGrammarCorpusTest.AcceptsValidGrammar/Case1815_for_header
[       OK ] GrammarCombinations/ParserGrammarCorpusTest.AcceptsValidGrammar/Case1815_for_header (0 ms)
[ RUN      ] GrammarCombinations/ParserGrammarCorpusTest.AcceptsValidGrammar/Case1816_stmt
[       OK ] GrammarCombinations/ParserGrammarCorpusTest.AcceptsValidGrammar/Case1816_stmt (0 ms)
[ RUN      ] GrammarCombinations/ParserGrammarCorpusTest.AcceptsValidGrammar/Case1817_expr
[       OK ] GrammarCombinations/ParserGrammarCorpusTest.AcceptsValidGrammar/Case1817_expr (0 ms)
[ RUN      ] GrammarCombinations/ParserGrammarCorpusTest.AcceptsValidGrammar/Case1818_expr
[       OK ] GrammarCombinations/ParserGrammarCorpusTest.AcceptsValidGrammar/Case1818_expr (0 ms)
[ RUN      ] GrammarCombinations/ParserGrammarCorpusTest.AcceptsValidGrammar/Case1819_type_expr
[       OK ] GrammarCombinations/ParserGrammarCorpusTest.AcceptsValidGrammar/Case1819_type_expr (0 ms)
[ RUN      ] GrammarCombinations/ParserGrammarCorpusTest.AcceptsValidGrammar/Case1820_pattern
[       OK ] GrammarCombinations/ParserGrammarCorpusTest.AcceptsValidGrammar/Case1820_pattern (0 ms)
[ RUN      ] GrammarCombinations/ParserGrammarCorpusTest.AcceptsValidGrammar/Case1821_binding_pattern
[       OK ] GrammarCombinations/ParserGrammarCorpusTest.AcceptsValidGrammar/Case1821_binding_pattern (0 ms)
[ RUN      ] GrammarCombinations/ParserGrammarCorpusTest.AcceptsValidGrammar/Case1822_decl
[       OK ] GrammarCombinations/ParserGrammarCorpusTest.AcceptsValidGrammar/Case1822_decl (0 ms)
[ RUN      ] GrammarCombinations/ParserGrammarCorpusTest.AcceptsValidGrammar/Case1823_for_header
[       OK ] GrammarCombinations/ParserGrammarCorpusTest.AcceptsValidGrammar/Case1823_for_header (0 ms)
[ RUN      ] GrammarCombinations/ParserGrammarCorpusTest.AcceptsValidGrammar/Case1824_stmt
[       OK ] GrammarCombinations/ParserGrammarCorpusTest.AcceptsValidGrammar/Case1824_stmt (0 ms)
[ RUN      ] GrammarCombinations/ParserGrammarCorpusTest.AcceptsValidGrammar/Case1825_expr
[       OK ] GrammarCombinations/ParserGrammarCorpusTest.AcceptsValidGrammar/Case1825_expr (0 ms)
[ RUN      ] GrammarCombinations/ParserGrammarCorpusTest.AcceptsValidGrammar/Case1826_expr
[       OK ] GrammarCombinations/ParserGrammarCorpusTest.AcceptsValidGrammar/Case1826_expr (0 ms)
[ RUN      ] GrammarCombinations/ParserGrammarCorpusTest.AcceptsValidGrammar/Case1827_type_expr
[       OK ] GrammarCombinations/ParserGrammarCorpusTest.AcceptsValidGrammar/Case1827_type_expr (0 ms)
[ RUN      ] GrammarCombinations/ParserGrammarCorpusTest.AcceptsValidGrammar/Case1828_pattern
[       OK ] GrammarCombinations/ParserGrammarCorpusTest.AcceptsValidGrammar/Case1828_pattern (0 ms)
[ RUN      ] GrammarCombinations/ParserGrammarCorpusTest.AcceptsValidGrammar/Case1829_binding_pattern
[       OK ] GrammarCombinations/ParserGrammarCorpusTest.AcceptsValidGrammar/Case1829_binding_pattern (0 ms)
[ RUN      ] GrammarCombinations/ParserGrammarCorpusTest.AcceptsValidGrammar/Case1830_decl
[       OK ] GrammarCombinations/ParserGrammarCorpusTest.AcceptsValidGrammar/Case1830_decl (0 ms)
[ RUN      ] GrammarCombinations/ParserGrammarCorpusTest.AcceptsValidGrammar/Case1831_for_header
[       OK ] GrammarCombinations/ParserGrammarCorpusTest.AcceptsValidGrammar/Case1831_for_header (0 ms)
[ RUN      ] GrammarCombinations/ParserGrammarCorpusTest.AcceptsValidGrammar/Case1832_stmt
[       OK ] GrammarCombinations/ParserGrammarCorpusTest.AcceptsValidGrammar/Case1832_stmt (0 ms)
[ RUN      ] GrammarCombinations/ParserGrammarCorpusTest.AcceptsValidGrammar/Case1833_expr
[       OK ] GrammarCombinations/ParserGrammarCorpusTest.AcceptsValidGrammar/Case1833_expr (0 ms)
[ RUN      ] GrammarCombinations/ParserGrammarCorpusTest.AcceptsValidGrammar/Case1834_expr
[       OK ] GrammarCombinations/ParserGrammarCorpusTest.AcceptsValidGrammar/Case1834_expr (0 ms)
[ RUN      ] GrammarCombinations/ParserGrammarCorpusTest.AcceptsValidGrammar/Case1835_type_expr
[       OK ] GrammarCombinations/ParserGrammarCorpusTest.AcceptsValidGrammar/Case1835_type_expr (0 ms)
[ RUN      ] GrammarCombinations/ParserGrammarCorpusTest.AcceptsValidGrammar/Case1836_pattern
[       OK ] GrammarCombinations/ParserGrammarCorpusTest.AcceptsValidGrammar/Case1836_pattern (0 ms)
[ RUN      ] GrammarCombinations/ParserGrammarCorpusTest.AcceptsValidGrammar/Case1837_binding_pattern
[       OK ] GrammarCombinations/ParserGrammarCorpusTest.AcceptsValidGrammar/Case1837_binding_pattern (0 ms)
[ RUN      ] GrammarCombinations/ParserGrammarCorpusTest.AcceptsValidGrammar/Case1838_decl
[       OK ] GrammarCombinations/ParserGrammarCorpusTest.AcceptsValidGrammar/Case1838_decl (0 ms)
[ RUN      ] GrammarCombinations/ParserGrammarCorpusTest.AcceptsValidGrammar/Case1839_for_header
[       OK ] GrammarCombinations/ParserGrammarCorpusTest.AcceptsValidGrammar/Case1839_for_header (0 ms)
[ RUN      ] GrammarCombinations/ParserGrammarCorpusTest.AcceptsValidGrammar/Case1840_stmt
[       OK ] GrammarCombinations/ParserGrammarCorpusTest.AcceptsValidGrammar/Case1840_stmt (0 ms)
[ RUN      ] GrammarCombinations/ParserGrammarCorpusTest.AcceptsValidGrammar/Case1841_expr
[       OK ] GrammarCombinations/ParserGrammarCorpusTest.AcceptsValidGrammar/Case1841_expr (0 ms)
[ RUN      ] GrammarCombinations/ParserGrammarCorpusTest.AcceptsValidGrammar/Case1842_expr
[       OK ] GrammarCombinations/ParserGrammarCorpusTest.AcceptsValidGrammar/Case1842_expr (0 ms)
[ RUN      ] GrammarCombinations/ParserGrammarCorpusTest.AcceptsValidGrammar/Case1843_type_expr
[       OK ] GrammarCombinations/ParserGrammarCorpusTest.AcceptsValidGrammar/Case1843_type_expr (0 ms)
[ RUN      ] GrammarCombinations/ParserGrammarCorpusTest.AcceptsValidGrammar/Case1844_pattern
[       OK ] GrammarCombinations/ParserGrammarCorpusTest.AcceptsValidGrammar/Case1844_pattern (0 ms)
[ RUN      ] GrammarCombinations/ParserGrammarCorpusTest.AcceptsValidGrammar/Case1845_binding_pattern
[       OK ] GrammarCombinations/ParserGrammarCorpusTest.AcceptsValidGrammar/Case1845_binding_pattern (0 ms)
[ RUN      ] GrammarCombinations/ParserGrammarCorpusTest.AcceptsValidGrammar/Case1846_decl
[       OK ] GrammarCombinations/ParserGrammarCorpusTest.AcceptsValidGrammar/Case1846_decl (0 ms)
[ RUN      ] GrammarCombinations/ParserGrammarCorpusTest.AcceptsValidGrammar/Case1847_for_header
[       OK ] GrammarCombinations/ParserGrammarCorpusTest.AcceptsValidGrammar/Case1847_for_header (0 ms)
[ RUN      ] GrammarCombinations/ParserGrammarCorpusTest.AcceptsValidGrammar/Case1848_stmt
[       OK ] GrammarCombinations/ParserGrammarCorpusTest.AcceptsValidGrammar/Case1848_stmt (0 ms)
[ RUN      ] GrammarCombinations/ParserGrammarCorpusTest.AcceptsValidGrammar/Case1849_expr
[       OK ] GrammarCombinations/ParserGrammarCorpusTest.AcceptsValidGrammar/Case1849_expr (0 ms)
[ RUN      ] GrammarCombinations/ParserGrammarCorpusTest.AcceptsValidGrammar/Case1850_expr
[       OK ] GrammarCombinations/ParserGrammarCorpusTest.AcceptsValidGrammar/Case1850_expr (0 ms)
[ RUN      ] GrammarCombinations/ParserGrammarCorpusTest.AcceptsValidGrammar/Case1851_type_expr
[       OK ] GrammarCombinations/ParserGrammarCorpusTest.AcceptsValidGrammar/Case1851_type_expr (0 ms)
[ RUN      ] GrammarCombinations/ParserGrammarCorpusTest.AcceptsValidGrammar/Case1852_pattern
[       OK ] GrammarCombinations/ParserGrammarCorpusTest.AcceptsValidGrammar/Case1852_pattern (0 ms)
[ RUN      ] GrammarCombinations/ParserGrammarCorpusTest.AcceptsValidGrammar/Case1853_binding_pattern
[       OK ] GrammarCombinations/ParserGrammarCorpusTest.AcceptsValidGrammar/Case1853_binding_pattern (0 ms)
[ RUN      ] GrammarCombinations/ParserGrammarCorpusTest.AcceptsValidGrammar/Case1854_decl
[       OK ] GrammarCombinations/ParserGrammarCorpusTest.AcceptsValidGrammar/Case1854_decl (0 ms)
[ RUN      ] GrammarCombinations/ParserGrammarCorpusTest.AcceptsValidGrammar/Case1855_for_header
[       OK ] GrammarCombinations/ParserGrammarCorpusTest.AcceptsValidGrammar/Case1855_for_header (0 ms)
[ RUN      ] GrammarCombinations/ParserGrammarCorpusTest.AcceptsValidGrammar/Case1856_stmt
[       OK ] GrammarCombinations/ParserGrammarCorpusTest.AcceptsValidGrammar/Case1856_stmt (0 ms)
[ RUN      ] GrammarCombinations/ParserGrammarCorpusTest.AcceptsValidGrammar/Case1857_expr
[       OK ] GrammarCombinations/ParserGrammarCorpusTest.AcceptsValidGrammar/Case1857_expr (0 ms)
[ RUN      ] GrammarCombinations/ParserGrammarCorpusTest.AcceptsValidGrammar/Case1858_expr
[       OK ] GrammarCombinations/ParserGrammarCorpusTest.AcceptsValidGrammar/Case1858_expr (0 ms)
[ RUN      ] GrammarCombinations/ParserGrammarCorpusTest.AcceptsValidGrammar/Case1859_type_expr
[       OK ] GrammarCombinations/ParserGrammarCorpusTest.AcceptsValidGrammar/Case1859_type_expr (0 ms)
[ RUN      ] GrammarCombinations/ParserGrammarCorpusTest.AcceptsValidGrammar/Case1860_pattern
[       OK ] GrammarCombinations/ParserGrammarCorpusTest.AcceptsValidGrammar/Case1860_pattern (0 ms)
[ RUN      ] GrammarCombinations/ParserGrammarCorpusTest.AcceptsValidGrammar/Case1861_binding_pattern
[       OK ] GrammarCombinations/ParserGrammarCorpusTest.AcceptsValidGrammar/Case1861_binding_pattern (0 ms)
[ RUN      ] GrammarCombinations/ParserGrammarCorpusTest.AcceptsValidGrammar/Case1862_decl
[       OK ] GrammarCombinations/ParserGrammarCorpusTest.AcceptsValidGrammar/Case1862_decl (0 ms)
[ RUN      ] GrammarCombinations/ParserGrammarCorpusTest.AcceptsValidGrammar/Case1863_for_header
[       OK ] GrammarCombinations/ParserGrammarCorpusTest.AcceptsValidGrammar/Case1863_for_header (0 ms)
[ RUN      ] GrammarCombinations/ParserGrammarCorpusTest.AcceptsValidGrammar/Case1864_stmt
[       OK ] GrammarCombinations/ParserGrammarCorpusTest.AcceptsValidGrammar/Case1864_stmt (0 ms)
[ RUN      ] GrammarCombinations/ParserGrammarCorpusTest.AcceptsValidGrammar/Case1865_expr
[       OK ] GrammarCombinations/ParserGrammarCorpusTest.AcceptsValidGrammar/Case1865_expr (0 ms)
[ RUN      ] GrammarCombinations/ParserGrammarCorpusTest.AcceptsValidGrammar/Case1866_expr
[       OK ] GrammarCombinations/ParserGrammarCorpusTest.AcceptsValidGrammar/Case1866_expr (0 ms)
[ RUN      ] GrammarCombinations/ParserGrammarCorpusTest.AcceptsValidGrammar/Case1867_type_expr
[       OK ] GrammarCombinations/ParserGrammarCorpusTest.AcceptsValidGrammar/Case1867_type_expr (0 ms)
[ RUN      ] GrammarCombinations/ParserGrammarCorpusTest.AcceptsValidGrammar/Case1868_pattern
[       OK ] GrammarCombinations/ParserGrammarCorpusTest.AcceptsValidGrammar/Case1868_pattern (0 ms)
[ RUN      ] GrammarCombinations/ParserGrammarCorpusTest.AcceptsValidGrammar/Case1869_binding_pattern
[       OK ] GrammarCombinations/ParserGrammarCorpusTest.AcceptsValidGrammar/Case1869_binding_pattern (0 ms)
[ RUN      ] GrammarCombinations/ParserGrammarCorpusTest.AcceptsValidGrammar/Case1870_decl
[       OK ] GrammarCombinations/ParserGrammarCorpusTest.AcceptsValidGrammar/Case1870_decl (0 ms)
[ RUN      ] GrammarCombinations/ParserGrammarCorpusTest.AcceptsValidGrammar/Case1871_for_header
[       OK ] GrammarCombinations/ParserGrammarCorpusTest.AcceptsValidGrammar/Case1871_for_header (0 ms)
[ RUN      ] GrammarCombinations/ParserGrammarCorpusTest.AcceptsValidGrammar/Case1872_stmt
[       OK ] GrammarCombinations/ParserGrammarCorpusTest.AcceptsValidGrammar/Case1872_stmt (0 ms)
[ RUN      ] GrammarCombinations/ParserGrammarCorpusTest.AcceptsValidGrammar/Case1873_expr
[       OK ] GrammarCombinations/ParserGrammarCorpusTest.AcceptsValidGrammar/Case1873_expr (0 ms)
[ RUN      ] GrammarCombinations/ParserGrammarCorpusTest.AcceptsValidGrammar/Case1874_expr
[       OK ] GrammarCombinations/ParserGrammarCorpusTest.AcceptsValidGrammar/Case1874_expr (0 ms)
[ RUN      ] GrammarCombinations/ParserGrammarCorpusTest.AcceptsValidGrammar/Case1875_type_expr
[       OK ] GrammarCombinations/ParserGrammarCorpusTest.AcceptsValidGrammar/Case1875_type_expr (0 ms)
[ RUN      ] GrammarCombinations/ParserGrammarCorpusTest.AcceptsValidGrammar/Case1876_pattern
[       OK ] GrammarCombinations/ParserGrammarCorpusTest.AcceptsValidGrammar/Case1876_pattern (0 ms)
[ RUN      ] GrammarCombinations/ParserGrammarCorpusTest.AcceptsValidGrammar/Case1877_binding_pattern
[       OK ] GrammarCombinations/ParserGrammarCorpusTest.AcceptsValidGrammar/Case1877_binding_pattern (0 ms)
[ RUN      ] GrammarCombinations/ParserGrammarCorpusTest.AcceptsValidGrammar/Case1878_decl
[       OK ] GrammarCombinations/ParserGrammarCorpusTest.AcceptsValidGrammar/Case1878_decl (0 ms)
[ RUN      ] GrammarCombinations/ParserGrammarCorpusTest.AcceptsValidGrammar/Case1879_for_header
[       OK ] GrammarCombinations/ParserGrammarCorpusTest.AcceptsValidGrammar/Case1879_for_header (0 ms)
[ RUN      ] GrammarCombinations/ParserGrammarCorpusTest.AcceptsValidGrammar/Case1880_stmt
[       OK ] GrammarCombinations/ParserGrammarCorpusTest.AcceptsValidGrammar/Case1880_stmt (0 ms)
[ RUN      ] GrammarCombinations/ParserGrammarCorpusTest.AcceptsValidGrammar/Case1881_expr
[       OK ] GrammarCombinations/ParserGrammarCorpusTest.AcceptsValidGrammar/Case1881_expr (0 ms)
[ RUN      ] GrammarCombinations/ParserGrammarCorpusTest.AcceptsValidGrammar/Case1882_expr
[       OK ] GrammarCombinations/ParserGrammarCorpusTest.AcceptsValidGrammar/Case1882_expr (0 ms)
[ RUN      ] GrammarCombinations/ParserGrammarCorpusTest.AcceptsValidGrammar/Case1883_type_expr
[       OK ] GrammarCombinations/ParserGrammarCorpusTest.AcceptsValidGrammar/Case1883_type_expr (0 ms)
[ RUN      ] GrammarCombinations/ParserGrammarCorpusTest.AcceptsValidGrammar/Case1884_pattern
[       OK ] GrammarCombinations/ParserGrammarCorpusTest.AcceptsValidGrammar/Case1884_pattern (0 ms)
[ RUN      ] GrammarCombinations/ParserGrammarCorpusTest.AcceptsValidGrammar/Case1885_binding_pattern
[       OK ] GrammarCombinations/ParserGrammarCorpusTest.AcceptsValidGrammar/Case1885_binding_pattern (0 ms)
[ RUN      ] GrammarCombinations/ParserGrammarCorpusTest.AcceptsValidGrammar/Case1886_decl
[       OK ] GrammarCombinations/ParserGrammarCorpusTest.AcceptsValidGrammar/Case1886_decl (0 ms)
[ RUN      ] GrammarCombinations/ParserGrammarCorpusTest.AcceptsValidGrammar/Case1887_for_header
[       OK ] GrammarCombinations/ParserGrammarCorpusTest.AcceptsValidGrammar/Case1887_for_header (0 ms)
[ RUN      ] GrammarCombinations/ParserGrammarCorpusTest.AcceptsValidGrammar/Case1888_stmt
[       OK ] GrammarCombinations/ParserGrammarCorpusTest.AcceptsValidGrammar/Case1888_stmt (0 ms)
[ RUN      ] GrammarCombinations/ParserGrammarCorpusTest.AcceptsValidGrammar/Case1889_expr
[       OK ] GrammarCombinations/ParserGrammarCorpusTest.AcceptsValidGrammar/Case1889_expr (0 ms)
[ RUN      ] GrammarCombinations/ParserGrammarCorpusTest.AcceptsValidGrammar/Case1890_expr
[       OK ] GrammarCombinations/ParserGrammarCorpusTest.AcceptsValidGrammar/Case1890_expr (0 ms)
[ RUN      ] GrammarCombinations/ParserGrammarCorpusTest.AcceptsValidGrammar/Case1891_type_expr
[       OK ] GrammarCombinations/ParserGrammarCorpusTest.AcceptsValidGrammar/Case1891_type_expr (0 ms)
[ RUN      ] GrammarCombinations/ParserGrammarCorpusTest.AcceptsValidGrammar/Case1892_pattern
[       OK ] GrammarCombinations/ParserGrammarCorpusTest.AcceptsValidGrammar/Case1892_pattern (0 ms)
[ RUN      ] GrammarCombinations/ParserGrammarCorpusTest.AcceptsValidGrammar/Case1893_binding_pattern
[       OK ] GrammarCombinations/ParserGrammarCorpusTest.AcceptsValidGrammar/Case1893_binding_pattern (0 ms)
[ RUN      ] GrammarCombinations/ParserGrammarCorpusTest.AcceptsValidGrammar/Case1894_decl
[       OK ] GrammarCombinations/ParserGrammarCorpusTest.AcceptsValidGrammar/Case1894_decl (0 ms)
[ RUN      ] GrammarCombinations/ParserGrammarCorpusTest.AcceptsValidGrammar/Case1895_for_header
[       OK ] GrammarCombinations/ParserGrammarCorpusTest.AcceptsValidGrammar/Case1895_for_header (0 ms)
[ RUN      ] GrammarCombinations/ParserGrammarCorpusTest.AcceptsValidGrammar/Case1896_stmt
[       OK ] GrammarCombinations/ParserGrammarCorpusTest.AcceptsValidGrammar/Case1896_stmt (0 ms)
[ RUN      ] GrammarCombinations/ParserGrammarCorpusTest.AcceptsValidGrammar/Case1897_expr
[       OK ] GrammarCombinations/ParserGrammarCorpusTest.AcceptsValidGrammar/Case1897_expr (0 ms)
[ RUN      ] GrammarCombinations/ParserGrammarCorpusTest.AcceptsValidGrammar/Case1898_expr
[       OK ] GrammarCombinations/ParserGrammarCorpusTest.AcceptsValidGrammar/Case1898_expr (0 ms)
[ RUN      ] GrammarCombinations/ParserGrammarCorpusTest.AcceptsValidGrammar/Case1899_type_expr
[       OK ] GrammarCombinations/ParserGrammarCorpusTest.AcceptsValidGrammar/Case1899_type_expr (0 ms)
[ RUN      ] GrammarCombinations/ParserGrammarCorpusTest.AcceptsValidGrammar/Case1900_pattern
[       OK ] GrammarCombinations/ParserGrammarCorpusTest.AcceptsValidGrammar/Case1900_pattern (0 ms)
[ RUN      ] GrammarCombinations/ParserGrammarCorpusTest.AcceptsValidGrammar/Case1901_binding_pattern
[       OK ] GrammarCombinations/ParserGrammarCorpusTest.AcceptsValidGrammar/Case1901_binding_pattern (0 ms)
[ RUN      ] GrammarCombinations/ParserGrammarCorpusTest.AcceptsValidGrammar/Case1902_decl
[       OK ] GrammarCombinations/ParserGrammarCorpusTest.AcceptsValidGrammar/Case1902_decl (0 ms)
[ RUN      ] GrammarCombinations/ParserGrammarCorpusTest.AcceptsValidGrammar/Case1903_for_header
[       OK ] GrammarCombinations/ParserGrammarCorpusTest.AcceptsValidGrammar/Case1903_for_header (0 ms)
[ RUN      ] GrammarCombinations/ParserGrammarCorpusTest.AcceptsValidGrammar/Case1904_stmt
[       OK ] GrammarCombinations/ParserGrammarCorpusTest.AcceptsValidGrammar/Case1904_stmt (0 ms)
[ RUN      ] GrammarCombinations/ParserGrammarCorpusTest.AcceptsValidGrammar/Case1905_expr
[       OK ] GrammarCombinations/ParserGrammarCorpusTest.AcceptsValidGrammar/Case1905_expr (0 ms)
[ RUN      ] GrammarCombinations/ParserGrammarCorpusTest.AcceptsValidGrammar/Case1906_expr
[       OK ] GrammarCombinations/ParserGrammarCorpusTest.AcceptsValidGrammar/Case1906_expr (0 ms)
[ RUN      ] GrammarCombinations/ParserGrammarCorpusTest.AcceptsValidGrammar/Case1907_type_expr
[       OK ] GrammarCombinations/ParserGrammarCorpusTest.AcceptsValidGrammar/Case1907_type_expr (0 ms)
[ RUN      ] GrammarCombinations/ParserGrammarCorpusTest.AcceptsValidGrammar/Case1908_pattern
[       OK ] GrammarCombinations/ParserGrammarCorpusTest.AcceptsValidGrammar/Case1908_pattern (0 ms)
[ RUN      ] GrammarCombinations/ParserGrammarCorpusTest.AcceptsValidGrammar/Case1909_binding_pattern
[       OK ] GrammarCombinations/ParserGrammarCorpusTest.AcceptsValidGrammar/Case1909_binding_pattern (0 ms)
[ RUN      ] GrammarCombinations/ParserGrammarCorpusTest.AcceptsValidGrammar/Case1910_decl
[       OK ] GrammarCombinations/ParserGrammarCorpusTest.AcceptsValidGrammar/Case1910_decl (0 ms)
[ RUN      ] GrammarCombinations/ParserGrammarCorpusTest.AcceptsValidGrammar/Case1911_for_header
[       OK ] GrammarCombinations/ParserGrammarCorpusTest.AcceptsValidGrammar/Case1911_for_header (0 ms)
[ RUN      ] GrammarCombinations/ParserGrammarCorpusTest.AcceptsValidGrammar/Case1912_stmt
[       OK ] GrammarCombinations/ParserGrammarCorpusTest.AcceptsValidGrammar/Case1912_stmt (0 ms)
[ RUN      ] GrammarCombinations/ParserGrammarCorpusTest.AcceptsValidGrammar/Case1913_expr
[       OK ] GrammarCombinations/ParserGrammarCorpusTest.AcceptsValidGrammar/Case1913_expr (0 ms)
[ RUN      ] GrammarCombinations/ParserGrammarCorpusTest.AcceptsValidGrammar/Case1914_expr
[       OK ] GrammarCombinations/ParserGrammarCorpusTest.AcceptsValidGrammar/Case1914_expr (0 ms)
[ RUN      ] GrammarCombinations/ParserGrammarCorpusTest.AcceptsValidGrammar/Case1915_type_expr
[       OK ] GrammarCombinations/ParserGrammarCorpusTest.AcceptsValidGrammar/Case1915_type_expr (0 ms)
[ RUN      ] GrammarCombinations/ParserGrammarCorpusTest.AcceptsValidGrammar/Case1916_pattern
[       OK ] GrammarCombinations/ParserGrammarCorpusTest.AcceptsValidGrammar/Case1916_pattern (0 ms)
[ RUN      ] GrammarCombinations/ParserGrammarCorpusTest.AcceptsValidGrammar/Case1917_binding_pattern
[       OK ] GrammarCombinations/ParserGrammarCorpusTest.AcceptsValidGrammar/Case1917_binding_pattern (0 ms)
[ RUN      ] GrammarCombinations/ParserGrammarCorpusTest.AcceptsValidGrammar/Case1918_decl
[       OK ] GrammarCombinations/ParserGrammarCorpusTest.AcceptsValidGrammar/Case1918_decl (0 ms)
[ RUN      ] GrammarCombinations/ParserGrammarCorpusTest.AcceptsValidGrammar/Case1919_for_header
[       OK ] GrammarCombinations/ParserGrammarCorpusTest.AcceptsValidGrammar/Case1919_for_header (0 ms)
[ RUN      ] GrammarCombinations/ParserGrammarCorpusTest.AcceptsValidGrammar/Case1920_stmt
[       OK ] GrammarCombinations/ParserGrammarCorpusTest.AcceptsValidGrammar/Case1920_stmt (0 ms)
[ RUN      ] GrammarCombinations/ParserGrammarCorpusTest.AcceptsValidGrammar/Case1921_expr
[       OK ] GrammarCombinations/ParserGrammarCorpusTest.AcceptsValidGrammar/Case1921_expr (0 ms)
[ RUN      ] GrammarCombinations/ParserGrammarCorpusTest.AcceptsValidGrammar/Case1922_expr
[       OK ] GrammarCombinations/ParserGrammarCorpusTest.AcceptsValidGrammar/Case1922_expr (0 ms)
[ RUN      ] GrammarCombinations/ParserGrammarCorpusTest.AcceptsValidGrammar/Case1923_type_expr
[       OK ] GrammarCombinations/ParserGrammarCorpusTest.AcceptsValidGrammar/Case1923_type_expr (0 ms)
[ RUN      ] GrammarCombinations/ParserGrammarCorpusTest.AcceptsValidGrammar/Case1924_pattern
[       OK ] GrammarCombinations/ParserGrammarCorpusTest.AcceptsValidGrammar/Case1924_pattern (0 ms)
[ RUN      ] GrammarCombinations/ParserGrammarCorpusTest.AcceptsValidGrammar/Case1925_binding_pattern
[       OK ] GrammarCombinations/ParserGrammarCorpusTest.AcceptsValidGrammar/Case1925_binding_pattern (0 ms)
[ RUN      ] GrammarCombinations/ParserGrammarCorpusTest.AcceptsValidGrammar/Case1926_decl
[       OK ] GrammarCombinations/ParserGrammarCorpusTest.AcceptsValidGrammar/Case1926_decl (0 ms)
[ RUN      ] GrammarCombinations/ParserGrammarCorpusTest.AcceptsValidGrammar/Case1927_for_header
[       OK ] GrammarCombinations/ParserGrammarCorpusTest.AcceptsValidGrammar/Case1927_for_header (0 ms)
[ RUN      ] GrammarCombinations/ParserGrammarCorpusTest.AcceptsValidGrammar/Case1928_stmt
[       OK ] GrammarCombinations/ParserGrammarCorpusTest.AcceptsValidGrammar/Case1928_stmt (0 ms)
[ RUN      ] GrammarCombinations/ParserGrammarCorpusTest.AcceptsValidGrammar/Case1929_expr
[       OK ] GrammarCombinations/ParserGrammarCorpusTest.AcceptsValidGrammar/Case1929_expr (0 ms)
[ RUN      ] GrammarCombinations/ParserGrammarCorpusTest.AcceptsValidGrammar/Case1930_expr
[       OK ] GrammarCombinations/ParserGrammarCorpusTest.AcceptsValidGrammar/Case1930_expr (0 ms)
[ RUN      ] GrammarCombinations/ParserGrammarCorpusTest.AcceptsValidGrammar/Case1931_type_expr
[       OK ] GrammarCombinations/ParserGrammarCorpusTest.AcceptsValidGrammar/Case1931_type_expr (0 ms)
[ RUN      ] GrammarCombinations/ParserGrammarCorpusTest.AcceptsValidGrammar/Case1932_pattern
[       OK ] GrammarCombinations/ParserGrammarCorpusTest.AcceptsValidGrammar/Case1932_pattern (0 ms)
[ RUN      ] GrammarCombinations/ParserGrammarCorpusTest.AcceptsValidGrammar/Case1933_binding_pattern
[       OK ] GrammarCombinations/ParserGrammarCorpusTest.AcceptsValidGrammar/Case1933_binding_pattern (0 ms)
[ RUN      ] GrammarCombinations/ParserGrammarCorpusTest.AcceptsValidGrammar/Case1934_decl
[       OK ] GrammarCombinations/ParserGrammarCorpusTest.AcceptsValidGrammar/Case1934_decl (0 ms)
[ RUN      ] GrammarCombinations/ParserGrammarCorpusTest.AcceptsValidGrammar/Case1935_for_header
[       OK ] GrammarCombinations/ParserGrammarCorpusTest.AcceptsValidGrammar/Case1935_for_header (0 ms)
[ RUN      ] GrammarCombinations/ParserGrammarCorpusTest.AcceptsValidGrammar/Case1936_stmt
[       OK ] GrammarCombinations/ParserGrammarCorpusTest.AcceptsValidGrammar/Case1936_stmt (0 ms)
[ RUN      ] GrammarCombinations/ParserGrammarCorpusTest.AcceptsValidGrammar/Case1937_expr
[       OK ] GrammarCombinations/ParserGrammarCorpusTest.AcceptsValidGrammar/Case1937_expr (0 ms)
[ RUN      ] GrammarCombinations/ParserGrammarCorpusTest.AcceptsValidGrammar/Case1938_expr
[       OK ] GrammarCombinations/ParserGrammarCorpusTest.AcceptsValidGrammar/Case1938_expr (0 ms)
[ RUN      ] GrammarCombinations/ParserGrammarCorpusTest.AcceptsValidGrammar/Case1939_type_expr
[       OK ] GrammarCombinations/ParserGrammarCorpusTest.AcceptsValidGrammar/Case1939_type_expr (0 ms)
[ RUN      ] GrammarCombinations/ParserGrammarCorpusTest.AcceptsValidGrammar/Case1940_pattern
[       OK ] GrammarCombinations/ParserGrammarCorpusTest.AcceptsValidGrammar/Case1940_pattern (0 ms)
[ RUN      ] GrammarCombinations/ParserGrammarCorpusTest.AcceptsValidGrammar/Case1941_binding_pattern
[       OK ] GrammarCombinations/ParserGrammarCorpusTest.AcceptsValidGrammar/Case1941_binding_pattern (0 ms)
[ RUN      ] GrammarCombinations/ParserGrammarCorpusTest.AcceptsValidGrammar/Case1942_decl
[       OK ] GrammarCombinations/ParserGrammarCorpusTest.AcceptsValidGrammar/Case1942_decl (0 ms)
[ RUN      ] GrammarCombinations/ParserGrammarCorpusTest.AcceptsValidGrammar/Case1943_for_header
[       OK ] GrammarCombinations/ParserGrammarCorpusTest.AcceptsValidGrammar/Case1943_for_header (0 ms)
[ RUN      ] GrammarCombinations/ParserGrammarCorpusTest.AcceptsValidGrammar/Case1944_stmt
[       OK ] GrammarCombinations/ParserGrammarCorpusTest.AcceptsValidGrammar/Case1944_stmt (0 ms)
[ RUN      ] GrammarCombinations/ParserGrammarCorpusTest.AcceptsValidGrammar/Case1945_expr
[       OK ] GrammarCombinations/ParserGrammarCorpusTest.AcceptsValidGrammar/Case1945_expr (0 ms)
[ RUN      ] GrammarCombinations/ParserGrammarCorpusTest.AcceptsValidGrammar/Case1946_expr
[       OK ] GrammarCombinations/ParserGrammarCorpusTest.AcceptsValidGrammar/Case1946_expr (0 ms)
[ RUN      ] GrammarCombinations/ParserGrammarCorpusTest.AcceptsValidGrammar/Case1947_type_expr
[       OK ] GrammarCombinations/ParserGrammarCorpusTest.AcceptsValidGrammar/Case1947_type_expr (0 ms)
[ RUN      ] GrammarCombinations/ParserGrammarCorpusTest.AcceptsValidGrammar/Case1948_pattern
[       OK ] GrammarCombinations/ParserGrammarCorpusTest.AcceptsValidGrammar/Case1948_pattern (0 ms)
[ RUN      ] GrammarCombinations/ParserGrammarCorpusTest.AcceptsValidGrammar/Case1949_binding_pattern
[       OK ] GrammarCombinations/ParserGrammarCorpusTest.AcceptsValidGrammar/Case1949_binding_pattern (0 ms)
[ RUN      ] GrammarCombinations/ParserGrammarCorpusTest.AcceptsValidGrammar/Case1950_decl
[       OK ] GrammarCombinations/ParserGrammarCorpusTest.AcceptsValidGrammar/Case1950_decl (0 ms)
[ RUN      ] GrammarCombinations/ParserGrammarCorpusTest.AcceptsValidGrammar/Case1951_for_header
[       OK ] GrammarCombinations/ParserGrammarCorpusTest.AcceptsValidGrammar/Case1951_for_header (0 ms)
[ RUN      ] GrammarCombinations/ParserGrammarCorpusTest.AcceptsValidGrammar/Case1952_stmt
[       OK ] GrammarCombinations/ParserGrammarCorpusTest.AcceptsValidGrammar/Case1952_stmt (0 ms)
[ RUN      ] GrammarCombinations/ParserGrammarCorpusTest.AcceptsValidGrammar/Case1953_expr
[       OK ] GrammarCombinations/ParserGrammarCorpusTest.AcceptsValidGrammar/Case1953_expr (0 ms)
[ RUN      ] GrammarCombinations/ParserGrammarCorpusTest.AcceptsValidGrammar/Case1954_expr
[       OK ] GrammarCombinations/ParserGrammarCorpusTest.AcceptsValidGrammar/Case1954_expr (0 ms)
[ RUN      ] GrammarCombinations/ParserGrammarCorpusTest.AcceptsValidGrammar/Case1955_type_expr
[       OK ] GrammarCombinations/ParserGrammarCorpusTest.AcceptsValidGrammar/Case1955_type_expr (0 ms)
[ RUN      ] GrammarCombinations/ParserGrammarCorpusTest.AcceptsValidGrammar/Case1956_pattern
[       OK ] GrammarCombinations/ParserGrammarCorpusTest.AcceptsValidGrammar/Case1956_pattern (0 ms)
[ RUN      ] GrammarCombinations/ParserGrammarCorpusTest.AcceptsValidGrammar/Case1957_binding_pattern
[       OK ] GrammarCombinations/ParserGrammarCorpusTest.AcceptsValidGrammar/Case1957_binding_pattern (0 ms)
[ RUN      ] GrammarCombinations/ParserGrammarCorpusTest.AcceptsValidGrammar/Case1958_decl
[       OK ] GrammarCombinations/ParserGrammarCorpusTest.AcceptsValidGrammar/Case1958_decl (0 ms)
[ RUN      ] GrammarCombinations/ParserGrammarCorpusTest.AcceptsValidGrammar/Case1959_for_header
[       OK ] GrammarCombinations/ParserGrammarCorpusTest.AcceptsValidGrammar/Case1959_for_header (0 ms)
[ RUN      ] GrammarCombinations/ParserGrammarCorpusTest.AcceptsValidGrammar/Case1960_stmt
[       OK ] GrammarCombinations/ParserGrammarCorpusTest.AcceptsValidGrammar/Case1960_stmt (0 ms)
[ RUN      ] GrammarCombinations/ParserGrammarCorpusTest.AcceptsValidGrammar/Case1961_expr
[       OK ] GrammarCombinations/ParserGrammarCorpusTest.AcceptsValidGrammar/Case1961_expr (0 ms)
[ RUN      ] GrammarCombinations/ParserGrammarCorpusTest.AcceptsValidGrammar/Case1962_expr
[       OK ] GrammarCombinations/ParserGrammarCorpusTest.AcceptsValidGrammar/Case1962_expr (0 ms)
[ RUN      ] GrammarCombinations/ParserGrammarCorpusTest.AcceptsValidGrammar/Case1963_type_expr
[       OK ] GrammarCombinations/ParserGrammarCorpusTest.AcceptsValidGrammar/Case1963_type_expr (0 ms)
[ RUN      ] GrammarCombinations/ParserGrammarCorpusTest.AcceptsValidGrammar/Case1964_pattern
[       OK ] GrammarCombinations/ParserGrammarCorpusTest.AcceptsValidGrammar/Case1964_pattern (0 ms)
[ RUN      ] GrammarCombinations/ParserGrammarCorpusTest.AcceptsValidGrammar/Case1965_binding_pattern
[       OK ] GrammarCombinations/ParserGrammarCorpusTest.AcceptsValidGrammar/Case1965_binding_pattern (0 ms)
[ RUN      ] GrammarCombinations/ParserGrammarCorpusTest.AcceptsValidGrammar/Case1966_decl
[       OK ] GrammarCombinations/ParserGrammarCorpusTest.AcceptsValidGrammar/Case1966_decl (0 ms)
[ RUN      ] GrammarCombinations/ParserGrammarCorpusTest.AcceptsValidGrammar/Case1967_for_header
[       OK ] GrammarCombinations/ParserGrammarCorpusTest.AcceptsValidGrammar/Case1967_for_header (0 ms)
[ RUN      ] GrammarCombinations/ParserGrammarCorpusTest.AcceptsValidGrammar/Case1968_stmt
[       OK ] GrammarCombinations/ParserGrammarCorpusTest.AcceptsValidGrammar/Case1968_stmt (0 ms)
[ RUN      ] GrammarCombinations/ParserGrammarCorpusTest.AcceptsValidGrammar/Case1969_expr
[       OK ] GrammarCombinations/ParserGrammarCorpusTest.AcceptsValidGrammar/Case1969_expr (0 ms)
[ RUN      ] GrammarCombinations/ParserGrammarCorpusTest.AcceptsValidGrammar/Case1970_expr
[       OK ] GrammarCombinations/ParserGrammarCorpusTest.AcceptsValidGrammar/Case1970_expr (0 ms)
[ RUN      ] GrammarCombinations/ParserGrammarCorpusTest.AcceptsValidGrammar/Case1971_type_expr
[       OK ] GrammarCombinations/ParserGrammarCorpusTest.AcceptsValidGrammar/Case1971_type_expr (0 ms)
[ RUN      ] GrammarCombinations/ParserGrammarCorpusTest.AcceptsValidGrammar/Case1972_pattern
[       OK ] GrammarCombinations/ParserGrammarCorpusTest.AcceptsValidGrammar/Case1972_pattern (0 ms)
[ RUN      ] GrammarCombinations/ParserGrammarCorpusTest.AcceptsValidGrammar/Case1973_binding_pattern
[       OK ] GrammarCombinations/ParserGrammarCorpusTest.AcceptsValidGrammar/Case1973_binding_pattern (0 ms)
[ RUN      ] GrammarCombinations/ParserGrammarCorpusTest.AcceptsValidGrammar/Case1974_decl
[       OK ] GrammarCombinations/ParserGrammarCorpusTest.AcceptsValidGrammar/Case1974_decl (0 ms)
[ RUN      ] GrammarCombinations/ParserGrammarCorpusTest.AcceptsValidGrammar/Case1975_for_header
[       OK ] GrammarCombinations/ParserGrammarCorpusTest.AcceptsValidGrammar/Case1975_for_header (0 ms)
[ RUN      ] GrammarCombinations/ParserGrammarCorpusTest.AcceptsValidGrammar/Case1976_stmt
[       OK ] GrammarCombinations/ParserGrammarCorpusTest.AcceptsValidGrammar/Case1976_stmt (0 ms)
[ RUN      ] GrammarCombinations/ParserGrammarCorpusTest.AcceptsValidGrammar/Case1977_expr
[       OK ] GrammarCombinations/ParserGrammarCorpusTest.AcceptsValidGrammar/Case1977_expr (0 ms)
[ RUN      ] GrammarCombinations/ParserGrammarCorpusTest.AcceptsValidGrammar/Case1978_expr
[       OK ] GrammarCombinations/ParserGrammarCorpusTest.AcceptsValidGrammar/Case1978_expr (0 ms)
[ RUN      ] GrammarCombinations/ParserGrammarCorpusTest.AcceptsValidGrammar/Case1979_type_expr
[       OK ] GrammarCombinations/ParserGrammarCorpusTest.AcceptsValidGrammar/Case1979_type_expr (0 ms)
[ RUN      ] GrammarCombinations/ParserGrammarCorpusTest.AcceptsValidGrammar/Case1980_pattern
[       OK ] GrammarCombinations/ParserGrammarCorpusTest.AcceptsValidGrammar/Case1980_pattern (0 ms)
[ RUN      ] GrammarCombinations/ParserGrammarCorpusTest.AcceptsValidGrammar/Case1981_binding_pattern
[       OK ] GrammarCombinations/ParserGrammarCorpusTest.AcceptsValidGrammar/Case1981_binding_pattern (0 ms)
[ RUN      ] GrammarCombinations/ParserGrammarCorpusTest.AcceptsValidGrammar/Case1982_decl
[       OK ] GrammarCombinations/ParserGrammarCorpusTest.AcceptsValidGrammar/Case1982_decl (0 ms)
[ RUN      ] GrammarCombinations/ParserGrammarCorpusTest.AcceptsValidGrammar/Case1983_for_header
[       OK ] GrammarCombinations/ParserGrammarCorpusTest.AcceptsValidGrammar/Case1983_for_header (0 ms)
[ RUN      ] GrammarCombinations/ParserGrammarCorpusTest.AcceptsValidGrammar/Case1984_stmt
[       OK ] GrammarCombinations/ParserGrammarCorpusTest.AcceptsValidGrammar/Case1984_stmt (0 ms)
[ RUN      ] GrammarCombinations/ParserGrammarCorpusTest.AcceptsValidGrammar/Case1985_expr
[       OK ] GrammarCombinations/ParserGrammarCorpusTest.AcceptsValidGrammar/Case1985_expr (0 ms)
[ RUN      ] GrammarCombinations/ParserGrammarCorpusTest.AcceptsValidGrammar/Case1986_expr
[       OK ] GrammarCombinations/ParserGrammarCorpusTest.AcceptsValidGrammar/Case1986_expr (0 ms)
[ RUN      ] GrammarCombinations/ParserGrammarCorpusTest.AcceptsValidGrammar/Case1987_type_expr
[       OK ] GrammarCombinations/ParserGrammarCorpusTest.AcceptsValidGrammar/Case1987_type_expr (0 ms)
[ RUN      ] GrammarCombinations/ParserGrammarCorpusTest.AcceptsValidGrammar/Case1988_pattern
[       OK ] GrammarCombinations/ParserGrammarCorpusTest.AcceptsValidGrammar/Case1988_pattern (0 ms)
[ RUN      ] GrammarCombinations/ParserGrammarCorpusTest.AcceptsValidGrammar/Case1989_binding_pattern
[       OK ] GrammarCombinations/ParserGrammarCorpusTest.AcceptsValidGrammar/Case1989_binding_pattern (0 ms)
[ RUN      ] GrammarCombinations/ParserGrammarCorpusTest.AcceptsValidGrammar/Case1990_decl
[       OK ] GrammarCombinations/ParserGrammarCorpusTest.AcceptsValidGrammar/Case1990_decl (0 ms)
[ RUN      ] GrammarCombinations/ParserGrammarCorpusTest.AcceptsValidGrammar/Case1991_for_header
[       OK ] GrammarCombinations/ParserGrammarCorpusTest.AcceptsValidGrammar/Case1991_for_header (0 ms)
[ RUN      ] GrammarCombinations/ParserGrammarCorpusTest.AcceptsValidGrammar/Case1992_stmt
[       OK ] GrammarCombinations/ParserGrammarCorpusTest.AcceptsValidGrammar/Case1992_stmt (0 ms)
[ RUN      ] GrammarCombinations/ParserGrammarCorpusTest.AcceptsValidGrammar/Case1993_expr
[       OK ] GrammarCombinations/ParserGrammarCorpusTest.AcceptsValidGrammar/Case1993_expr (0 ms)
[ RUN      ] GrammarCombinations/ParserGrammarCorpusTest.AcceptsValidGrammar/Case1994_expr
[       OK ] GrammarCombinations/ParserGrammarCorpusTest.AcceptsValidGrammar/Case1994_expr (0 ms)
[ RUN      ] GrammarCombinations/ParserGrammarCorpusTest.AcceptsValidGrammar/Case1995_type_expr
[       OK ] GrammarCombinations/ParserGrammarCorpusTest.AcceptsValidGrammar/Case1995_type_expr (0 ms)
[ RUN      ] GrammarCombinations/ParserGrammarCorpusTest.AcceptsValidGrammar/Case1996_pattern
[       OK ] GrammarCombinations/ParserGrammarCorpusTest.AcceptsValidGrammar/Case1996_pattern (0 ms)
[ RUN      ] GrammarCombinations/ParserGrammarCorpusTest.AcceptsValidGrammar/Case1997_binding_pattern
[       OK ] GrammarCombinations/ParserGrammarCorpusTest.AcceptsValidGrammar/Case1997_binding_pattern (0 ms)
[ RUN      ] GrammarCombinations/ParserGrammarCorpusTest.AcceptsValidGrammar/Case1998_decl
[       OK ] GrammarCombinations/ParserGrammarCorpusTest.AcceptsValidGrammar/Case1998_decl (0 ms)
[ RUN      ] GrammarCombinations/ParserGrammarCorpusTest.AcceptsValidGrammar/Case1999_for_header
[       OK ] GrammarCombinations/ParserGrammarCorpusTest.AcceptsValidGrammar/Case1999_for_header (0 ms)
[ RUN      ] GrammarCombinations/ParserGrammarCorpusTest.AcceptsValidGrammar/Case2000_stmt
[       OK ] GrammarCombinations/ParserGrammarCorpusTest.AcceptsValidGrammar/Case2000_stmt (0 ms)
[ RUN      ] GrammarCombinations/ParserGrammarCorpusTest.AcceptsValidGrammar/Case2001_expr
[       OK ] GrammarCombinations/ParserGrammarCorpusTest.AcceptsValidGrammar/Case2001_expr (0 ms)
[ RUN      ] GrammarCombinations/ParserGrammarCorpusTest.AcceptsValidGrammar/Case2002_expr
[       OK ] GrammarCombinations/ParserGrammarCorpusTest.AcceptsValidGrammar/Case2002_expr (0 ms)
[ RUN      ] GrammarCombinations/ParserGrammarCorpusTest.AcceptsValidGrammar/Case2003_type_expr
[       OK ] GrammarCombinations/ParserGrammarCorpusTest.AcceptsValidGrammar/Case2003_type_expr (0 ms)
[ RUN      ] GrammarCombinations/ParserGrammarCorpusTest.AcceptsValidGrammar/Case2004_pattern
[       OK ] GrammarCombinations/ParserGrammarCorpusTest.AcceptsValidGrammar/Case2004_pattern (0 ms)
[ RUN      ] GrammarCombinations/ParserGrammarCorpusTest.AcceptsValidGrammar/Case2005_binding_pattern
[       OK ] GrammarCombinations/ParserGrammarCorpusTest.AcceptsValidGrammar/Case2005_binding_pattern (0 ms)
[ RUN      ] GrammarCombinations/ParserGrammarCorpusTest.AcceptsValidGrammar/Case2006_decl
[       OK ] GrammarCombinations/ParserGrammarCorpusTest.AcceptsValidGrammar/Case2006_decl (0 ms)
[ RUN      ] GrammarCombinations/ParserGrammarCorpusTest.AcceptsValidGrammar/Case2007_for_header
[       OK ] GrammarCombinations/ParserGrammarCorpusTest.AcceptsValidGrammar/Case2007_for_header (0 ms)
[ RUN      ] GrammarCombinations/ParserGrammarCorpusTest.AcceptsValidGrammar/Case2008_stmt
[       OK ] GrammarCombinations/ParserGrammarCorpusTest.AcceptsValidGrammar/Case2008_stmt (0 ms)
[ RUN      ] GrammarCombinations/ParserGrammarCorpusTest.AcceptsValidGrammar/Case2009_expr
[       OK ] GrammarCombinations/ParserGrammarCorpusTest.AcceptsValidGrammar/Case2009_expr (0 ms)
[ RUN      ] GrammarCombinations/ParserGrammarCorpusTest.AcceptsValidGrammar/Case2010_expr
[       OK ] GrammarCombinations/ParserGrammarCorpusTest.AcceptsValidGrammar/Case2010_expr (0 ms)
[ RUN      ] GrammarCombinations/ParserGrammarCorpusTest.AcceptsValidGrammar/Case2011_type_expr
[       OK ] GrammarCombinations/ParserGrammarCorpusTest.AcceptsValidGrammar/Case2011_type_expr (0 ms)
[ RUN      ] GrammarCombinations/ParserGrammarCorpusTest.AcceptsValidGrammar/Case2012_pattern
[       OK ] GrammarCombinations/ParserGrammarCorpusTest.AcceptsValidGrammar/Case2012_pattern (0 ms)
[ RUN      ] GrammarCombinations/ParserGrammarCorpusTest.AcceptsValidGrammar/Case2013_binding_pattern
[       OK ] GrammarCombinations/ParserGrammarCorpusTest.AcceptsValidGrammar/Case2013_binding_pattern (0 ms)
[ RUN      ] GrammarCombinations/ParserGrammarCorpusTest.AcceptsValidGrammar/Case2014_decl
[       OK ] GrammarCombinations/ParserGrammarCorpusTest.AcceptsValidGrammar/Case2014_decl (0 ms)
[ RUN      ] GrammarCombinations/ParserGrammarCorpusTest.AcceptsValidGrammar/Case2015_for_header
[       OK ] GrammarCombinations/ParserGrammarCorpusTest.AcceptsValidGrammar/Case2015_for_header (0 ms)
[ RUN      ] GrammarCombinations/ParserGrammarCorpusTest.AcceptsValidGrammar/Case2016_stmt
[       OK ] GrammarCombinations/ParserGrammarCorpusTest.AcceptsValidGrammar/Case2016_stmt (0 ms)
[ RUN      ] GrammarCombinations/ParserGrammarCorpusTest.AcceptsValidGrammar/Case2017_expr
[       OK ] GrammarCombinations/ParserGrammarCorpusTest.AcceptsValidGrammar/Case2017_expr (0 ms)
[ RUN      ] GrammarCombinations/ParserGrammarCorpusTest.AcceptsValidGrammar/Case2018_expr
[       OK ] GrammarCombinations/ParserGrammarCorpusTest.AcceptsValidGrammar/Case2018_expr (0 ms)
[ RUN      ] GrammarCombinations/ParserGrammarCorpusTest.AcceptsValidGrammar/Case2019_type_expr
[       OK ] GrammarCombinations/ParserGrammarCorpusTest.AcceptsValidGrammar/Case2019_type_expr (0 ms)
[ RUN      ] GrammarCombinations/ParserGrammarCorpusTest.AcceptsValidGrammar/Case2020_pattern
[       OK ] GrammarCombinations/ParserGrammarCorpusTest.AcceptsValidGrammar/Case2020_pattern (0 ms)
[ RUN      ] GrammarCombinations/ParserGrammarCorpusTest.AcceptsValidGrammar/Case2021_binding_pattern
[       OK ] GrammarCombinations/ParserGrammarCorpusTest.AcceptsValidGrammar/Case2021_binding_pattern (0 ms)
[ RUN      ] GrammarCombinations/ParserGrammarCorpusTest.AcceptsValidGrammar/Case2022_decl
[       OK ] GrammarCombinations/ParserGrammarCorpusTest.AcceptsValidGrammar/Case2022_decl (0 ms)
[ RUN      ] GrammarCombinations/ParserGrammarCorpusTest.AcceptsValidGrammar/Case2023_for_header
[       OK ] GrammarCombinations/ParserGrammarCorpusTest.AcceptsValidGrammar/Case2023_for_header (0 ms)
[ RUN      ] GrammarCombinations/ParserGrammarCorpusTest.AcceptsValidGrammar/Case2024_stmt
[       OK ] GrammarCombinations/ParserGrammarCorpusTest.AcceptsValidGrammar/Case2024_stmt (0 ms)
[ RUN      ] GrammarCombinations/ParserGrammarCorpusTest.AcceptsValidGrammar/Case2025_expr
[       OK ] GrammarCombinations/ParserGrammarCorpusTest.AcceptsValidGrammar/Case2025_expr (0 ms)
[ RUN      ] GrammarCombinations/ParserGrammarCorpusTest.AcceptsValidGrammar/Case2026_expr
[       OK ] GrammarCombinations/ParserGrammarCorpusTest.AcceptsValidGrammar/Case2026_expr (0 ms)
[ RUN      ] GrammarCombinations/ParserGrammarCorpusTest.AcceptsValidGrammar/Case2027_type_expr
[       OK ] GrammarCombinations/ParserGrammarCorpusTest.AcceptsValidGrammar/Case2027_type_expr (0 ms)
[ RUN      ] GrammarCombinations/ParserGrammarCorpusTest.AcceptsValidGrammar/Case2028_pattern
[       OK ] GrammarCombinations/ParserGrammarCorpusTest.AcceptsValidGrammar/Case2028_pattern (0 ms)
[ RUN      ] GrammarCombinations/ParserGrammarCorpusTest.AcceptsValidGrammar/Case2029_binding_pattern
[       OK ] GrammarCombinations/ParserGrammarCorpusTest.AcceptsValidGrammar/Case2029_binding_pattern (0 ms)
[ RUN      ] GrammarCombinations/ParserGrammarCorpusTest.AcceptsValidGrammar/Case2030_decl
[       OK ] GrammarCombinations/ParserGrammarCorpusTest.AcceptsValidGrammar/Case2030_decl (0 ms)
[ RUN      ] GrammarCombinations/ParserGrammarCorpusTest.AcceptsValidGrammar/Case2031_for_header
[       OK ] GrammarCombinations/ParserGrammarCorpusTest.AcceptsValidGrammar/Case2031_for_header (0 ms)
[ RUN      ] GrammarCombinations/ParserGrammarCorpusTest.AcceptsValidGrammar/Case2032_stmt
[       OK ] GrammarCombinations/ParserGrammarCorpusTest.AcceptsValidGrammar/Case2032_stmt (0 ms)
[ RUN      ] GrammarCombinations/ParserGrammarCorpusTest.AcceptsValidGrammar/Case2033_expr
[       OK ] GrammarCombinations/ParserGrammarCorpusTest.AcceptsValidGrammar/Case2033_expr (0 ms)
[ RUN      ] GrammarCombinations/ParserGrammarCorpusTest.AcceptsValidGrammar/Case2034_expr
[       OK ] GrammarCombinations/ParserGrammarCorpusTest.AcceptsValidGrammar/Case2034_expr (0 ms)
[ RUN      ] GrammarCombinations/ParserGrammarCorpusTest.AcceptsValidGrammar/Case2035_type_expr
[       OK ] GrammarCombinations/ParserGrammarCorpusTest.AcceptsValidGrammar/Case2035_type_expr (0 ms)
[ RUN      ] GrammarCombinations/ParserGrammarCorpusTest.AcceptsValidGrammar/Case2036_pattern
[       OK ] GrammarCombinations/ParserGrammarCorpusTest.AcceptsValidGrammar/Case2036_pattern (0 ms)
[ RUN      ] GrammarCombinations/ParserGrammarCorpusTest.AcceptsValidGrammar/Case2037_binding_pattern
[       OK ] GrammarCombinations/ParserGrammarCorpusTest.AcceptsValidGrammar/Case2037_binding_pattern (0 ms)
[ RUN      ] GrammarCombinations/ParserGrammarCorpusTest.AcceptsValidGrammar/Case2038_decl
[       OK ] GrammarCombinations/ParserGrammarCorpusTest.AcceptsValidGrammar/Case2038_decl (0 ms)
[ RUN      ] GrammarCombinations/ParserGrammarCorpusTest.AcceptsValidGrammar/Case2039_for_header
[       OK ] GrammarCombinations/ParserGrammarCorpusTest.AcceptsValidGrammar/Case2039_for_header (0 ms)
[ RUN      ] GrammarCombinations/ParserGrammarCorpusTest.AcceptsValidGrammar/Case2040_stmt
[       OK ] GrammarCombinations/ParserGrammarCorpusTest.AcceptsValidGrammar/Case2040_stmt (0 ms)
[ RUN      ] GrammarCombinations/ParserGrammarCorpusTest.AcceptsValidGrammar/Case2041_expr
[       OK ] GrammarCombinations/ParserGrammarCorpusTest.AcceptsValidGrammar/Case2041_expr (0 ms)
[ RUN      ] GrammarCombinations/ParserGrammarCorpusTest.AcceptsValidGrammar/Case2042_expr
[       OK ] GrammarCombinations/ParserGrammarCorpusTest.AcceptsValidGrammar/Case2042_expr (0 ms)
[ RUN      ] GrammarCombinations/ParserGrammarCorpusTest.AcceptsValidGrammar/Case2043_type_expr
[       OK ] GrammarCombinations/ParserGrammarCorpusTest.AcceptsValidGrammar/Case2043_type_expr (0 ms)
[ RUN      ] GrammarCombinations/ParserGrammarCorpusTest.AcceptsValidGrammar/Case2044_pattern
[       OK ] GrammarCombinations/ParserGrammarCorpusTest.AcceptsValidGrammar/Case2044_pattern (0 ms)
[ RUN      ] GrammarCombinations/ParserGrammarCorpusTest.AcceptsValidGrammar/Case2045_binding_pattern
[       OK ] GrammarCombinations/ParserGrammarCorpusTest.AcceptsValidGrammar/Case2045_binding_pattern (0 ms)
[ RUN      ] GrammarCombinations/ParserGrammarCorpusTest.AcceptsValidGrammar/Case2046_decl
[       OK ] GrammarCombinations/ParserGrammarCorpusTest.AcceptsValidGrammar/Case2046_decl (0 ms)
[ RUN      ] GrammarCombinations/ParserGrammarCorpusTest.AcceptsValidGrammar/Case2047_for_header
[       OK ] GrammarCombinations/ParserGrammarCorpusTest.AcceptsValidGrammar/Case2047_for_header (0 ms)
[ RUN      ] GrammarCombinations/ParserGrammarCorpusTest.AcceptsValidGrammar/Case2048_stmt
[       OK ] GrammarCombinations/ParserGrammarCorpusTest.AcceptsValidGrammar/Case2048_stmt (0 ms)
[ RUN      ] GrammarCombinations/ParserGrammarCorpusTest.AcceptsValidGrammar/Case2049_expr
[       OK ] GrammarCombinations/ParserGrammarCorpusTest.AcceptsValidGrammar/Case2049_expr (0 ms)
[ RUN      ] GrammarCombinations/ParserGrammarCorpusTest.AcceptsValidGrammar/Case2050_expr
[       OK ] GrammarCombinations/ParserGrammarCorpusTest.AcceptsValidGrammar/Case2050_expr (0 ms)
[ RUN      ] GrammarCombinations/ParserGrammarCorpusTest.AcceptsValidGrammar/Case2051_type_expr
[       OK ] GrammarCombinations/ParserGrammarCorpusTest.AcceptsValidGrammar/Case2051_type_expr (0 ms)
[ RUN      ] GrammarCombinations/ParserGrammarCorpusTest.AcceptsValidGrammar/Case2052_pattern
[       OK ] GrammarCombinations/ParserGrammarCorpusTest.AcceptsValidGrammar/Case2052_pattern (0 ms)
[ RUN      ] GrammarCombinations/ParserGrammarCorpusTest.AcceptsValidGrammar/Case2053_binding_pattern
[       OK ] GrammarCombinations/ParserGrammarCorpusTest.AcceptsValidGrammar/Case2053_binding_pattern (0 ms)
[ RUN      ] GrammarCombinations/ParserGrammarCorpusTest.AcceptsValidGrammar/Case2054_decl
[       OK ] GrammarCombinations/ParserGrammarCorpusTest.AcceptsValidGrammar/Case2054_decl (0 ms)
[ RUN      ] GrammarCombinations/ParserGrammarCorpusTest.AcceptsValidGrammar/Case2055_for_header
[       OK ] GrammarCombinations/ParserGrammarCorpusTest.AcceptsValidGrammar/Case2055_for_header (0 ms)
[ RUN      ] GrammarCombinations/ParserGrammarCorpusTest.AcceptsValidGrammar/Case2056_stmt
[       OK ] GrammarCombinations/ParserGrammarCorpusTest.AcceptsValidGrammar/Case2056_stmt (0 ms)
[ RUN      ] GrammarCombinations/ParserGrammarCorpusTest.AcceptsValidGrammar/Case2057_expr
[       OK ] GrammarCombinations/ParserGrammarCorpusTest.AcceptsValidGrammar/Case2057_expr (0 ms)
[ RUN      ] GrammarCombinations/ParserGrammarCorpusTest.AcceptsValidGrammar/Case2058_expr
[       OK ] GrammarCombinations/ParserGrammarCorpusTest.AcceptsValidGrammar/Case2058_expr (0 ms)
[ RUN      ] GrammarCombinations/ParserGrammarCorpusTest.AcceptsValidGrammar/Case2059_type_expr
[       OK ] GrammarCombinations/ParserGrammarCorpusTest.AcceptsValidGrammar/Case2059_type_expr (0 ms)
[ RUN      ] GrammarCombinations/ParserGrammarCorpusTest.AcceptsValidGrammar/Case2060_pattern
[       OK ] GrammarCombinations/ParserGrammarCorpusTest.AcceptsValidGrammar/Case2060_pattern (0 ms)
[ RUN      ] GrammarCombinations/ParserGrammarCorpusTest.AcceptsValidGrammar/Case2061_binding_pattern
[       OK ] GrammarCombinations/ParserGrammarCorpusTest.AcceptsValidGrammar/Case2061_binding_pattern (0 ms)
[ RUN      ] GrammarCombinations/ParserGrammarCorpusTest.AcceptsValidGrammar/Case2062_decl
[       OK ] GrammarCombinations/ParserGrammarCorpusTest.AcceptsValidGrammar/Case2062_decl (0 ms)
[ RUN      ] GrammarCombinations/ParserGrammarCorpusTest.AcceptsValidGrammar/Case2063_for_header
[       OK ] GrammarCombinations/ParserGrammarCorpusTest.AcceptsValidGrammar/Case2063_for_header (0 ms)
[ RUN      ] GrammarCombinations/ParserGrammarCorpusTest.AcceptsValidGrammar/Case2064_stmt
[       OK ] GrammarCombinations/ParserGrammarCorpusTest.AcceptsValidGrammar/Case2064_stmt (0 ms)
[ RUN      ] GrammarCombinations/ParserGrammarCorpusTest.AcceptsValidGrammar/Case2065_expr
[       OK ] GrammarCombinations/ParserGrammarCorpusTest.AcceptsValidGrammar/Case2065_expr (0 ms)
[ RUN      ] GrammarCombinations/ParserGrammarCorpusTest.AcceptsValidGrammar/Case2066_expr
[       OK ] GrammarCombinations/ParserGrammarCorpusTest.AcceptsValidGrammar/Case2066_expr (0 ms)
[ RUN      ] GrammarCombinations/ParserGrammarCorpusTest.AcceptsValidGrammar/Case2067_type_expr
[       OK ] GrammarCombinations/ParserGrammarCorpusTest.AcceptsValidGrammar/Case2067_type_expr (0 ms)
[ RUN      ] GrammarCombinations/ParserGrammarCorpusTest.AcceptsValidGrammar/Case2068_pattern
[       OK ] GrammarCombinations/ParserGrammarCorpusTest.AcceptsValidGrammar/Case2068_pattern (0 ms)
[ RUN      ] GrammarCombinations/ParserGrammarCorpusTest.AcceptsValidGrammar/Case2069_binding_pattern
[       OK ] GrammarCombinations/ParserGrammarCorpusTest.AcceptsValidGrammar/Case2069_binding_pattern (0 ms)
[ RUN      ] GrammarCombinations/ParserGrammarCorpusTest.AcceptsValidGrammar/Case2070_decl
[       OK ] GrammarCombinations/ParserGrammarCorpusTest.AcceptsValidGrammar/Case2070_decl (0 ms)
[ RUN      ] GrammarCombinations/ParserGrammarCorpusTest.AcceptsValidGrammar/Case2071_for_header
[       OK ] GrammarCombinations/ParserGrammarCorpusTest.AcceptsValidGrammar/Case2071_for_header (0 ms)
[ RUN      ] GrammarCombinations/ParserGrammarCorpusTest.AcceptsValidGrammar/Case2072_stmt
[       OK ] GrammarCombinations/ParserGrammarCorpusTest.AcceptsValidGrammar/Case2072_stmt (0 ms)
[ RUN      ] GrammarCombinations/ParserGrammarCorpusTest.AcceptsValidGrammar/Case2073_expr
[       OK ] GrammarCombinations/ParserGrammarCorpusTest.AcceptsValidGrammar/Case2073_expr (0 ms)
[ RUN      ] GrammarCombinations/ParserGrammarCorpusTest.AcceptsValidGrammar/Case2074_expr
[       OK ] GrammarCombinations/ParserGrammarCorpusTest.AcceptsValidGrammar/Case2074_expr (0 ms)
[ RUN      ] GrammarCombinations/ParserGrammarCorpusTest.AcceptsValidGrammar/Case2075_type_expr
[       OK ] GrammarCombinations/ParserGrammarCorpusTest.AcceptsValidGrammar/Case2075_type_expr (0 ms)
[ RUN      ] GrammarCombinations/ParserGrammarCorpusTest.AcceptsValidGrammar/Case2076_pattern
[       OK ] GrammarCombinations/ParserGrammarCorpusTest.AcceptsValidGrammar/Case2076_pattern (0 ms)
[ RUN      ] GrammarCombinations/ParserGrammarCorpusTest.AcceptsValidGrammar/Case2077_binding_pattern
[       OK ] GrammarCombinations/ParserGrammarCorpusTest.AcceptsValidGrammar/Case2077_binding_pattern (0 ms)
[ RUN      ] GrammarCombinations/ParserGrammarCorpusTest.AcceptsValidGrammar/Case2078_decl
[       OK ] GrammarCombinations/ParserGrammarCorpusTest.AcceptsValidGrammar/Case2078_decl (0 ms)
[ RUN      ] GrammarCombinations/ParserGrammarCorpusTest.AcceptsValidGrammar/Case2079_for_header
[       OK ] GrammarCombinations/ParserGrammarCorpusTest.AcceptsValidGrammar/Case2079_for_header (0 ms)
[ RUN      ] GrammarCombinations/ParserGrammarCorpusTest.AcceptsValidGrammar/Case2080_stmt
[       OK ] GrammarCombinations/ParserGrammarCorpusTest.AcceptsValidGrammar/Case2080_stmt (0 ms)
[ RUN      ] GrammarCombinations/ParserGrammarCorpusTest.AcceptsValidGrammar/Case2081_expr
[       OK ] GrammarCombinations/ParserGrammarCorpusTest.AcceptsValidGrammar/Case2081_expr (0 ms)
[ RUN      ] GrammarCombinations/ParserGrammarCorpusTest.AcceptsValidGrammar/Case2082_expr
[       OK ] GrammarCombinations/ParserGrammarCorpusTest.AcceptsValidGrammar/Case2082_expr (0 ms)
[ RUN      ] GrammarCombinations/ParserGrammarCorpusTest.AcceptsValidGrammar/Case2083_type_expr
[       OK ] GrammarCombinations/ParserGrammarCorpusTest.AcceptsValidGrammar/Case2083_type_expr (0 ms)
[ RUN      ] GrammarCombinations/ParserGrammarCorpusTest.AcceptsValidGrammar/Case2084_pattern
[       OK ] GrammarCombinations/ParserGrammarCorpusTest.AcceptsValidGrammar/Case2084_pattern (0 ms)
[ RUN      ] GrammarCombinations/ParserGrammarCorpusTest.AcceptsValidGrammar/Case2085_binding_pattern
[       OK ] GrammarCombinations/ParserGrammarCorpusTest.AcceptsValidGrammar/Case2085_binding_pattern (0 ms)
[ RUN      ] GrammarCombinations/ParserGrammarCorpusTest.AcceptsValidGrammar/Case2086_decl
[       OK ] GrammarCombinations/ParserGrammarCorpusTest.AcceptsValidGrammar/Case2086_decl (0 ms)
[ RUN      ] GrammarCombinations/ParserGrammarCorpusTest.AcceptsValidGrammar/Case2087_for_header
[       OK ] GrammarCombinations/ParserGrammarCorpusTest.AcceptsValidGrammar/Case2087_for_header (0 ms)
[ RUN      ] GrammarCombinations/ParserGrammarCorpusTest.AcceptsValidGrammar/Case2088_stmt
[       OK ] GrammarCombinations/ParserGrammarCorpusTest.AcceptsValidGrammar/Case2088_stmt (0 ms)
[ RUN      ] GrammarCombinations/ParserGrammarCorpusTest.AcceptsValidGrammar/Case2089_expr
[       OK ] GrammarCombinations/ParserGrammarCorpusTest.AcceptsValidGrammar/Case2089_expr (0 ms)
[ RUN      ] GrammarCombinations/ParserGrammarCorpusTest.AcceptsValidGrammar/Case2090_expr
[       OK ] GrammarCombinations/ParserGrammarCorpusTest.AcceptsValidGrammar/Case2090_expr (0 ms)
[ RUN      ] GrammarCombinations/ParserGrammarCorpusTest.AcceptsValidGrammar/Case2091_type_expr
[       OK ] GrammarCombinations/ParserGrammarCorpusTest.AcceptsValidGrammar/Case2091_type_expr (0 ms)
[ RUN      ] GrammarCombinations/ParserGrammarCorpusTest.AcceptsValidGrammar/Case2092_pattern
[       OK ] GrammarCombinations/ParserGrammarCorpusTest.AcceptsValidGrammar/Case2092_pattern (0 ms)
[ RUN      ] GrammarCombinations/ParserGrammarCorpusTest.AcceptsValidGrammar/Case2093_binding_pattern
[       OK ] GrammarCombinations/ParserGrammarCorpusTest.AcceptsValidGrammar/Case2093_binding_pattern (0 ms)
[ RUN      ] GrammarCombinations/ParserGrammarCorpusTest.AcceptsValidGrammar/Case2094_decl
[       OK ] GrammarCombinations/ParserGrammarCorpusTest.AcceptsValidGrammar/Case2094_decl (0 ms)
[ RUN      ] GrammarCombinations/ParserGrammarCorpusTest.AcceptsValidGrammar/Case2095_for_header
[       OK ] GrammarCombinations/ParserGrammarCorpusTest.AcceptsValidGrammar/Case2095_for_header (0 ms)
[ RUN      ] GrammarCombinations/ParserGrammarCorpusTest.AcceptsValidGrammar/Case2096_stmt
[       OK ] GrammarCombinations/ParserGrammarCorpusTest.AcceptsValidGrammar/Case2096_stmt (0 ms)
[ RUN      ] GrammarCombinations/ParserGrammarCorpusTest.AcceptsValidGrammar/Case2097_expr
[       OK ] GrammarCombinations/ParserGrammarCorpusTest.AcceptsValidGrammar/Case2097_expr (0 ms)
[ RUN      ] GrammarCombinations/ParserGrammarCorpusTest.AcceptsValidGrammar/Case2098_expr
[       OK ] GrammarCombinations/ParserGrammarCorpusTest.AcceptsValidGrammar/Case2098_expr (0 ms)
[ RUN      ] GrammarCombinations/ParserGrammarCorpusTest.AcceptsValidGrammar/Case2099_type_expr
[       OK ] GrammarCombinations/ParserGrammarCorpusTest.AcceptsValidGrammar/Case2099_type_expr (0 ms)
[ RUN      ] GrammarCombinations/ParserGrammarCorpusTest.AcceptsValidGrammar/Case2100_pattern
[       OK ] GrammarCombinations/ParserGrammarCorpusTest.AcceptsValidGrammar/Case2100_pattern (0 ms)
[ RUN      ] GrammarCombinations/ParserGrammarCorpusTest.AcceptsValidGrammar/Case2101_binding_pattern
[       OK ] GrammarCombinations/ParserGrammarCorpusTest.AcceptsValidGrammar/Case2101_binding_pattern (0 ms)
[ RUN      ] GrammarCombinations/ParserGrammarCorpusTest.AcceptsValidGrammar/Case2102_decl
[       OK ] GrammarCombinations/ParserGrammarCorpusTest.AcceptsValidGrammar/Case2102_decl (0 ms)
[ RUN      ] GrammarCombinations/ParserGrammarCorpusTest.AcceptsValidGrammar/Case2103_for_header
[       OK ] GrammarCombinations/ParserGrammarCorpusTest.AcceptsValidGrammar/Case2103_for_header (0 ms)
[ RUN      ] GrammarCombinations/ParserGrammarCorpusTest.AcceptsValidGrammar/Case2104_stmt
[       OK ] GrammarCombinations/ParserGrammarCorpusTest.AcceptsValidGrammar/Case2104_stmt (0 ms)
[ RUN      ] GrammarCombinations/ParserGrammarCorpusTest.AcceptsValidGrammar/Case2105_expr
[       OK ] GrammarCombinations/ParserGrammarCorpusTest.AcceptsValidGrammar/Case2105_expr (0 ms)
[ RUN      ] GrammarCombinations/ParserGrammarCorpusTest.AcceptsValidGrammar/Case2106_expr
[       OK ] GrammarCombinations/ParserGrammarCorpusTest.AcceptsValidGrammar/Case2106_expr (0 ms)
[ RUN      ] GrammarCombinations/ParserGrammarCorpusTest.AcceptsValidGrammar/Case2107_type_expr
[       OK ] GrammarCombinations/ParserGrammarCorpusTest.AcceptsValidGrammar/Case2107_type_expr (0 ms)
[ RUN      ] GrammarCombinations/ParserGrammarCorpusTest.AcceptsValidGrammar/Case2108_pattern
[       OK ] GrammarCombinations/ParserGrammarCorpusTest.AcceptsValidGrammar/Case2108_pattern (0 ms)
[ RUN      ] GrammarCombinations/ParserGrammarCorpusTest.AcceptsValidGrammar/Case2109_binding_pattern
[       OK ] GrammarCombinations/ParserGrammarCorpusTest.AcceptsValidGrammar/Case2109_binding_pattern (0 ms)
[ RUN      ] GrammarCombinations/ParserGrammarCorpusTest.AcceptsValidGrammar/Case2110_decl
[       OK ] GrammarCombinations/ParserGrammarCorpusTest.AcceptsValidGrammar/Case2110_decl (0 ms)
[ RUN      ] GrammarCombinations/ParserGrammarCorpusTest.AcceptsValidGrammar/Case2111_for_header
[       OK ] GrammarCombinations/ParserGrammarCorpusTest.AcceptsValidGrammar/Case2111_for_header (0 ms)
[ RUN      ] GrammarCombinations/ParserGrammarCorpusTest.AcceptsValidGrammar/Case2112_stmt
[       OK ] GrammarCombinations/ParserGrammarCorpusTest.AcceptsValidGrammar/Case2112_stmt (0 ms)
[ RUN      ] GrammarCombinations/ParserGrammarCorpusTest.AcceptsValidGrammar/Case2113_expr
[       OK ] GrammarCombinations/ParserGrammarCorpusTest.AcceptsValidGrammar/Case2113_expr (0 ms)
[ RUN      ] GrammarCombinations/ParserGrammarCorpusTest.AcceptsValidGrammar/Case2114_expr
[       OK ] GrammarCombinations/ParserGrammarCorpusTest.AcceptsValidGrammar/Case2114_expr (0 ms)
[ RUN      ] GrammarCombinations/ParserGrammarCorpusTest.AcceptsValidGrammar/Case2115_type_expr
[       OK ] GrammarCombinations/ParserGrammarCorpusTest.AcceptsValidGrammar/Case2115_type_expr (0 ms)
[ RUN      ] GrammarCombinations/ParserGrammarCorpusTest.AcceptsValidGrammar/Case2116_pattern
[       OK ] GrammarCombinations/ParserGrammarCorpusTest.AcceptsValidGrammar/Case2116_pattern (0 ms)
[ RUN      ] GrammarCombinations/ParserGrammarCorpusTest.AcceptsValidGrammar/Case2117_binding_pattern
[       OK ] GrammarCombinations/ParserGrammarCorpusTest.AcceptsValidGrammar/Case2117_binding_pattern (0 ms)
[ RUN      ] GrammarCombinations/ParserGrammarCorpusTest.AcceptsValidGrammar/Case2118_decl
[       OK ] GrammarCombinations/ParserGrammarCorpusTest.AcceptsValidGrammar/Case2118_decl (0 ms)
[ RUN      ] GrammarCombinations/ParserGrammarCorpusTest.AcceptsValidGrammar/Case2119_for_header
[       OK ] GrammarCombinations/ParserGrammarCorpusTest.AcceptsValidGrammar/Case2119_for_header (0 ms)
[ RUN      ] GrammarCombinations/ParserGrammarCorpusTest.AcceptsValidGrammar/Case2120_stmt
[       OK ] GrammarCombinations/ParserGrammarCorpusTest.AcceptsValidGrammar/Case2120_stmt (0 ms)
[ RUN      ] GrammarCombinations/ParserGrammarCorpusTest.AcceptsValidGrammar/Case2121_expr
[       OK ] GrammarCombinations/ParserGrammarCorpusTest.AcceptsValidGrammar/Case2121_expr (0 ms)
[ RUN      ] GrammarCombinations/ParserGrammarCorpusTest.AcceptsValidGrammar/Case2122_expr
[       OK ] GrammarCombinations/ParserGrammarCorpusTest.AcceptsValidGrammar/Case2122_expr (0 ms)
[ RUN      ] GrammarCombinations/ParserGrammarCorpusTest.AcceptsValidGrammar/Case2123_type_expr
[       OK ] GrammarCombinations/ParserGrammarCorpusTest.AcceptsValidGrammar/Case2123_type_expr (0 ms)
[ RUN      ] GrammarCombinations/ParserGrammarCorpusTest.AcceptsValidGrammar/Case2124_pattern
[       OK ] GrammarCombinations/ParserGrammarCorpusTest.AcceptsValidGrammar/Case2124_pattern (0 ms)
[ RUN      ] GrammarCombinations/ParserGrammarCorpusTest.AcceptsValidGrammar/Case2125_binding_pattern
[       OK ] GrammarCombinations/ParserGrammarCorpusTest.AcceptsValidGrammar/Case2125_binding_pattern (0 ms)
[ RUN      ] GrammarCombinations/ParserGrammarCorpusTest.AcceptsValidGrammar/Case2126_decl
[       OK ] GrammarCombinations/ParserGrammarCorpusTest.AcceptsValidGrammar/Case2126_decl (0 ms)
[ RUN      ] GrammarCombinations/ParserGrammarCorpusTest.AcceptsValidGrammar/Case2127_for_header
[       OK ] GrammarCombinations/ParserGrammarCorpusTest.AcceptsValidGrammar/Case2127_for_header (0 ms)
[ RUN      ] GrammarCombinations/ParserGrammarCorpusTest.AcceptsValidGrammar/Case2128_stmt
[       OK ] GrammarCombinations/ParserGrammarCorpusTest.AcceptsValidGrammar/Case2128_stmt (0 ms)
[ RUN      ] GrammarCombinations/ParserGrammarCorpusTest.AcceptsValidGrammar/Case2129_expr
[       OK ] GrammarCombinations/ParserGrammarCorpusTest.AcceptsValidGrammar/Case2129_expr (0 ms)
[ RUN      ] GrammarCombinations/ParserGrammarCorpusTest.AcceptsValidGrammar/Case2130_expr
[       OK ] GrammarCombinations/ParserGrammarCorpusTest.AcceptsValidGrammar/Case2130_expr (0 ms)
[ RUN      ] GrammarCombinations/ParserGrammarCorpusTest.AcceptsValidGrammar/Case2131_type_expr
[       OK ] GrammarCombinations/ParserGrammarCorpusTest.AcceptsValidGrammar/Case2131_type_expr (0 ms)
[ RUN      ] GrammarCombinations/ParserGrammarCorpusTest.AcceptsValidGrammar/Case2132_pattern
[       OK ] GrammarCombinations/ParserGrammarCorpusTest.AcceptsValidGrammar/Case2132_pattern (0 ms)
[ RUN      ] GrammarCombinations/ParserGrammarCorpusTest.AcceptsValidGrammar/Case2133_binding_pattern
[       OK ] GrammarCombinations/ParserGrammarCorpusTest.AcceptsValidGrammar/Case2133_binding_pattern (0 ms)
[ RUN      ] GrammarCombinations/ParserGrammarCorpusTest.AcceptsValidGrammar/Case2134_decl
[       OK ] GrammarCombinations/ParserGrammarCorpusTest.AcceptsValidGrammar/Case2134_decl (0 ms)
[ RUN      ] GrammarCombinations/ParserGrammarCorpusTest.AcceptsValidGrammar/Case2135_for_header
[       OK ] GrammarCombinations/ParserGrammarCorpusTest.AcceptsValidGrammar/Case2135_for_header (0 ms)
[ RUN      ] GrammarCombinations/ParserGrammarCorpusTest.AcceptsValidGrammar/Case2136_stmt
[       OK ] GrammarCombinations/ParserGrammarCorpusTest.AcceptsValidGrammar/Case2136_stmt (0 ms)
[ RUN      ] GrammarCombinations/ParserGrammarCorpusTest.AcceptsValidGrammar/Case2137_expr
[       OK ] GrammarCombinations/ParserGrammarCorpusTest.AcceptsValidGrammar/Case2137_expr (0 ms)
[ RUN      ] GrammarCombinations/ParserGrammarCorpusTest.AcceptsValidGrammar/Case2138_expr
[       OK ] GrammarCombinations/ParserGrammarCorpusTest.AcceptsValidGrammar/Case2138_expr (0 ms)
[ RUN      ] GrammarCombinations/ParserGrammarCorpusTest.AcceptsValidGrammar/Case2139_type_expr
[       OK ] GrammarCombinations/ParserGrammarCorpusTest.AcceptsValidGrammar/Case2139_type_expr (0 ms)
[ RUN      ] GrammarCombinations/ParserGrammarCorpusTest.AcceptsValidGrammar/Case2140_pattern
[       OK ] GrammarCombinations/ParserGrammarCorpusTest.AcceptsValidGrammar/Case2140_pattern (0 ms)
[ RUN      ] GrammarCombinations/ParserGrammarCorpusTest.AcceptsValidGrammar/Case2141_binding_pattern
[       OK ] GrammarCombinations/ParserGrammarCorpusTest.AcceptsValidGrammar/Case2141_binding_pattern (0 ms)
[ RUN      ] GrammarCombinations/ParserGrammarCorpusTest.AcceptsValidGrammar/Case2142_decl
[       OK ] GrammarCombinations/ParserGrammarCorpusTest.AcceptsValidGrammar/Case2142_decl (0 ms)
[ RUN      ] GrammarCombinations/ParserGrammarCorpusTest.AcceptsValidGrammar/Case2143_for_header
[       OK ] GrammarCombinations/ParserGrammarCorpusTest.AcceptsValidGrammar/Case2143_for_header (0 ms)
[ RUN      ] GrammarCombinations/ParserGrammarCorpusTest.AcceptsValidGrammar/Case2144_stmt
[       OK ] GrammarCombinations/ParserGrammarCorpusTest.AcceptsValidGrammar/Case2144_stmt (0 ms)
[ RUN      ] GrammarCombinations/ParserGrammarCorpusTest.AcceptsValidGrammar/Case2145_expr
[       OK ] GrammarCombinations/ParserGrammarCorpusTest.AcceptsValidGrammar/Case2145_expr (0 ms)
[ RUN      ] GrammarCombinations/ParserGrammarCorpusTest.AcceptsValidGrammar/Case2146_expr
[       OK ] GrammarCombinations/ParserGrammarCorpusTest.AcceptsValidGrammar/Case2146_expr (0 ms)
[ RUN      ] GrammarCombinations/ParserGrammarCorpusTest.AcceptsValidGrammar/Case2147_type_expr
[       OK ] GrammarCombinations/ParserGrammarCorpusTest.AcceptsValidGrammar/Case2147_type_expr (0 ms)
[ RUN      ] GrammarCombinations/ParserGrammarCorpusTest.AcceptsValidGrammar/Case2148_pattern
[       OK ] GrammarCombinations/ParserGrammarCorpusTest.AcceptsValidGrammar/Case2148_pattern (0 ms)
[ RUN      ] GrammarCombinations/ParserGrammarCorpusTest.AcceptsValidGrammar/Case2149_binding_pattern
[       OK ] GrammarCombinations/ParserGrammarCorpusTest.AcceptsValidGrammar/Case2149_binding_pattern (0 ms)
[ RUN      ] GrammarCombinations/ParserGrammarCorpusTest.AcceptsValidGrammar/Case2150_decl
[       OK ] GrammarCombinations/ParserGrammarCorpusTest.AcceptsValidGrammar/Case2150_decl (0 ms)
[ RUN      ] GrammarCombinations/ParserGrammarCorpusTest.AcceptsValidGrammar/Case2151_for_header
[       OK ] GrammarCombinations/ParserGrammarCorpusTest.AcceptsValidGrammar/Case2151_for_header (0 ms)
[ RUN      ] GrammarCombinations/ParserGrammarCorpusTest.AcceptsValidGrammar/Case2152_stmt
[       OK ] GrammarCombinations/ParserGrammarCorpusTest.AcceptsValidGrammar/Case2152_stmt (0 ms)
[ RUN      ] GrammarCombinations/ParserGrammarCorpusTest.AcceptsValidGrammar/Case2153_expr
[       OK ] GrammarCombinations/ParserGrammarCorpusTest.AcceptsValidGrammar/Case2153_expr (0 ms)
[ RUN      ] GrammarCombinations/ParserGrammarCorpusTest.AcceptsValidGrammar/Case2154_expr
[       OK ] GrammarCombinations/ParserGrammarCorpusTest.AcceptsValidGrammar/Case2154_expr (0 ms)
[ RUN      ] GrammarCombinations/ParserGrammarCorpusTest.AcceptsValidGrammar/Case2155_type_expr
[       OK ] GrammarCombinations/ParserGrammarCorpusTest.AcceptsValidGrammar/Case2155_type_expr (0 ms)
[ RUN      ] GrammarCombinations/ParserGrammarCorpusTest.AcceptsValidGrammar/Case2156_pattern
[       OK ] GrammarCombinations/ParserGrammarCorpusTest.AcceptsValidGrammar/Case2156_pattern (0 ms)
[ RUN      ] GrammarCombinations/ParserGrammarCorpusTest.AcceptsValidGrammar/Case2157_binding_pattern
[       OK ] GrammarCombinations/ParserGrammarCorpusTest.AcceptsValidGrammar/Case2157_binding_pattern (0 ms)
[ RUN      ] GrammarCombinations/ParserGrammarCorpusTest.AcceptsValidGrammar/Case2158_decl
[       OK ] GrammarCombinations/ParserGrammarCorpusTest.AcceptsValidGrammar/Case2158_decl (0 ms)
[ RUN      ] GrammarCombinations/ParserGrammarCorpusTest.AcceptsValidGrammar/Case2159_for_header
[       OK ] GrammarCombinations/ParserGrammarCorpusTest.AcceptsValidGrammar/Case2159_for_header (0 ms)
[ RUN      ] GrammarCombinations/ParserGrammarCorpusTest.AcceptsValidGrammar/Case2160_stmt
[       OK ] GrammarCombinations/ParserGrammarCorpusTest.AcceptsValidGrammar/Case2160_stmt (0 ms)
[ RUN      ] GrammarCombinations/ParserGrammarCorpusTest.AcceptsValidGrammar/Case2161_expr
[       OK ] GrammarCombinations/ParserGrammarCorpusTest.AcceptsValidGrammar/Case2161_expr (0 ms)
[ RUN      ] GrammarCombinations/ParserGrammarCorpusTest.AcceptsValidGrammar/Case2162_expr
[       OK ] GrammarCombinations/ParserGrammarCorpusTest.AcceptsValidGrammar/Case2162_expr (0 ms)
[ RUN      ] GrammarCombinations/ParserGrammarCorpusTest.AcceptsValidGrammar/Case2163_type_expr
[       OK ] GrammarCombinations/ParserGrammarCorpusTest.AcceptsValidGrammar/Case2163_type_expr (0 ms)
[ RUN      ] GrammarCombinations/ParserGrammarCorpusTest.AcceptsValidGrammar/Case2164_pattern
[       OK ] GrammarCombinations/ParserGrammarCorpusTest.AcceptsValidGrammar/Case2164_pattern (0 ms)
[ RUN      ] GrammarCombinations/ParserGrammarCorpusTest.AcceptsValidGrammar/Case2165_binding_pattern
[       OK ] GrammarCombinations/ParserGrammarCorpusTest.AcceptsValidGrammar/Case2165_binding_pattern (0 ms)
[ RUN      ] GrammarCombinations/ParserGrammarCorpusTest.AcceptsValidGrammar/Case2166_decl
[       OK ] GrammarCombinations/ParserGrammarCorpusTest.AcceptsValidGrammar/Case2166_decl (0 ms)
[ RUN      ] GrammarCombinations/ParserGrammarCorpusTest.AcceptsValidGrammar/Case2167_for_header
[       OK ] GrammarCombinations/ParserGrammarCorpusTest.AcceptsValidGrammar/Case2167_for_header (0 ms)
[ RUN      ] GrammarCombinations/ParserGrammarCorpusTest.AcceptsValidGrammar/Case2168_stmt
[       OK ] GrammarCombinations/ParserGrammarCorpusTest.AcceptsValidGrammar/Case2168_stmt (0 ms)
[ RUN      ] GrammarCombinations/ParserGrammarCorpusTest.AcceptsValidGrammar/Case2169_expr
[       OK ] GrammarCombinations/ParserGrammarCorpusTest.AcceptsValidGrammar/Case2169_expr (0 ms)
[ RUN      ] GrammarCombinations/ParserGrammarCorpusTest.AcceptsValidGrammar/Case2170_expr
[       OK ] GrammarCombinations/ParserGrammarCorpusTest.AcceptsValidGrammar/Case2170_expr (0 ms)
[ RUN      ] GrammarCombinations/ParserGrammarCorpusTest.AcceptsValidGrammar/Case2171_type_expr
[       OK ] GrammarCombinations/ParserGrammarCorpusTest.AcceptsValidGrammar/Case2171_type_expr (0 ms)
[ RUN      ] GrammarCombinations/ParserGrammarCorpusTest.AcceptsValidGrammar/Case2172_pattern
[       OK ] GrammarCombinations/ParserGrammarCorpusTest.AcceptsValidGrammar/Case2172_pattern (0 ms)
[ RUN      ] GrammarCombinations/ParserGrammarCorpusTest.AcceptsValidGrammar/Case2173_binding_pattern
[       OK ] GrammarCombinations/ParserGrammarCorpusTest.AcceptsValidGrammar/Case2173_binding_pattern (0 ms)
[ RUN      ] GrammarCombinations/ParserGrammarCorpusTest.AcceptsValidGrammar/Case2174_decl
[       OK ] GrammarCombinations/ParserGrammarCorpusTest.AcceptsValidGrammar/Case2174_decl (0 ms)
[ RUN      ] GrammarCombinations/ParserGrammarCorpusTest.AcceptsValidGrammar/Case2175_for_header
[       OK ] GrammarCombinations/ParserGrammarCorpusTest.AcceptsValidGrammar/Case2175_for_header (0 ms)
[ RUN      ] GrammarCombinations/ParserGrammarCorpusTest.AcceptsValidGrammar/Case2176_stmt
[       OK ] GrammarCombinations/ParserGrammarCorpusTest.AcceptsValidGrammar/Case2176_stmt (0 ms)
[ RUN      ] GrammarCombinations/ParserGrammarCorpusTest.AcceptsValidGrammar/Case2177_expr
[       OK ] GrammarCombinations/ParserGrammarCorpusTest.AcceptsValidGrammar/Case2177_expr (0 ms)
[ RUN      ] GrammarCombinations/ParserGrammarCorpusTest.AcceptsValidGrammar/Case2178_expr
[       OK ] GrammarCombinations/ParserGrammarCorpusTest.AcceptsValidGrammar/Case2178_expr (0 ms)
[ RUN      ] GrammarCombinations/ParserGrammarCorpusTest.AcceptsValidGrammar/Case2179_type_expr
[       OK ] GrammarCombinations/ParserGrammarCorpusTest.AcceptsValidGrammar/Case2179_type_expr (0 ms)
[ RUN      ] GrammarCombinations/ParserGrammarCorpusTest.AcceptsValidGrammar/Case2180_pattern
[       OK ] GrammarCombinations/ParserGrammarCorpusTest.AcceptsValidGrammar/Case2180_pattern (0 ms)
[ RUN      ] GrammarCombinations/ParserGrammarCorpusTest.AcceptsValidGrammar/Case2181_binding_pattern
[       OK ] GrammarCombinations/ParserGrammarCorpusTest.AcceptsValidGrammar/Case2181_binding_pattern (0 ms)
[ RUN      ] GrammarCombinations/ParserGrammarCorpusTest.AcceptsValidGrammar/Case2182_decl
[       OK ] GrammarCombinations/ParserGrammarCorpusTest.AcceptsValidGrammar/Case2182_decl (0 ms)
[ RUN      ] GrammarCombinations/ParserGrammarCorpusTest.AcceptsValidGrammar/Case2183_for_header
[       OK ] GrammarCombinations/ParserGrammarCorpusTest.AcceptsValidGrammar/Case2183_for_header (0 ms)
[ RUN      ] GrammarCombinations/ParserGrammarCorpusTest.AcceptsValidGrammar/Case2184_stmt
[       OK ] GrammarCombinations/ParserGrammarCorpusTest.AcceptsValidGrammar/Case2184_stmt (0 ms)
[ RUN      ] GrammarCombinations/ParserGrammarCorpusTest.AcceptsValidGrammar/Case2185_expr
[       OK ] GrammarCombinations/ParserGrammarCorpusTest.AcceptsValidGrammar/Case2185_expr (0 ms)
[ RUN      ] GrammarCombinations/ParserGrammarCorpusTest.AcceptsValidGrammar/Case2186_expr
[       OK ] GrammarCombinations/ParserGrammarCorpusTest.AcceptsValidGrammar/Case2186_expr (0 ms)
[ RUN      ] GrammarCombinations/ParserGrammarCorpusTest.AcceptsValidGrammar/Case2187_type_expr
[       OK ] GrammarCombinations/ParserGrammarCorpusTest.AcceptsValidGrammar/Case2187_type_expr (0 ms)
[ RUN      ] GrammarCombinations/ParserGrammarCorpusTest.AcceptsValidGrammar/Case2188_pattern
[       OK ] GrammarCombinations/ParserGrammarCorpusTest.AcceptsValidGrammar/Case2188_pattern (0 ms)
[ RUN      ] GrammarCombinations/ParserGrammarCorpusTest.AcceptsValidGrammar/Case2189_binding_pattern
[       OK ] GrammarCombinations/ParserGrammarCorpusTest.AcceptsValidGrammar/Case2189_binding_pattern (0 ms)
[ RUN      ] GrammarCombinations/ParserGrammarCorpusTest.AcceptsValidGrammar/Case2190_decl
[       OK ] GrammarCombinations/ParserGrammarCorpusTest.AcceptsValidGrammar/Case2190_decl (0 ms)
[ RUN      ] GrammarCombinations/ParserGrammarCorpusTest.AcceptsValidGrammar/Case2191_for_header
[       OK ] GrammarCombinations/ParserGrammarCorpusTest.AcceptsValidGrammar/Case2191_for_header (0 ms)
[ RUN      ] GrammarCombinations/ParserGrammarCorpusTest.AcceptsValidGrammar/Case2192_stmt
[       OK ] GrammarCombinations/ParserGrammarCorpusTest.AcceptsValidGrammar/Case2192_stmt (0 ms)
[ RUN      ] GrammarCombinations/ParserGrammarCorpusTest.AcceptsValidGrammar/Case2193_expr
[       OK ] GrammarCombinations/ParserGrammarCorpusTest.AcceptsValidGrammar/Case2193_expr (0 ms)
[ RUN      ] GrammarCombinations/ParserGrammarCorpusTest.AcceptsValidGrammar/Case2194_expr
[       OK ] GrammarCombinations/ParserGrammarCorpusTest.AcceptsValidGrammar/Case2194_expr (0 ms)
[ RUN      ] GrammarCombinations/ParserGrammarCorpusTest.AcceptsValidGrammar/Case2195_type_expr
[       OK ] GrammarCombinations/ParserGrammarCorpusTest.AcceptsValidGrammar/Case2195_type_expr (0 ms)
[ RUN      ] GrammarCombinations/ParserGrammarCorpusTest.AcceptsValidGrammar/Case2196_pattern
[       OK ] GrammarCombinations/ParserGrammarCorpusTest.AcceptsValidGrammar/Case2196_pattern (0 ms)
[ RUN      ] GrammarCombinations/ParserGrammarCorpusTest.AcceptsValidGrammar/Case2197_binding_pattern
[       OK ] GrammarCombinations/ParserGrammarCorpusTest.AcceptsValidGrammar/Case2197_binding_pattern (0 ms)
[ RUN      ] GrammarCombinations/ParserGrammarCorpusTest.AcceptsValidGrammar/Case2198_decl
[       OK ] GrammarCombinations/ParserGrammarCorpusTest.AcceptsValidGrammar/Case2198_decl (0 ms)
[ RUN      ] GrammarCombinations/ParserGrammarCorpusTest.AcceptsValidGrammar/Case2199_for_header
[       OK ] GrammarCombinations/ParserGrammarCorpusTest.AcceptsValidGrammar/Case2199_for_header (0 ms)
[ RUN      ] GrammarCombinations/ParserGrammarCorpusTest.AcceptsValidGrammar/Case2200_stmt
[       OK ] GrammarCombinations/ParserGrammarCorpusTest.AcceptsValidGrammar/Case2200_stmt (0 ms)
[ RUN      ] GrammarCombinations/ParserGrammarCorpusTest.AcceptsValidGrammar/Case2201_expr
[       OK ] GrammarCombinations/ParserGrammarCorpusTest.AcceptsValidGrammar/Case2201_expr (0 ms)
[ RUN      ] GrammarCombinations/ParserGrammarCorpusTest.AcceptsValidGrammar/Case2202_expr
[       OK ] GrammarCombinations/ParserGrammarCorpusTest.AcceptsValidGrammar/Case2202_expr (0 ms)
[ RUN      ] GrammarCombinations/ParserGrammarCorpusTest.AcceptsValidGrammar/Case2203_type_expr
[       OK ] GrammarCombinations/ParserGrammarCorpusTest.AcceptsValidGrammar/Case2203_type_expr (0 ms)
[ RUN      ] GrammarCombinations/ParserGrammarCorpusTest.AcceptsValidGrammar/Case2204_pattern
[       OK ] GrammarCombinations/ParserGrammarCorpusTest.AcceptsValidGrammar/Case2204_pattern (0 ms)
[ RUN      ] GrammarCombinations/ParserGrammarCorpusTest.AcceptsValidGrammar/Case2205_binding_pattern
[       OK ] GrammarCombinations/ParserGrammarCorpusTest.AcceptsValidGrammar/Case2205_binding_pattern (0 ms)
[ RUN      ] GrammarCombinations/ParserGrammarCorpusTest.AcceptsValidGrammar/Case2206_decl
[       OK ] GrammarCombinations/ParserGrammarCorpusTest.AcceptsValidGrammar/Case2206_decl (0 ms)
[ RUN      ] GrammarCombinations/ParserGrammarCorpusTest.AcceptsValidGrammar/Case2207_for_header
[       OK ] GrammarCombinations/ParserGrammarCorpusTest.AcceptsValidGrammar/Case2207_for_header (0 ms)
[ RUN      ] GrammarCombinations/ParserGrammarCorpusTest.AcceptsValidGrammar/Case2208_stmt
[       OK ] GrammarCombinations/ParserGrammarCorpusTest.AcceptsValidGrammar/Case2208_stmt (0 ms)
[ RUN      ] GrammarCombinations/ParserGrammarCorpusTest.AcceptsValidGrammar/Case2209_expr
[       OK ] GrammarCombinations/ParserGrammarCorpusTest.AcceptsValidGrammar/Case2209_expr (0 ms)
[ RUN      ] GrammarCombinations/ParserGrammarCorpusTest.AcceptsValidGrammar/Case2210_expr
[       OK ] GrammarCombinations/ParserGrammarCorpusTest.AcceptsValidGrammar/Case2210_expr (0 ms)
[ RUN      ] GrammarCombinations/ParserGrammarCorpusTest.AcceptsValidGrammar/Case2211_type_expr
[       OK ] GrammarCombinations/ParserGrammarCorpusTest.AcceptsValidGrammar/Case2211_type_expr (0 ms)
[ RUN      ] GrammarCombinations/ParserGrammarCorpusTest.AcceptsValidGrammar/Case2212_pattern
[       OK ] GrammarCombinations/ParserGrammarCorpusTest.AcceptsValidGrammar/Case2212_pattern (0 ms)
[ RUN      ] GrammarCombinations/ParserGrammarCorpusTest.AcceptsValidGrammar/Case2213_binding_pattern
[       OK ] GrammarCombinations/ParserGrammarCorpusTest.AcceptsValidGrammar/Case2213_binding_pattern (0 ms)
[ RUN      ] GrammarCombinations/ParserGrammarCorpusTest.AcceptsValidGrammar/Case2214_decl
[       OK ] GrammarCombinations/ParserGrammarCorpusTest.AcceptsValidGrammar/Case2214_decl (0 ms)
[ RUN      ] GrammarCombinations/ParserGrammarCorpusTest.AcceptsValidGrammar/Case2215_for_header
[       OK ] GrammarCombinations/ParserGrammarCorpusTest.AcceptsValidGrammar/Case2215_for_header (0 ms)
[ RUN      ] GrammarCombinations/ParserGrammarCorpusTest.AcceptsValidGrammar/Case2216_stmt
[       OK ] GrammarCombinations/ParserGrammarCorpusTest.AcceptsValidGrammar/Case2216_stmt (0 ms)
[ RUN      ] GrammarCombinations/ParserGrammarCorpusTest.AcceptsValidGrammar/Case2217_expr
[       OK ] GrammarCombinations/ParserGrammarCorpusTest.AcceptsValidGrammar/Case2217_expr (0 ms)
[ RUN      ] GrammarCombinations/ParserGrammarCorpusTest.AcceptsValidGrammar/Case2218_expr
[       OK ] GrammarCombinations/ParserGrammarCorpusTest.AcceptsValidGrammar/Case2218_expr (0 ms)
[ RUN      ] GrammarCombinations/ParserGrammarCorpusTest.AcceptsValidGrammar/Case2219_type_expr
[       OK ] GrammarCombinations/ParserGrammarCorpusTest.AcceptsValidGrammar/Case2219_type_expr (0 ms)
[ RUN      ] GrammarCombinations/ParserGrammarCorpusTest.AcceptsValidGrammar/Case2220_pattern
[       OK ] GrammarCombinations/ParserGrammarCorpusTest.AcceptsValidGrammar/Case2220_pattern (0 ms)
[ RUN      ] GrammarCombinations/ParserGrammarCorpusTest.AcceptsValidGrammar/Case2221_binding_pattern
[       OK ] GrammarCombinations/ParserGrammarCorpusTest.AcceptsValidGrammar/Case2221_binding_pattern (0 ms)
[ RUN      ] GrammarCombinations/ParserGrammarCorpusTest.AcceptsValidGrammar/Case2222_decl
[       OK ] GrammarCombinations/ParserGrammarCorpusTest.AcceptsValidGrammar/Case2222_decl (0 ms)
[ RUN      ] GrammarCombinations/ParserGrammarCorpusTest.AcceptsValidGrammar/Case2223_for_header
[       OK ] GrammarCombinations/ParserGrammarCorpusTest.AcceptsValidGrammar/Case2223_for_header (0 ms)
[ RUN      ] GrammarCombinations/ParserGrammarCorpusTest.AcceptsValidGrammar/Case2224_stmt
[       OK ] GrammarCombinations/ParserGrammarCorpusTest.AcceptsValidGrammar/Case2224_stmt (0 ms)
[ RUN      ] GrammarCombinations/ParserGrammarCorpusTest.AcceptsValidGrammar/Case2225_expr
[       OK ] GrammarCombinations/ParserGrammarCorpusTest.AcceptsValidGrammar/Case2225_expr (0 ms)
[ RUN      ] GrammarCombinations/ParserGrammarCorpusTest.AcceptsValidGrammar/Case2226_expr
[       OK ] GrammarCombinations/ParserGrammarCorpusTest.AcceptsValidGrammar/Case2226_expr (0 ms)
[ RUN      ] GrammarCombinations/ParserGrammarCorpusTest.AcceptsValidGrammar/Case2227_type_expr
[       OK ] GrammarCombinations/ParserGrammarCorpusTest.AcceptsValidGrammar/Case2227_type_expr (0 ms)
[ RUN      ] GrammarCombinations/ParserGrammarCorpusTest.AcceptsValidGrammar/Case2228_pattern
[       OK ] GrammarCombinations/ParserGrammarCorpusTest.AcceptsValidGrammar/Case2228_pattern (0 ms)
[ RUN      ] GrammarCombinations/ParserGrammarCorpusTest.AcceptsValidGrammar/Case2229_binding_pattern
[       OK ] GrammarCombinations/ParserGrammarCorpusTest.AcceptsValidGrammar/Case2229_binding_pattern (0 ms)
[ RUN      ] GrammarCombinations/ParserGrammarCorpusTest.AcceptsValidGrammar/Case2230_decl
[       OK ] GrammarCombinations/ParserGrammarCorpusTest.AcceptsValidGrammar/Case2230_decl (0 ms)
[ RUN      ] GrammarCombinations/ParserGrammarCorpusTest.AcceptsValidGrammar/Case2231_for_header
[       OK ] GrammarCombinations/ParserGrammarCorpusTest.AcceptsValidGrammar/Case2231_for_header (0 ms)
[ RUN      ] GrammarCombinations/ParserGrammarCorpusTest.AcceptsValidGrammar/Case2232_stmt
[       OK ] GrammarCombinations/ParserGrammarCorpusTest.AcceptsValidGrammar/Case2232_stmt (0 ms)
[ RUN      ] GrammarCombinations/ParserGrammarCorpusTest.AcceptsValidGrammar/Case2233_expr
[       OK ] GrammarCombinations/ParserGrammarCorpusTest.AcceptsValidGrammar/Case2233_expr (0 ms)
[ RUN      ] GrammarCombinations/ParserGrammarCorpusTest.AcceptsValidGrammar/Case2234_expr
[       OK ] GrammarCombinations/ParserGrammarCorpusTest.AcceptsValidGrammar/Case2234_expr (0 ms)
[ RUN      ] GrammarCombinations/ParserGrammarCorpusTest.AcceptsValidGrammar/Case2235_type_expr
[       OK ] GrammarCombinations/ParserGrammarCorpusTest.AcceptsValidGrammar/Case2235_type_expr (0 ms)
[ RUN      ] GrammarCombinations/ParserGrammarCorpusTest.AcceptsValidGrammar/Case2236_pattern
[       OK ] GrammarCombinations/ParserGrammarCorpusTest.AcceptsValidGrammar/Case2236_pattern (0 ms)
[ RUN      ] GrammarCombinations/ParserGrammarCorpusTest.AcceptsValidGrammar/Case2237_binding_pattern
[       OK ] GrammarCombinations/ParserGrammarCorpusTest.AcceptsValidGrammar/Case2237_binding_pattern (0 ms)
[ RUN      ] GrammarCombinations/ParserGrammarCorpusTest.AcceptsValidGrammar/Case2238_decl
[       OK ] GrammarCombinations/ParserGrammarCorpusTest.AcceptsValidGrammar/Case2238_decl (0 ms)
[ RUN      ] GrammarCombinations/ParserGrammarCorpusTest.AcceptsValidGrammar/Case2239_for_header
[       OK ] GrammarCombinations/ParserGrammarCorpusTest.AcceptsValidGrammar/Case2239_for_header (0 ms)
[ RUN      ] GrammarCombinations/ParserGrammarCorpusTest.AcceptsValidGrammar/Case2240_stmt
[       OK ] GrammarCombinations/ParserGrammarCorpusTest.AcceptsValidGrammar/Case2240_stmt (0 ms)
[ RUN      ] GrammarCombinations/ParserGrammarCorpusTest.AcceptsValidGrammar/Case2241_expr
[       OK ] GrammarCombinations/ParserGrammarCorpusTest.AcceptsValidGrammar/Case2241_expr (0 ms)
[ RUN      ] GrammarCombinations/ParserGrammarCorpusTest.AcceptsValidGrammar/Case2242_expr
[       OK ] GrammarCombinations/ParserGrammarCorpusTest.AcceptsValidGrammar/Case2242_expr (0 ms)
[ RUN      ] GrammarCombinations/ParserGrammarCorpusTest.AcceptsValidGrammar/Case2243_type_expr
[       OK ] GrammarCombinations/ParserGrammarCorpusTest.AcceptsValidGrammar/Case2243_type_expr (0 ms)
[ RUN      ] GrammarCombinations/ParserGrammarCorpusTest.AcceptsValidGrammar/Case2244_pattern
[       OK ] GrammarCombinations/ParserGrammarCorpusTest.AcceptsValidGrammar/Case2244_pattern (0 ms)
[ RUN      ] GrammarCombinations/ParserGrammarCorpusTest.AcceptsValidGrammar/Case2245_binding_pattern
[       OK ] GrammarCombinations/ParserGrammarCorpusTest.AcceptsValidGrammar/Case2245_binding_pattern (0 ms)
[ RUN      ] GrammarCombinations/ParserGrammarCorpusTest.AcceptsValidGrammar/Case2246_decl
[       OK ] GrammarCombinations/ParserGrammarCorpusTest.AcceptsValidGrammar/Case2246_decl (0 ms)
[ RUN      ] GrammarCombinations/ParserGrammarCorpusTest.AcceptsValidGrammar/Case2247_for_header
[       OK ] GrammarCombinations/ParserGrammarCorpusTest.AcceptsValidGrammar/Case2247_for_header (0 ms)
[ RUN      ] GrammarCombinations/ParserGrammarCorpusTest.AcceptsValidGrammar/Case2248_stmt
[       OK ] GrammarCombinations/ParserGrammarCorpusTest.AcceptsValidGrammar/Case2248_stmt (0 ms)
[ RUN      ] GrammarCombinations/ParserGrammarCorpusTest.AcceptsValidGrammar/Case2249_expr
[       OK ] GrammarCombinations/ParserGrammarCorpusTest.AcceptsValidGrammar/Case2249_expr (0 ms)
[ RUN      ] GrammarCombinations/ParserGrammarCorpusTest.AcceptsValidGrammar/Case2250_expr
[       OK ] GrammarCombinations/ParserGrammarCorpusTest.AcceptsValidGrammar/Case2250_expr (0 ms)
[ RUN      ] GrammarCombinations/ParserGrammarCorpusTest.AcceptsValidGrammar/Case2251_type_expr
[       OK ] GrammarCombinations/ParserGrammarCorpusTest.AcceptsValidGrammar/Case2251_type_expr (0 ms)
[ RUN      ] GrammarCombinations/ParserGrammarCorpusTest.AcceptsValidGrammar/Case2252_pattern
[       OK ] GrammarCombinations/ParserGrammarCorpusTest.AcceptsValidGrammar/Case2252_pattern (0 ms)
[ RUN      ] GrammarCombinations/ParserGrammarCorpusTest.AcceptsValidGrammar/Case2253_binding_pattern
[       OK ] GrammarCombinations/ParserGrammarCorpusTest.AcceptsValidGrammar/Case2253_binding_pattern (0 ms)
[ RUN      ] GrammarCombinations/ParserGrammarCorpusTest.AcceptsValidGrammar/Case2254_decl
[       OK ] GrammarCombinations/ParserGrammarCorpusTest.AcceptsValidGrammar/Case2254_decl (0 ms)
[ RUN      ] GrammarCombinations/ParserGrammarCorpusTest.AcceptsValidGrammar/Case2255_for_header
[       OK ] GrammarCombinations/ParserGrammarCorpusTest.AcceptsValidGrammar/Case2255_for_header (0 ms)
[ RUN      ] GrammarCombinations/ParserGrammarCorpusTest.AcceptsValidGrammar/Case2256_stmt
[       OK ] GrammarCombinations/ParserGrammarCorpusTest.AcceptsValidGrammar/Case2256_stmt (0 ms)
[ RUN      ] GrammarCombinations/ParserGrammarCorpusTest.AcceptsValidGrammar/Case2257_expr
[       OK ] GrammarCombinations/ParserGrammarCorpusTest.AcceptsValidGrammar/Case2257_expr (0 ms)
[ RUN      ] GrammarCombinations/ParserGrammarCorpusTest.AcceptsValidGrammar/Case2258_expr
[       OK ] GrammarCombinations/ParserGrammarCorpusTest.AcceptsValidGrammar/Case2258_expr (0 ms)
[ RUN      ] GrammarCombinations/ParserGrammarCorpusTest.AcceptsValidGrammar/Case2259_type_expr
[       OK ] GrammarCombinations/ParserGrammarCorpusTest.AcceptsValidGrammar/Case2259_type_expr (0 ms)
[ RUN      ] GrammarCombinations/ParserGrammarCorpusTest.AcceptsValidGrammar/Case2260_pattern
[       OK ] GrammarCombinations/ParserGrammarCorpusTest.AcceptsValidGrammar/Case2260_pattern (0 ms)
[ RUN      ] GrammarCombinations/ParserGrammarCorpusTest.AcceptsValidGrammar/Case2261_binding_pattern
[       OK ] GrammarCombinations/ParserGrammarCorpusTest.AcceptsValidGrammar/Case2261_binding_pattern (0 ms)
[ RUN      ] GrammarCombinations/ParserGrammarCorpusTest.AcceptsValidGrammar/Case2262_decl
[       OK ] GrammarCombinations/ParserGrammarCorpusTest.AcceptsValidGrammar/Case2262_decl (0 ms)
[ RUN      ] GrammarCombinations/ParserGrammarCorpusTest.AcceptsValidGrammar/Case2263_for_header
[       OK ] GrammarCombinations/ParserGrammarCorpusTest.AcceptsValidGrammar/Case2263_for_header (0 ms)
[ RUN      ] GrammarCombinations/ParserGrammarCorpusTest.AcceptsValidGrammar/Case2264_stmt
[       OK ] GrammarCombinations/ParserGrammarCorpusTest.AcceptsValidGrammar/Case2264_stmt (0 ms)
[ RUN      ] GrammarCombinations/ParserGrammarCorpusTest.AcceptsValidGrammar/Case2265_expr
[       OK ] GrammarCombinations/ParserGrammarCorpusTest.AcceptsValidGrammar/Case2265_expr (0 ms)
[ RUN      ] GrammarCombinations/ParserGrammarCorpusTest.AcceptsValidGrammar/Case2266_expr
[       OK ] GrammarCombinations/ParserGrammarCorpusTest.AcceptsValidGrammar/Case2266_expr (0 ms)
[ RUN      ] GrammarCombinations/ParserGrammarCorpusTest.AcceptsValidGrammar/Case2267_type_expr
[       OK ] GrammarCombinations/ParserGrammarCorpusTest.AcceptsValidGrammar/Case2267_type_expr (0 ms)
[ RUN      ] GrammarCombinations/ParserGrammarCorpusTest.AcceptsValidGrammar/Case2268_pattern
[       OK ] GrammarCombinations/ParserGrammarCorpusTest.AcceptsValidGrammar/Case2268_pattern (0 ms)
[ RUN      ] GrammarCombinations/ParserGrammarCorpusTest.AcceptsValidGrammar/Case2269_binding_pattern
[       OK ] GrammarCombinations/ParserGrammarCorpusTest.AcceptsValidGrammar/Case2269_binding_pattern (0 ms)
[ RUN      ] GrammarCombinations/ParserGrammarCorpusTest.AcceptsValidGrammar/Case2270_decl
[       OK ] GrammarCombinations/ParserGrammarCorpusTest.AcceptsValidGrammar/Case2270_decl (0 ms)
[ RUN      ] GrammarCombinations/ParserGrammarCorpusTest.AcceptsValidGrammar/Case2271_for_header
[       OK ] GrammarCombinations/ParserGrammarCorpusTest.AcceptsValidGrammar/Case2271_for_header (0 ms)
[ RUN      ] GrammarCombinations/ParserGrammarCorpusTest.AcceptsValidGrammar/Case2272_stmt
[       OK ] GrammarCombinations/ParserGrammarCorpusTest.AcceptsValidGrammar/Case2272_stmt (0 ms)
[ RUN      ] GrammarCombinations/ParserGrammarCorpusTest.AcceptsValidGrammar/Case2273_expr
[       OK ] GrammarCombinations/ParserGrammarCorpusTest.AcceptsValidGrammar/Case2273_expr (0 ms)
[ RUN      ] GrammarCombinations/ParserGrammarCorpusTest.AcceptsValidGrammar/Case2274_expr
[       OK ] GrammarCombinations/ParserGrammarCorpusTest.AcceptsValidGrammar/Case2274_expr (0 ms)
[ RUN      ] GrammarCombinations/ParserGrammarCorpusTest.AcceptsValidGrammar/Case2275_type_expr
[       OK ] GrammarCombinations/ParserGrammarCorpusTest.AcceptsValidGrammar/Case2275_type_expr (0 ms)
[ RUN      ] GrammarCombinations/ParserGrammarCorpusTest.AcceptsValidGrammar/Case2276_pattern
[       OK ] GrammarCombinations/ParserGrammarCorpusTest.AcceptsValidGrammar/Case2276_pattern (0 ms)
[ RUN      ] GrammarCombinations/ParserGrammarCorpusTest.AcceptsValidGrammar/Case2277_binding_pattern
[       OK ] GrammarCombinations/ParserGrammarCorpusTest.AcceptsValidGrammar/Case2277_binding_pattern (0 ms)
[ RUN      ] GrammarCombinations/ParserGrammarCorpusTest.AcceptsValidGrammar/Case2278_decl
[       OK ] GrammarCombinations/ParserGrammarCorpusTest.AcceptsValidGrammar/Case2278_decl (0 ms)
[ RUN      ] GrammarCombinations/ParserGrammarCorpusTest.AcceptsValidGrammar/Case2279_for_header
[       OK ] GrammarCombinations/ParserGrammarCorpusTest.AcceptsValidGrammar/Case2279_for_header (0 ms)
[ RUN      ] GrammarCombinations/ParserGrammarCorpusTest.AcceptsValidGrammar/Case2280_stmt
[       OK ] GrammarCombinations/ParserGrammarCorpusTest.AcceptsValidGrammar/Case2280_stmt (0 ms)
[ RUN      ] GrammarCombinations/ParserGrammarCorpusTest.AcceptsValidGrammar/Case2281_expr
[       OK ] GrammarCombinations/ParserGrammarCorpusTest.AcceptsValidGrammar/Case2281_expr (0 ms)
[ RUN      ] GrammarCombinations/ParserGrammarCorpusTest.AcceptsValidGrammar/Case2282_expr
[       OK ] GrammarCombinations/ParserGrammarCorpusTest.AcceptsValidGrammar/Case2282_expr (0 ms)
[ RUN      ] GrammarCombinations/ParserGrammarCorpusTest.AcceptsValidGrammar/Case2283_type_expr
[       OK ] GrammarCombinations/ParserGrammarCorpusTest.AcceptsValidGrammar/Case2283_type_expr (0 ms)
[ RUN      ] GrammarCombinations/ParserGrammarCorpusTest.AcceptsValidGrammar/Case2284_pattern
[       OK ] GrammarCombinations/ParserGrammarCorpusTest.AcceptsValidGrammar/Case2284_pattern (0 ms)
[ RUN      ] GrammarCombinations/ParserGrammarCorpusTest.AcceptsValidGrammar/Case2285_binding_pattern
[       OK ] GrammarCombinations/ParserGrammarCorpusTest.AcceptsValidGrammar/Case2285_binding_pattern (0 ms)
[ RUN      ] GrammarCombinations/ParserGrammarCorpusTest.AcceptsValidGrammar/Case2286_decl
[       OK ] GrammarCombinations/ParserGrammarCorpusTest.AcceptsValidGrammar/Case2286_decl (0 ms)
[ RUN      ] GrammarCombinations/ParserGrammarCorpusTest.AcceptsValidGrammar/Case2287_for_header
[       OK ] GrammarCombinations/ParserGrammarCorpusTest.AcceptsValidGrammar/Case2287_for_header (0 ms)
[ RUN      ] GrammarCombinations/ParserGrammarCorpusTest.AcceptsValidGrammar/Case2288_stmt
[       OK ] GrammarCombinations/ParserGrammarCorpusTest.AcceptsValidGrammar/Case2288_stmt (0 ms)
[ RUN      ] GrammarCombinations/ParserGrammarCorpusTest.AcceptsValidGrammar/Case2289_expr
[       OK ] GrammarCombinations/ParserGrammarCorpusTest.AcceptsValidGrammar/Case2289_expr (0 ms)
[ RUN      ] GrammarCombinations/ParserGrammarCorpusTest.AcceptsValidGrammar/Case2290_expr
[       OK ] GrammarCombinations/ParserGrammarCorpusTest.AcceptsValidGrammar/Case2290_expr (0 ms)
[ RUN      ] GrammarCombinations/ParserGrammarCorpusTest.AcceptsValidGrammar/Case2291_type_expr
[       OK ] GrammarCombinations/ParserGrammarCorpusTest.AcceptsValidGrammar/Case2291_type_expr (0 ms)
[ RUN      ] GrammarCombinations/ParserGrammarCorpusTest.AcceptsValidGrammar/Case2292_pattern
[       OK ] GrammarCombinations/ParserGrammarCorpusTest.AcceptsValidGrammar/Case2292_pattern (0 ms)
[ RUN      ] GrammarCombinations/ParserGrammarCorpusTest.AcceptsValidGrammar/Case2293_binding_pattern
[       OK ] GrammarCombinations/ParserGrammarCorpusTest.AcceptsValidGrammar/Case2293_binding_pattern (0 ms)
[ RUN      ] GrammarCombinations/ParserGrammarCorpusTest.AcceptsValidGrammar/Case2294_decl
[       OK ] GrammarCombinations/ParserGrammarCorpusTest.AcceptsValidGrammar/Case2294_decl (0 ms)
[ RUN      ] GrammarCombinations/ParserGrammarCorpusTest.AcceptsValidGrammar/Case2295_for_header
[       OK ] GrammarCombinations/ParserGrammarCorpusTest.AcceptsValidGrammar/Case2295_for_header (0 ms)
[ RUN      ] GrammarCombinations/ParserGrammarCorpusTest.AcceptsValidGrammar/Case2296_stmt
[       OK ] GrammarCombinations/ParserGrammarCorpusTest.AcceptsValidGrammar/Case2296_stmt (0 ms)
[ RUN      ] GrammarCombinations/ParserGrammarCorpusTest.AcceptsValidGrammar/Case2297_expr
[       OK ] GrammarCombinations/ParserGrammarCorpusTest.AcceptsValidGrammar/Case2297_expr (0 ms)
[ RUN      ] GrammarCombinations/ParserGrammarCorpusTest.AcceptsValidGrammar/Case2298_expr
[       OK ] GrammarCombinations/ParserGrammarCorpusTest.AcceptsValidGrammar/Case2298_expr (0 ms)
[ RUN      ] GrammarCombinations/ParserGrammarCorpusTest.AcceptsValidGrammar/Case2299_type_expr
[       OK ] GrammarCombinations/ParserGrammarCorpusTest.AcceptsValidGrammar/Case2299_type_expr (0 ms)
[ RUN      ] GrammarCombinations/ParserGrammarCorpusTest.AcceptsValidGrammar/Case2300_pattern
[       OK ] GrammarCombinations/ParserGrammarCorpusTest.AcceptsValidGrammar/Case2300_pattern (0 ms)
[ RUN      ] GrammarCombinations/ParserGrammarCorpusTest.AcceptsValidGrammar/Case2301_binding_pattern
[       OK ] GrammarCombinations/ParserGrammarCorpusTest.AcceptsValidGrammar/Case2301_binding_pattern (0 ms)
[ RUN      ] GrammarCombinations/ParserGrammarCorpusTest.AcceptsValidGrammar/Case2302_decl
[       OK ] GrammarCombinations/ParserGrammarCorpusTest.AcceptsValidGrammar/Case2302_decl (0 ms)
[ RUN      ] GrammarCombinations/ParserGrammarCorpusTest.AcceptsValidGrammar/Case2303_for_header
[       OK ] GrammarCombinations/ParserGrammarCorpusTest.AcceptsValidGrammar/Case2303_for_header (0 ms)
[ RUN      ] GrammarCombinations/ParserGrammarCorpusTest.AcceptsValidGrammar/Case2304_stmt
[       OK ] GrammarCombinations/ParserGrammarCorpusTest.AcceptsValidGrammar/Case2304_stmt (0 ms)
[ RUN      ] GrammarCombinations/ParserGrammarCorpusTest.AcceptsValidGrammar/Case2305_expr
[       OK ] GrammarCombinations/ParserGrammarCorpusTest.AcceptsValidGrammar/Case2305_expr (0 ms)
[ RUN      ] GrammarCombinations/ParserGrammarCorpusTest.AcceptsValidGrammar/Case2306_expr
[       OK ] GrammarCombinations/ParserGrammarCorpusTest.AcceptsValidGrammar/Case2306_expr (0 ms)
[ RUN      ] GrammarCombinations/ParserGrammarCorpusTest.AcceptsValidGrammar/Case2307_type_expr
[       OK ] GrammarCombinations/ParserGrammarCorpusTest.AcceptsValidGrammar/Case2307_type_expr (0 ms)
[ RUN      ] GrammarCombinations/ParserGrammarCorpusTest.AcceptsValidGrammar/Case2308_pattern
[       OK ] GrammarCombinations/ParserGrammarCorpusTest.AcceptsValidGrammar/Case2308_pattern (0 ms)
[ RUN      ] GrammarCombinations/ParserGrammarCorpusTest.AcceptsValidGrammar/Case2309_binding_pattern
[       OK ] GrammarCombinations/ParserGrammarCorpusTest.AcceptsValidGrammar/Case2309_binding_pattern (0 ms)
[ RUN      ] GrammarCombinations/ParserGrammarCorpusTest.AcceptsValidGrammar/Case2310_decl
[       OK ] GrammarCombinations/ParserGrammarCorpusTest.AcceptsValidGrammar/Case2310_decl (0 ms)
[ RUN      ] GrammarCombinations/ParserGrammarCorpusTest.AcceptsValidGrammar/Case2311_for_header
[       OK ] GrammarCombinations/ParserGrammarCorpusTest.AcceptsValidGrammar/Case2311_for_header (0 ms)
[ RUN      ] GrammarCombinations/ParserGrammarCorpusTest.AcceptsValidGrammar/Case2312_stmt
[       OK ] GrammarCombinations/ParserGrammarCorpusTest.AcceptsValidGrammar/Case2312_stmt (0 ms)
[ RUN      ] GrammarCombinations/ParserGrammarCorpusTest.AcceptsValidGrammar/Case2313_expr
[       OK ] GrammarCombinations/ParserGrammarCorpusTest.AcceptsValidGrammar/Case2313_expr (0 ms)
[ RUN      ] GrammarCombinations/ParserGrammarCorpusTest.AcceptsValidGrammar/Case2314_expr
[       OK ] GrammarCombinations/ParserGrammarCorpusTest.AcceptsValidGrammar/Case2314_expr (0 ms)
[ RUN      ] GrammarCombinations/ParserGrammarCorpusTest.AcceptsValidGrammar/Case2315_type_expr
[       OK ] GrammarCombinations/ParserGrammarCorpusTest.AcceptsValidGrammar/Case2315_type_expr (0 ms)
[ RUN      ] GrammarCombinations/ParserGrammarCorpusTest.AcceptsValidGrammar/Case2316_pattern
[       OK ] GrammarCombinations/ParserGrammarCorpusTest.AcceptsValidGrammar/Case2316_pattern (0 ms)
[ RUN      ] GrammarCombinations/ParserGrammarCorpusTest.AcceptsValidGrammar/Case2317_binding_pattern
[       OK ] GrammarCombinations/ParserGrammarCorpusTest.AcceptsValidGrammar/Case2317_binding_pattern (0 ms)
[ RUN      ] GrammarCombinations/ParserGrammarCorpusTest.AcceptsValidGrammar/Case2318_decl
[       OK ] GrammarCombinations/ParserGrammarCorpusTest.AcceptsValidGrammar/Case2318_decl (0 ms)
[ RUN      ] GrammarCombinations/ParserGrammarCorpusTest.AcceptsValidGrammar/Case2319_for_header
[       OK ] GrammarCombinations/ParserGrammarCorpusTest.AcceptsValidGrammar/Case2319_for_header (0 ms)
[ RUN      ] GrammarCombinations/ParserGrammarCorpusTest.AcceptsValidGrammar/Case2320_stmt
[       OK ] GrammarCombinations/ParserGrammarCorpusTest.AcceptsValidGrammar/Case2320_stmt (0 ms)
[ RUN      ] GrammarCombinations/ParserGrammarCorpusTest.AcceptsValidGrammar/Case2321_expr
[       OK ] GrammarCombinations/ParserGrammarCorpusTest.AcceptsValidGrammar/Case2321_expr (0 ms)
[ RUN      ] GrammarCombinations/ParserGrammarCorpusTest.AcceptsValidGrammar/Case2322_expr
[       OK ] GrammarCombinations/ParserGrammarCorpusTest.AcceptsValidGrammar/Case2322_expr (0 ms)
[ RUN      ] GrammarCombinations/ParserGrammarCorpusTest.AcceptsValidGrammar/Case2323_type_expr
[       OK ] GrammarCombinations/ParserGrammarCorpusTest.AcceptsValidGrammar/Case2323_type_expr (0 ms)
[ RUN      ] GrammarCombinations/ParserGrammarCorpusTest.AcceptsValidGrammar/Case2324_pattern
[       OK ] GrammarCombinations/ParserGrammarCorpusTest.AcceptsValidGrammar/Case2324_pattern (0 ms)
[ RUN      ] GrammarCombinations/ParserGrammarCorpusTest.AcceptsValidGrammar/Case2325_binding_pattern
[       OK ] GrammarCombinations/ParserGrammarCorpusTest.AcceptsValidGrammar/Case2325_binding_pattern (0 ms)
[ RUN      ] GrammarCombinations/ParserGrammarCorpusTest.AcceptsValidGrammar/Case2326_decl
[       OK ] GrammarCombinations/ParserGrammarCorpusTest.AcceptsValidGrammar/Case2326_decl (0 ms)
[ RUN      ] GrammarCombinations/ParserGrammarCorpusTest.AcceptsValidGrammar/Case2327_for_header
[       OK ] GrammarCombinations/ParserGrammarCorpusTest.AcceptsValidGrammar/Case2327_for_header (0 ms)
[ RUN      ] GrammarCombinations/ParserGrammarCorpusTest.AcceptsValidGrammar/Case2328_stmt
[       OK ] GrammarCombinations/ParserGrammarCorpusTest.AcceptsValidGrammar/Case2328_stmt (0 ms)
[ RUN      ] GrammarCombinations/ParserGrammarCorpusTest.AcceptsValidGrammar/Case2329_expr
[       OK ] GrammarCombinations/ParserGrammarCorpusTest.AcceptsValidGrammar/Case2329_expr (0 ms)
[ RUN      ] GrammarCombinations/ParserGrammarCorpusTest.AcceptsValidGrammar/Case2330_expr
[       OK ] GrammarCombinations/ParserGrammarCorpusTest.AcceptsValidGrammar/Case2330_expr (0 ms)
[ RUN      ] GrammarCombinations/ParserGrammarCorpusTest.AcceptsValidGrammar/Case2331_type_expr
[       OK ] GrammarCombinations/ParserGrammarCorpusTest.AcceptsValidGrammar/Case2331_type_expr (0 ms)
[ RUN      ] GrammarCombinations/ParserGrammarCorpusTest.AcceptsValidGrammar/Case2332_pattern
[       OK ] GrammarCombinations/ParserGrammarCorpusTest.AcceptsValidGrammar/Case2332_pattern (0 ms)
[ RUN      ] GrammarCombinations/ParserGrammarCorpusTest.AcceptsValidGrammar/Case2333_binding_pattern
[       OK ] GrammarCombinations/ParserGrammarCorpusTest.AcceptsValidGrammar/Case2333_binding_pattern (0 ms)
[ RUN      ] GrammarCombinations/ParserGrammarCorpusTest.AcceptsValidGrammar/Case2334_decl
[       OK ] GrammarCombinations/ParserGrammarCorpusTest.AcceptsValidGrammar/Case2334_decl (0 ms)
[ RUN      ] GrammarCombinations/ParserGrammarCorpusTest.AcceptsValidGrammar/Case2335_for_header
[       OK ] GrammarCombinations/ParserGrammarCorpusTest.AcceptsValidGrammar/Case2335_for_header (0 ms)
[ RUN      ] GrammarCombinations/ParserGrammarCorpusTest.AcceptsValidGrammar/Case2336_stmt
[       OK ] GrammarCombinations/ParserGrammarCorpusTest.AcceptsValidGrammar/Case2336_stmt (0 ms)
[ RUN      ] GrammarCombinations/ParserGrammarCorpusTest.AcceptsValidGrammar/Case2337_expr
[       OK ] GrammarCombinations/ParserGrammarCorpusTest.AcceptsValidGrammar/Case2337_expr (0 ms)
[ RUN      ] GrammarCombinations/ParserGrammarCorpusTest.AcceptsValidGrammar/Case2338_expr
[       OK ] GrammarCombinations/ParserGrammarCorpusTest.AcceptsValidGrammar/Case2338_expr (0 ms)
[ RUN      ] GrammarCombinations/ParserGrammarCorpusTest.AcceptsValidGrammar/Case2339_type_expr
[       OK ] GrammarCombinations/ParserGrammarCorpusTest.AcceptsValidGrammar/Case2339_type_expr (0 ms)
[ RUN      ] GrammarCombinations/ParserGrammarCorpusTest.AcceptsValidGrammar/Case2340_pattern
[       OK ] GrammarCombinations/ParserGrammarCorpusTest.AcceptsValidGrammar/Case2340_pattern (0 ms)
[ RUN      ] GrammarCombinations/ParserGrammarCorpusTest.AcceptsValidGrammar/Case2341_binding_pattern
[       OK ] GrammarCombinations/ParserGrammarCorpusTest.AcceptsValidGrammar/Case2341_binding_pattern (0 ms)
[ RUN      ] GrammarCombinations/ParserGrammarCorpusTest.AcceptsValidGrammar/Case2342_decl
[       OK ] GrammarCombinations/ParserGrammarCorpusTest.AcceptsValidGrammar/Case2342_decl (0 ms)
[ RUN      ] GrammarCombinations/ParserGrammarCorpusTest.AcceptsValidGrammar/Case2343_for_header
[       OK ] GrammarCombinations/ParserGrammarCorpusTest.AcceptsValidGrammar/Case2343_for_header (0 ms)
[ RUN      ] GrammarCombinations/ParserGrammarCorpusTest.AcceptsValidGrammar/Case2344_stmt
[       OK ] GrammarCombinations/ParserGrammarCorpusTest.AcceptsValidGrammar/Case2344_stmt (0 ms)
[ RUN      ] GrammarCombinations/ParserGrammarCorpusTest.AcceptsValidGrammar/Case2345_expr
[       OK ] GrammarCombinations/ParserGrammarCorpusTest.AcceptsValidGrammar/Case2345_expr (0 ms)
[ RUN      ] GrammarCombinations/ParserGrammarCorpusTest.AcceptsValidGrammar/Case2346_expr
[       OK ] GrammarCombinations/ParserGrammarCorpusTest.AcceptsValidGrammar/Case2346_expr (0 ms)
[ RUN      ] GrammarCombinations/ParserGrammarCorpusTest.AcceptsValidGrammar/Case2347_type_expr
[       OK ] GrammarCombinations/ParserGrammarCorpusTest.AcceptsValidGrammar/Case2347_type_expr (0 ms)
[ RUN      ] GrammarCombinations/ParserGrammarCorpusTest.AcceptsValidGrammar/Case2348_pattern
[       OK ] GrammarCombinations/ParserGrammarCorpusTest.AcceptsValidGrammar/Case2348_pattern (0 ms)
[ RUN      ] GrammarCombinations/ParserGrammarCorpusTest.AcceptsValidGrammar/Case2349_binding_pattern
[       OK ] GrammarCombinations/ParserGrammarCorpusTest.AcceptsValidGrammar/Case2349_binding_pattern (0 ms)
[ RUN      ] GrammarCombinations/ParserGrammarCorpusTest.AcceptsValidGrammar/Case2350_decl
[       OK ] GrammarCombinations/ParserGrammarCorpusTest.AcceptsValidGrammar/Case2350_decl (0 ms)
[ RUN      ] GrammarCombinations/ParserGrammarCorpusTest.AcceptsValidGrammar/Case2351_for_header
[       OK ] GrammarCombinations/ParserGrammarCorpusTest.AcceptsValidGrammar/Case2351_for_header (0 ms)
[ RUN      ] GrammarCombinations/ParserGrammarCorpusTest.AcceptsValidGrammar/Case2352_stmt
[       OK ] GrammarCombinations/ParserGrammarCorpusTest.AcceptsValidGrammar/Case2352_stmt (0 ms)
[ RUN      ] GrammarCombinations/ParserGrammarCorpusTest.AcceptsValidGrammar/Case2353_expr
[       OK ] GrammarCombinations/ParserGrammarCorpusTest.AcceptsValidGrammar/Case2353_expr (0 ms)
[ RUN      ] GrammarCombinations/ParserGrammarCorpusTest.AcceptsValidGrammar/Case2354_expr
[       OK ] GrammarCombinations/ParserGrammarCorpusTest.AcceptsValidGrammar/Case2354_expr (0 ms)
[ RUN      ] GrammarCombinations/ParserGrammarCorpusTest.AcceptsValidGrammar/Case2355_type_expr
[       OK ] GrammarCombinations/ParserGrammarCorpusTest.AcceptsValidGrammar/Case2355_type_expr (0 ms)
[ RUN      ] GrammarCombinations/ParserGrammarCorpusTest.AcceptsValidGrammar/Case2356_pattern
[       OK ] GrammarCombinations/ParserGrammarCorpusTest.AcceptsValidGrammar/Case2356_pattern (0 ms)
[ RUN      ] GrammarCombinations/ParserGrammarCorpusTest.AcceptsValidGrammar/Case2357_binding_pattern
[       OK ] GrammarCombinations/ParserGrammarCorpusTest.AcceptsValidGrammar/Case2357_binding_pattern (0 ms)
[ RUN      ] GrammarCombinations/ParserGrammarCorpusTest.AcceptsValidGrammar/Case2358_decl
[       OK ] GrammarCombinations/ParserGrammarCorpusTest.AcceptsValidGrammar/Case2358_decl (0 ms)
[ RUN      ] GrammarCombinations/ParserGrammarCorpusTest.AcceptsValidGrammar/Case2359_for_header
[       OK ] GrammarCombinations/ParserGrammarCorpusTest.AcceptsValidGrammar/Case2359_for_header (0 ms)
[ RUN      ] GrammarCombinations/ParserGrammarCorpusTest.AcceptsValidGrammar/Case2360_stmt
[       OK ] GrammarCombinations/ParserGrammarCorpusTest.AcceptsValidGrammar/Case2360_stmt (0 ms)
[ RUN      ] GrammarCombinations/ParserGrammarCorpusTest.AcceptsValidGrammar/Case2361_expr
[       OK ] GrammarCombinations/ParserGrammarCorpusTest.AcceptsValidGrammar/Case2361_expr (0 ms)
[ RUN      ] GrammarCombinations/ParserGrammarCorpusTest.AcceptsValidGrammar/Case2362_expr
[       OK ] GrammarCombinations/ParserGrammarCorpusTest.AcceptsValidGrammar/Case2362_expr (0 ms)
[ RUN      ] GrammarCombinations/ParserGrammarCorpusTest.AcceptsValidGrammar/Case2363_type_expr
[       OK ] GrammarCombinations/ParserGrammarCorpusTest.AcceptsValidGrammar/Case2363_type_expr (0 ms)
[ RUN      ] GrammarCombinations/ParserGrammarCorpusTest.AcceptsValidGrammar/Case2364_pattern
[       OK ] GrammarCombinations/ParserGrammarCorpusTest.AcceptsValidGrammar/Case2364_pattern (0 ms)
[ RUN      ] GrammarCombinations/ParserGrammarCorpusTest.AcceptsValidGrammar/Case2365_binding_pattern
[       OK ] GrammarCombinations/ParserGrammarCorpusTest.AcceptsValidGrammar/Case2365_binding_pattern (0 ms)
[ RUN      ] GrammarCombinations/ParserGrammarCorpusTest.AcceptsValidGrammar/Case2366_decl
[       OK ] GrammarCombinations/ParserGrammarCorpusTest.AcceptsValidGrammar/Case2366_decl (0 ms)
[ RUN      ] GrammarCombinations/ParserGrammarCorpusTest.AcceptsValidGrammar/Case2367_for_header
[       OK ] GrammarCombinations/ParserGrammarCorpusTest.AcceptsValidGrammar/Case2367_for_header (0 ms)
[ RUN      ] GrammarCombinations/ParserGrammarCorpusTest.AcceptsValidGrammar/Case2368_stmt
[       OK ] GrammarCombinations/ParserGrammarCorpusTest.AcceptsValidGrammar/Case2368_stmt (0 ms)
[ RUN      ] GrammarCombinations/ParserGrammarCorpusTest.AcceptsValidGrammar/Case2369_expr
[       OK ] GrammarCombinations/ParserGrammarCorpusTest.AcceptsValidGrammar/Case2369_expr (0 ms)
[ RUN      ] GrammarCombinations/ParserGrammarCorpusTest.AcceptsValidGrammar/Case2370_expr
[       OK ] GrammarCombinations/ParserGrammarCorpusTest.AcceptsValidGrammar/Case2370_expr (0 ms)
[ RUN      ] GrammarCombinations/ParserGrammarCorpusTest.AcceptsValidGrammar/Case2371_type_expr
[       OK ] GrammarCombinations/ParserGrammarCorpusTest.AcceptsValidGrammar/Case2371_type_expr (0 ms)
[ RUN      ] GrammarCombinations/ParserGrammarCorpusTest.AcceptsValidGrammar/Case2372_pattern
[       OK ] GrammarCombinations/ParserGrammarCorpusTest.AcceptsValidGrammar/Case2372_pattern (0 ms)
[ RUN      ] GrammarCombinations/ParserGrammarCorpusTest.AcceptsValidGrammar/Case2373_binding_pattern
[       OK ] GrammarCombinations/ParserGrammarCorpusTest.AcceptsValidGrammar/Case2373_binding_pattern (0 ms)
[ RUN      ] GrammarCombinations/ParserGrammarCorpusTest.AcceptsValidGrammar/Case2374_decl
[       OK ] GrammarCombinations/ParserGrammarCorpusTest.AcceptsValidGrammar/Case2374_decl (0 ms)
[ RUN      ] GrammarCombinations/ParserGrammarCorpusTest.AcceptsValidGrammar/Case2375_for_header
[       OK ] GrammarCombinations/ParserGrammarCorpusTest.AcceptsValidGrammar/Case2375_for_header (0 ms)
[ RUN      ] GrammarCombinations/ParserGrammarCorpusTest.AcceptsValidGrammar/Case2376_stmt
[       OK ] GrammarCombinations/ParserGrammarCorpusTest.AcceptsValidGrammar/Case2376_stmt (0 ms)
[ RUN      ] GrammarCombinations/ParserGrammarCorpusTest.AcceptsValidGrammar/Case2377_expr
[       OK ] GrammarCombinations/ParserGrammarCorpusTest.AcceptsValidGrammar/Case2377_expr (0 ms)
[ RUN      ] GrammarCombinations/ParserGrammarCorpusTest.AcceptsValidGrammar/Case2378_expr
[       OK ] GrammarCombinations/ParserGrammarCorpusTest.AcceptsValidGrammar/Case2378_expr (0 ms)
[ RUN      ] GrammarCombinations/ParserGrammarCorpusTest.AcceptsValidGrammar/Case2379_type_expr
[       OK ] GrammarCombinations/ParserGrammarCorpusTest.AcceptsValidGrammar/Case2379_type_expr (0 ms)
[ RUN      ] GrammarCombinations/ParserGrammarCorpusTest.AcceptsValidGrammar/Case2380_pattern
[       OK ] GrammarCombinations/ParserGrammarCorpusTest.AcceptsValidGrammar/Case2380_pattern (0 ms)
[ RUN      ] GrammarCombinations/ParserGrammarCorpusTest.AcceptsValidGrammar/Case2381_binding_pattern
[       OK ] GrammarCombinations/ParserGrammarCorpusTest.AcceptsValidGrammar/Case2381_binding_pattern (0 ms)
[ RUN      ] GrammarCombinations/ParserGrammarCorpusTest.AcceptsValidGrammar/Case2382_decl
[       OK ] GrammarCombinations/ParserGrammarCorpusTest.AcceptsValidGrammar/Case2382_decl (0 ms)
[ RUN      ] GrammarCombinations/ParserGrammarCorpusTest.AcceptsValidGrammar/Case2383_for_header
[       OK ] GrammarCombinations/ParserGrammarCorpusTest.AcceptsValidGrammar/Case2383_for_header (0 ms)
[ RUN      ] GrammarCombinations/ParserGrammarCorpusTest.AcceptsValidGrammar/Case2384_stmt
[       OK ] GrammarCombinations/ParserGrammarCorpusTest.AcceptsValidGrammar/Case2384_stmt (0 ms)
[ RUN      ] GrammarCombinations/ParserGrammarCorpusTest.AcceptsValidGrammar/Case2385_expr
[       OK ] GrammarCombinations/ParserGrammarCorpusTest.AcceptsValidGrammar/Case2385_expr (0 ms)
[ RUN      ] GrammarCombinations/ParserGrammarCorpusTest.AcceptsValidGrammar/Case2386_expr
[       OK ] GrammarCombinations/ParserGrammarCorpusTest.AcceptsValidGrammar/Case2386_expr (0 ms)
[ RUN      ] GrammarCombinations/ParserGrammarCorpusTest.AcceptsValidGrammar/Case2387_type_expr
[       OK ] GrammarCombinations/ParserGrammarCorpusTest.AcceptsValidGrammar/Case2387_type_expr (0 ms)
[ RUN      ] GrammarCombinations/ParserGrammarCorpusTest.AcceptsValidGrammar/Case2388_pattern
[       OK ] GrammarCombinations/ParserGrammarCorpusTest.AcceptsValidGrammar/Case2388_pattern (0 ms)
[ RUN      ] GrammarCombinations/ParserGrammarCorpusTest.AcceptsValidGrammar/Case2389_binding_pattern
[       OK ] GrammarCombinations/ParserGrammarCorpusTest.AcceptsValidGrammar/Case2389_binding_pattern (0 ms)
[ RUN      ] GrammarCombinations/ParserGrammarCorpusTest.AcceptsValidGrammar/Case2390_decl
[       OK ] GrammarCombinations/ParserGrammarCorpusTest.AcceptsValidGrammar/Case2390_decl (0 ms)
[ RUN      ] GrammarCombinations/ParserGrammarCorpusTest.AcceptsValidGrammar/Case2391_for_header
[       OK ] GrammarCombinations/ParserGrammarCorpusTest.AcceptsValidGrammar/Case2391_for_header (0 ms)
[ RUN      ] GrammarCombinations/ParserGrammarCorpusTest.AcceptsValidGrammar/Case2392_stmt
[       OK ] GrammarCombinations/ParserGrammarCorpusTest.AcceptsValidGrammar/Case2392_stmt (0 ms)
[ RUN      ] GrammarCombinations/ParserGrammarCorpusTest.AcceptsValidGrammar/Case2393_expr
[       OK ] GrammarCombinations/ParserGrammarCorpusTest.AcceptsValidGrammar/Case2393_expr (0 ms)
[ RUN      ] GrammarCombinations/ParserGrammarCorpusTest.AcceptsValidGrammar/Case2394_expr
[       OK ] GrammarCombinations/ParserGrammarCorpusTest.AcceptsValidGrammar/Case2394_expr (0 ms)
[ RUN      ] GrammarCombinations/ParserGrammarCorpusTest.AcceptsValidGrammar/Case2395_type_expr
[       OK ] GrammarCombinations/ParserGrammarCorpusTest.AcceptsValidGrammar/Case2395_type_expr (0 ms)
[ RUN      ] GrammarCombinations/ParserGrammarCorpusTest.AcceptsValidGrammar/Case2396_pattern
[       OK ] GrammarCombinations/ParserGrammarCorpusTest.AcceptsValidGrammar/Case2396_pattern (0 ms)
[ RUN      ] GrammarCombinations/ParserGrammarCorpusTest.AcceptsValidGrammar/Case2397_binding_pattern
[       OK ] GrammarCombinations/ParserGrammarCorpusTest.AcceptsValidGrammar/Case2397_binding_pattern (0 ms)
[ RUN      ] GrammarCombinations/ParserGrammarCorpusTest.AcceptsValidGrammar/Case2398_decl
[       OK ] GrammarCombinations/ParserGrammarCorpusTest.AcceptsValidGrammar/Case2398_decl (0 ms)
[ RUN      ] GrammarCombinations/ParserGrammarCorpusTest.AcceptsValidGrammar/Case2399_for_header
[       OK ] GrammarCombinations/ParserGrammarCorpusTest.AcceptsValidGrammar/Case2399_for_header (0 ms)
[----------] 2400 tests from GrammarCombinations/ParserGrammarCorpusTest (72 ms total)

[----------] Global test environment tear-down
[==========] 3971 tests from 104 test suites ran. (87859 ms total)
[  PASSED  ] 3971 tests.
